# Blender 5.0.1
# www.blender.org
o Mirror.001
v 0.262349 0.045859 -0.069306
v 0.234515 0.045859 -0.136502
v 0.136502 0.045859 -0.234515
v 0.069306 0.045859 -0.262349
v 0.000000 0.045859 -0.307945
v 0.303929 0.045859 -0.078656
v 0.270528 0.045859 -0.159292
v 0.218107 0.045859 -0.218107
v 0.159292 0.045859 -0.270528
v 0.078656 0.045859 -0.303929
v 0.203787 0.032881 0.000000
v 0.190768 0.032881 -0.079019
v 0.000000 0.032881 -0.203787
v 0.000000 0.045859 -0.234147
v 0.165577 0.045859 -0.165577
v 0.234147 0.045859 0.000000
v 0.219281 0.045859 -0.090829
v 0.079019 0.032881 -0.190768
v 0.144099 0.032881 -0.144099
v 0.090829 0.045859 -0.219281
v 0.094869 0.045859 -0.229034
v 0.229034 0.045859 -0.094869
v 0.251760 0.045859 -0.149735
v 0.149735 0.045859 -0.251760
v 0.072143 0.045859 -0.283900
v 0.283900 0.045859 -0.072143
v 0.226197 0.045859 -0.116420
v 0.116420 0.045859 -0.226197
v 0.077624 0.045859 -0.242267
v 0.242267 0.045859 -0.077624
v 0.000000 0.040807 -0.206349
v 0.145911 0.040807 -0.145911
v 0.080012 0.040807 -0.193166
v 0.193166 0.040807 -0.080012
v 0.206349 0.040807 0.000000
v 0.209743 0.040807 -0.086878
v 0.224057 0.040807 0.000000
v 0.158432 0.040807 -0.158432
v 0.086878 0.040807 -0.209743
v 0.000000 0.040807 -0.224057
v 0.000000 0.010314 -0.115043
v 0.100694 0.018568 -0.105664
v 0.000000 0.003275 0.000000
v 0.108464 0.009116 0.000000
v 0.057714 0.045859 -0.283900
v 0.146388 0.045859 -0.224798
v 0.241543 0.045859 -0.159923
v 0.262349 0.045859 -0.055444
v 0.000000 0.045859 -0.317317
v 0.317317 0.045859 0.000000
v 0.317317 0.045859 -0.073844
v 0.274018 0.045859 -0.174775
v 0.224720 0.045859 -0.224720
v 0.174775 0.045859 -0.274018
v 0.073844 0.045859 -0.317317
v 0.061978 0.045859 -0.317317
v 0.184764 0.045859 -0.264158
v 0.264158 0.045859 -0.184764
v 0.317317 0.045859 -0.061978
v 0.254107 0.022854 -0.053703
v 0.254107 0.022854 0.000000
v 0.217736 0.022854 -0.141789
v 0.227148 0.022854 -0.132214
v 0.053703 0.022854 -0.254107
v 0.067128 0.022854 -0.254107
v 0.234656 0.022854 0.000000
v 0.294380 0.022854 -0.060948
v 0.294380 0.022854 0.000000
v 0.251325 0.022854 -0.165132
v 0.262029 0.022854 -0.154288
v 0.060948 0.022854 -0.294380
v 0.076185 0.022854 -0.294380
v 0.194370 0.022854 -0.194370
v 0.180088 0.022854 -0.180088
v 0.243851 0.022854 -0.145031
v 0.254107 0.022854 -0.067128
v 0.274981 0.022854 -0.069876
v 0.274981 0.022854 0.000000
v 0.000000 0.022854 -0.254107
v 0.000000 0.022854 -0.274981
v 0.069876 0.022854 -0.274981
v 0.132214 0.022854 -0.227148
v 0.145031 0.022854 -0.243851
v 0.221839 0.022854 -0.091889
v 0.209735 0.014965 -0.086875
v 0.167706 0.022854 -0.167706
v 0.158320 0.014990 -0.158320
v 0.223817 0.015016 0.000000
v 0.086875 0.014965 -0.209735
v 0.000000 0.015016 -0.223817
v 0.000000 0.022854 -0.234656
v 0.091889 0.022854 -0.221839
v 0.234656 0.022854 -0.075185
v 0.075185 0.022854 -0.234656
v 0.219091 0.022854 -0.112763
v 0.112763 0.022854 -0.219091
v 0.208510 0.022854 -0.208510
v 0.154288 0.022854 -0.262029
v 0.233955 0.022854 -0.154899
v 0.000000 0.022854 -0.294380
v 0.055901 0.022854 -0.274981
v 0.294380 0.022854 -0.076185
v 0.274981 0.022854 -0.055901
v 0.208814 0.022854 -0.123751
v 0.060148 0.022854 -0.234656
v 0.234656 0.022854 -0.060148
v 0.141789 0.022854 -0.217736
v 0.165132 0.022854 -0.251325
v 0.154899 0.022854 -0.233955
v 0.123751 0.022854 -0.208814
v 0.307348 0.022854 -0.060031
v 0.307348 0.022854 0.000000
v 0.255859 0.022854 -0.178959
v 0.265409 0.022854 -0.169284
v 0.060031 0.022854 -0.307348
v 0.071524 0.022854 -0.307348
v 0.000000 0.022854 -0.307348
v 0.178959 0.022854 -0.255859
v 0.217660 0.022854 -0.217660
v 0.169284 0.022854 -0.265409
v 0.307348 0.022854 -0.071524
v 0.193044 -0.013080 -0.079962
v 0.145766 -0.013080 -0.145766
v 0.206131 -0.013080 0.000000
v 0.079962 -0.013080 -0.193044
v 0.000000 -0.013080 -0.206131
v 0.062099 0.045859 -0.242267
v 0.062641 0.045859 -0.307945
v 0.055444 0.045859 -0.262349
v 0.215587 0.045859 -0.127765
v 0.174771 0.045859 -0.260881
v 0.127765 0.045859 -0.215587
v 0.159923 0.045859 -0.241543
v 0.260881 0.045859 -0.174771
v 0.224798 0.045859 -0.146388
v 0.307945 0.045859 -0.062641
v 0.307945 0.045859 0.000000
v 0.242267 0.045859 -0.062099
v 0.283900 0.045859 -0.057714
v 0.016652 0.055514 -0.250288
v 0.000000 0.055514 -0.244877
v 0.000000 0.055514 -0.301537
v 0.016652 0.055514 -0.296126
v 0.026943 0.055514 -0.264453
v 0.026943 0.055514 -0.281961
v 0.189441 0.055514 -0.167982
v 0.175225 0.055514 -0.175225
v 0.197519 0.055514 -0.218978
v 0.211735 0.055514 -0.211735
v 0.167982 0.055514 -0.189442
v 0.170478 0.055514 -0.205200
v 0.181760 0.055514 -0.216482
v 0.218978 0.055514 -0.197519
v 0.205200 0.055514 -0.170478
v 0.216482 0.055514 -0.181760
v 0.294375 0.055514 -0.015450
v 0.299395 0.055514 0.000000
v 0.251846 0.055514 -0.015450
v 0.246826 0.055514 0.000000
v 0.264988 0.055514 -0.024998
v 0.281233 0.055514 -0.024998
v 0.000000 0.055514 -0.266752
v 0.000000 0.055514 -0.279662
v 0.197336 0.055514 -0.197336
v 0.189624 0.055514 -0.189624
v 0.278662 0.055514 0.000000
v 0.267559 0.055514 0.000000
v 0.197629 0.040807 -0.077531
v 0.209744 0.040807 -0.004000
v 0.219344 0.040807 -0.004000
v 0.206615 0.040807 -0.081253
v 0.151140 0.040807 -0.145483
v 0.194567 0.040807 -0.084922
v 0.203554 0.040807 -0.088644
v 0.157928 0.040807 -0.152271
v 0.084922 0.040807 -0.194567
v 0.145483 0.040807 -0.151140
v 0.152271 0.040807 -0.157928
v 0.088644 0.040807 -0.203554
v 0.004000 0.040807 -0.209744
v 0.077531 0.040807 -0.197629
v 0.081253 0.040807 -0.206615
v 0.004000 0.040807 -0.219344
v 0.209744 0.034973 -0.004000
v 0.219344 0.034973 -0.004000
v 0.004000 0.034973 -0.219344
v 0.004000 0.034973 -0.209744
v 0.197629 0.034973 -0.077531
v 0.206615 0.034973 -0.081253
v 0.151140 0.034973 -0.145483
v 0.194567 0.034973 -0.084922
v 0.157928 0.034973 -0.152271
v 0.203554 0.034973 -0.088644
v 0.084922 0.034973 -0.194567
v 0.145483 0.034973 -0.151140
v 0.088644 0.034973 -0.203554
v 0.152271 0.034973 -0.157928
v 0.077531 0.034973 -0.197629
v 0.081253 0.034973 -0.206615
v 0.307945 0.039145 -0.062641
v 0.307945 0.039145 0.000000
v 0.173146 0.039145 -0.173146
v 0.165577 0.039145 -0.165577
v 0.219281 0.039145 -0.090829
v 0.234147 0.039145 0.000000
v 0.090829 0.039145 -0.219281
v 0.000000 0.039145 -0.234147
v 0.000000 0.039145 -0.242267
v 0.215587 0.039145 -0.127765
v 0.062099 0.039145 -0.242267
v 0.242267 0.039145 0.000000
v 0.242267 0.039145 -0.062099
v 0.000000 0.039145 -0.307945
v 0.062641 0.039145 -0.307945
v 0.055444 0.039145 -0.262349
v 0.057714 0.039145 -0.283900
v 0.174771 0.039145 -0.260881
v 0.218107 0.039145 -0.218107
v 0.127765 0.039145 -0.215587
v 0.146388 0.039145 -0.224798
v 0.159923 0.039145 -0.241543
v 0.260881 0.039145 -0.174771
v 0.224798 0.039145 -0.146388
v 0.241543 0.039145 -0.159923
v 0.262349 0.039145 -0.055444
v 0.283900 0.039145 -0.057714
v 0.016652 0.039145 -0.250288
v 0.000000 0.039145 -0.244877
v 0.000000 0.039145 -0.301537
v 0.016652 0.039145 -0.296126
v 0.026943 0.039145 -0.264453
v 0.026943 0.039145 -0.281961
v 0.189441 0.039145 -0.167982
v 0.175225 0.039145 -0.175225
v 0.197519 0.039145 -0.218978
v 0.211735 0.039145 -0.211735
v 0.167982 0.039145 -0.189442
v 0.170478 0.039145 -0.205200
v 0.181760 0.039145 -0.216482
v 0.218978 0.039145 -0.197519
v 0.205200 0.039145 -0.170478
v 0.216482 0.039145 -0.181760
v 0.294375 0.039145 -0.015450
v 0.299395 0.039145 0.000000
v 0.251846 0.039145 -0.015450
v 0.246826 0.039145 0.000000
v 0.264988 0.039145 -0.024998
v 0.281233 0.039145 -0.024998
v 0.202407 -0.004835 -0.083840
v 0.216266 -0.004885 0.000000
v 0.152884 -0.004860 -0.152884
v 0.083840 -0.004835 -0.202407
v 0.000000 -0.004885 -0.216266
v 0.000000 -0.006132 -0.119295
v 0.000000 -0.006132 -0.207913
v 0.114033 -0.006132 0.000000
v 0.000000 -0.006132 0.000000
v 0.209231 -0.006132 0.000000
v 0.072245 -0.006132 -0.164765
v 0.166106 -0.006132 -0.070895
v 0.126851 -0.006132 -0.125533
v 0.031733 -0.006132 -0.119295
v 0.114033 -0.006132 -0.031733
v 0.031733 -0.006132 -0.170959
v 0.031733 -0.006132 -0.031733
v 0.196300 -0.006132 -0.083255
v 0.172189 -0.006132 -0.031733
v 0.149589 -0.006132 -0.148271
v 0.084573 -0.006132 -0.194982
v 0.031733 0.000286 -0.119295
v 0.031733 0.000286 -0.170959
v 0.114033 0.000286 -0.031733
v 0.031733 0.000286 -0.031733
v 0.172189 0.000286 -0.031733
v 0.072245 0.000286 -0.164765
v 0.166106 0.000286 -0.070895
v 0.126851 0.000286 -0.125533
v 0.212392 0.022854 -0.087976
v 0.226791 0.022854 0.000000
v 0.160375 0.022854 -0.160375
v 0.087976 0.022854 -0.212392
v 0.000000 0.022854 -0.226791
v 0.202172 -0.013080 -0.083742
v 0.215878 -0.013080 0.000000
v 0.152658 -0.013080 -0.152658
v 0.083742 -0.013080 -0.202172
v 0.000000 -0.013080 -0.215878
v 0.143530 -0.004860 -0.143530
v 0.148634 0.014990 -0.148634
v 0.081560 0.014965 -0.196903
v 0.078710 -0.004835 -0.190024
v 0.203034 -0.004885 0.000000
v 0.210124 0.015016 0.000000
v 0.196903 0.014965 -0.081560
v 0.190024 -0.004835 -0.078710
v 0.000000 0.015016 -0.210124
v 0.000000 -0.004885 -0.203034
v -0.262349 0.045859 -0.069306
v -0.234515 0.045859 -0.136502
v -0.136502 0.045859 -0.234515
v -0.069306 0.045859 -0.262349
v -0.303929 0.045859 -0.078656
v -0.270528 0.045859 -0.159292
v -0.218107 0.045859 -0.218107
v -0.159292 0.045859 -0.270528
v -0.078656 0.045859 -0.303929
v -0.203787 0.032881 0.000000
v -0.190768 0.032881 -0.079019
v -0.165577 0.045859 -0.165577
v -0.234147 0.045859 0.000000
v -0.219281 0.045859 -0.090829
v -0.079019 0.032881 -0.190768
v -0.144099 0.032881 -0.144099
v -0.090829 0.045859 -0.219281
v -0.094869 0.045859 -0.229034
v -0.229034 0.045859 -0.094869
v -0.251760 0.045859 -0.149735
v -0.149735 0.045859 -0.251760
v -0.072143 0.045859 -0.283900
v -0.283900 0.045859 -0.072143
v -0.226197 0.045859 -0.116420
v -0.116420 0.045859 -0.226197
v -0.077624 0.045859 -0.242267
v -0.242267 0.045859 -0.077624
v -0.145911 0.040807 -0.145911
v -0.080012 0.040807 -0.193166
v -0.193166 0.040807 -0.080012
v -0.206349 0.040807 0.000000
v -0.209743 0.040807 -0.086878
v -0.224057 0.040807 0.000000
v -0.158432 0.040807 -0.158432
v -0.086878 0.040807 -0.209743
v -0.100694 0.018568 -0.105664
v -0.108464 0.009116 0.000000
v -0.057714 0.045859 -0.283900
v -0.146388 0.045859 -0.224798
v -0.241543 0.045859 -0.159923
v -0.262349 0.045859 -0.055444
v -0.317317 0.045859 0.000000
v -0.317317 0.045859 -0.073844
v -0.274018 0.045859 -0.174775
v -0.224720 0.045859 -0.224720
v -0.174775 0.045859 -0.274018
v -0.073844 0.045859 -0.317317
v -0.061978 0.045859 -0.317317
v -0.184764 0.045859 -0.264158
v -0.264158 0.045859 -0.184764
v -0.317317 0.045859 -0.061978
v -0.254107 0.022854 -0.053703
v -0.254107 0.022854 0.000000
v -0.217736 0.022854 -0.141789
v -0.227148 0.022854 -0.132214
v -0.053703 0.022854 -0.254107
v -0.067128 0.022854 -0.254107
v -0.234656 0.022854 0.000000
v -0.294380 0.022854 -0.060948
v -0.294380 0.022854 0.000000
v -0.251325 0.022854 -0.165132
v -0.262029 0.022854 -0.154288
v -0.060948 0.022854 -0.294380
v -0.076185 0.022854 -0.294380
v -0.194370 0.022854 -0.194370
v -0.180088 0.022854 -0.180088
v -0.243851 0.022854 -0.145031
v -0.254107 0.022854 -0.067128
v -0.274981 0.022854 -0.069876
v -0.274981 0.022854 0.000000
v -0.069876 0.022854 -0.274981
v -0.132214 0.022854 -0.227148
v -0.145031 0.022854 -0.243851
v -0.221839 0.022854 -0.091889
v -0.209735 0.014965 -0.086875
v -0.167706 0.022854 -0.167706
v -0.158320 0.014990 -0.158320
v -0.223817 0.015016 0.000000
v -0.086875 0.014965 -0.209735
v -0.091889 0.022854 -0.221839
v -0.234656 0.022854 -0.075185
v -0.075185 0.022854 -0.234656
v -0.219091 0.022854 -0.112763
v -0.112763 0.022854 -0.219091
v -0.208510 0.022854 -0.208510
v -0.154288 0.022854 -0.262029
v -0.233955 0.022854 -0.154899
v -0.055901 0.022854 -0.274981
v -0.294380 0.022854 -0.076185
v -0.274981 0.022854 -0.055901
v -0.208814 0.022854 -0.123751
v -0.060148 0.022854 -0.234656
v -0.234656 0.022854 -0.060148
v -0.141789 0.022854 -0.217736
v -0.165132 0.022854 -0.251325
v -0.154899 0.022854 -0.233955
v -0.123751 0.022854 -0.208814
v -0.307348 0.022854 -0.060031
v -0.307348 0.022854 0.000000
v -0.255859 0.022854 -0.178959
v -0.265409 0.022854 -0.169284
v -0.060031 0.022854 -0.307348
v -0.071524 0.022854 -0.307348
v -0.178959 0.022854 -0.255859
v -0.217660 0.022854 -0.217660
v -0.169284 0.022854 -0.265409
v -0.307348 0.022854 -0.071524
v -0.193044 -0.013080 -0.079962
v -0.145766 -0.013080 -0.145766
v -0.206131 -0.013080 0.000000
v -0.079962 -0.013080 -0.193044
v -0.062099 0.045859 -0.242267
v -0.062641 0.045859 -0.307945
v -0.055444 0.045859 -0.262349
v -0.215587 0.045859 -0.127765
v -0.174771 0.045859 -0.260881
v -0.127765 0.045859 -0.215587
v -0.159923 0.045859 -0.241543
v -0.260881 0.045859 -0.174771
v -0.224798 0.045859 -0.146388
v -0.307945 0.045859 -0.062641
v -0.307945 0.045859 0.000000
v -0.242267 0.045859 -0.062099
v -0.283900 0.045859 -0.057714
v -0.016652 0.055514 -0.250288
v -0.016652 0.055514 -0.296126
v -0.026943 0.055514 -0.264453
v -0.026943 0.055514 -0.281961
v -0.189441 0.055514 -0.167982
v -0.175225 0.055514 -0.175225
v -0.197519 0.055514 -0.218978
v -0.211735 0.055514 -0.211735
v -0.167982 0.055514 -0.189442
v -0.170478 0.055514 -0.205200
v -0.181760 0.055514 -0.216482
v -0.218978 0.055514 -0.197519
v -0.205200 0.055514 -0.170478
v -0.216482 0.055514 -0.181760
v -0.294375 0.055514 -0.015450
v -0.299395 0.055514 0.000000
v -0.251846 0.055514 -0.015450
v -0.246826 0.055514 0.000000
v -0.264988 0.055514 -0.024998
v -0.281233 0.055514 -0.024998
v -0.197336 0.055514 -0.197336
v -0.189624 0.055514 -0.189624
v -0.278662 0.055514 0.000000
v -0.267559 0.055514 0.000000
v -0.197629 0.040807 -0.077531
v -0.209744 0.040807 -0.004000
v -0.219344 0.040807 -0.004000
v -0.206615 0.040807 -0.081253
v -0.151140 0.040807 -0.145483
v -0.194567 0.040807 -0.084922
v -0.203554 0.040807 -0.088644
v -0.157928 0.040807 -0.152271
v -0.084922 0.040807 -0.194567
v -0.145483 0.040807 -0.151140
v -0.152271 0.040807 -0.157928
v -0.088644 0.040807 -0.203554
v -0.004000 0.040807 -0.209744
v -0.077531 0.040807 -0.197629
v -0.081253 0.040807 -0.206615
v -0.004000 0.040807 -0.219344
v -0.209744 0.034973 -0.004000
v -0.219344 0.034973 -0.004000
v -0.004000 0.034973 -0.219344
v -0.004000 0.034973 -0.209744
v -0.197629 0.034973 -0.077531
v -0.206615 0.034973 -0.081253
v -0.151140 0.034973 -0.145483
v -0.194567 0.034973 -0.084922
v -0.157928 0.034973 -0.152271
v -0.203554 0.034973 -0.088644
v -0.084922 0.034973 -0.194567
v -0.145483 0.034973 -0.151140
v -0.088644 0.034973 -0.203554
v -0.152271 0.034973 -0.157928
v -0.077531 0.034973 -0.197629
v -0.081253 0.034973 -0.206615
v -0.307945 0.039145 -0.062641
v -0.307945 0.039145 0.000000
v -0.173146 0.039145 -0.173146
v -0.165577 0.039145 -0.165577
v -0.219281 0.039145 -0.090829
v -0.234147 0.039145 0.000000
v -0.090829 0.039145 -0.219281
v -0.215587 0.039145 -0.127765
v -0.062099 0.039145 -0.242267
v -0.242267 0.039145 0.000000
v -0.242267 0.039145 -0.062099
v -0.062641 0.039145 -0.307945
v -0.055444 0.039145 -0.262349
v -0.057714 0.039145 -0.283900
v -0.174771 0.039145 -0.260881
v -0.218107 0.039145 -0.218107
v -0.127765 0.039145 -0.215587
v -0.146388 0.039145 -0.224798
v -0.159923 0.039145 -0.241543
v -0.260881 0.039145 -0.174771
v -0.224798 0.039145 -0.146388
v -0.241543 0.039145 -0.159923
v -0.262349 0.039145 -0.055444
v -0.283900 0.039145 -0.057714
v -0.016652 0.039145 -0.250288
v -0.016652 0.039145 -0.296126
v -0.026943 0.039145 -0.264453
v -0.026943 0.039145 -0.281961
v -0.189441 0.039145 -0.167982
v -0.175225 0.039145 -0.175225
v -0.197519 0.039145 -0.218978
v -0.211735 0.039145 -0.211735
v -0.167982 0.039145 -0.189442
v -0.170478 0.039145 -0.205200
v -0.181760 0.039145 -0.216482
v -0.218978 0.039145 -0.197519
v -0.205200 0.039145 -0.170478
v -0.216482 0.039145 -0.181760
v -0.294375 0.039145 -0.015450
v -0.299395 0.039145 0.000000
v -0.251846 0.039145 -0.015450
v -0.246826 0.039145 0.000000
v -0.264988 0.039145 -0.024998
v -0.281233 0.039145 -0.024998
v -0.202407 -0.004835 -0.083840
v -0.216266 -0.004885 0.000000
v -0.152884 -0.004860 -0.152884
v -0.083840 -0.004835 -0.202407
v -0.114033 -0.006132 0.000000
v -0.209231 -0.006132 0.000000
v -0.072245 -0.006132 -0.164765
v -0.166106 -0.006132 -0.070895
v -0.126851 -0.006132 -0.125533
v -0.031733 -0.006132 -0.119295
v -0.114033 -0.006132 -0.031733
v -0.031733 -0.006132 -0.170959
v -0.031733 -0.006132 -0.031733
v -0.196300 -0.006132 -0.083255
v -0.172189 -0.006132 -0.031733
v -0.149589 -0.006132 -0.148271
v -0.084573 -0.006132 -0.194982
v -0.031733 0.000286 -0.119295
v -0.031733 0.000286 -0.170959
v -0.114033 0.000286 -0.031733
v -0.031733 0.000286 -0.031733
v -0.172189 0.000286 -0.031733
v -0.072245 0.000286 -0.164765
v -0.166106 0.000286 -0.070895
v -0.126851 0.000286 -0.125533
v -0.212392 0.022854 -0.087976
v -0.226791 0.022854 0.000000
v -0.160375 0.022854 -0.160375
v -0.087976 0.022854 -0.212392
v -0.202172 -0.013080 -0.083742
v -0.215878 -0.013080 0.000000
v -0.152658 -0.013080 -0.152658
v -0.083742 -0.013080 -0.202172
v -0.143530 -0.004860 -0.143530
v -0.148634 0.014990 -0.148634
v -0.081560 0.014965 -0.196903
v -0.078710 -0.004835 -0.190024
v -0.203034 -0.004885 0.000000
v -0.210124 0.015016 0.000000
v -0.196903 0.014965 -0.081560
v -0.190024 -0.004835 -0.078710
v 0.262349 0.045859 0.069306
v 0.234515 0.045859 0.136502
v 0.136502 0.045859 0.234515
v 0.069306 0.045859 0.262349
v 0.000000 0.045859 0.307945
v 0.303929 0.045859 0.078656
v 0.270528 0.045859 0.159292
v 0.218107 0.045859 0.218107
v 0.159292 0.045859 0.270528
v 0.078656 0.045859 0.303929
v 0.190768 0.032881 0.079019
v 0.000000 0.032881 0.203787
v 0.000000 0.045859 0.234147
v 0.165577 0.045859 0.165577
v 0.219281 0.045859 0.090829
v 0.079019 0.032881 0.190768
v 0.144099 0.032881 0.144099
v 0.090829 0.045859 0.219281
v 0.094869 0.045859 0.229034
v 0.229034 0.045859 0.094869
v 0.251760 0.045859 0.149735
v 0.149735 0.045859 0.251760
v 0.072143 0.045859 0.283900
v 0.283900 0.045859 0.072143
v 0.226197 0.045859 0.116420
v 0.116420 0.045859 0.226197
v 0.077624 0.045859 0.242267
v 0.242267 0.045859 0.077624
v 0.000000 0.040807 0.206349
v 0.145911 0.040807 0.145911
v 0.080012 0.040807 0.193166
v 0.193166 0.040807 0.080012
v 0.209743 0.040807 0.086878
v 0.158432 0.040807 0.158432
v 0.086878 0.040807 0.209743
v 0.000000 0.040807 0.224057
v 0.000000 0.010314 0.115043
v 0.100694 0.018568 0.105664
v 0.057714 0.045859 0.283900
v 0.146388 0.045859 0.224798
v 0.241543 0.045859 0.159923
v 0.262349 0.045859 0.055444
v 0.000000 0.045859 0.317317
v 0.317317 0.045859 0.073844
v 0.274018 0.045859 0.174775
v 0.224720 0.045859 0.224720
v 0.174775 0.045859 0.274018
v 0.073844 0.045859 0.317317
v 0.061978 0.045859 0.317317
v 0.184764 0.045859 0.264158
v 0.264158 0.045859 0.184764
v 0.317317 0.045859 0.061978
v 0.254107 0.022854 0.053703
v 0.217736 0.022854 0.141789
v 0.227148 0.022854 0.132214
v 0.053703 0.022854 0.254107
v 0.067128 0.022854 0.254107
v 0.294380 0.022854 0.060948
v 0.251325 0.022854 0.165132
v 0.262029 0.022854 0.154288
v 0.060948 0.022854 0.294380
v 0.076185 0.022854 0.294380
v 0.194370 0.022854 0.194370
v 0.180088 0.022854 0.180088
v 0.243851 0.022854 0.145031
v 0.254107 0.022854 0.067128
v 0.274981 0.022854 0.069876
v 0.000000 0.022854 0.254107
v 0.000000 0.022854 0.274981
v 0.069876 0.022854 0.274981
v 0.132214 0.022854 0.227148
v 0.145031 0.022854 0.243851
v 0.221839 0.022854 0.091889
v 0.209735 0.014965 0.086875
v 0.167706 0.022854 0.167706
v 0.158320 0.014990 0.158320
v 0.086875 0.014965 0.209735
v 0.000000 0.015016 0.223817
v 0.000000 0.022854 0.234656
v 0.091889 0.022854 0.221839
v 0.234656 0.022854 0.075185
v 0.075185 0.022854 0.234656
v 0.219091 0.022854 0.112763
v 0.112763 0.022854 0.219091
v 0.208510 0.022854 0.208510
v 0.154288 0.022854 0.262029
v 0.233955 0.022854 0.154899
v 0.000000 0.022854 0.294380
v 0.055901 0.022854 0.274981
v 0.294380 0.022854 0.076185
v 0.274981 0.022854 0.055901
v 0.208814 0.022854 0.123751
v 0.060148 0.022854 0.234656
v 0.234656 0.022854 0.060148
v 0.141789 0.022854 0.217736
v 0.165132 0.022854 0.251325
v 0.154899 0.022854 0.233955
v 0.123751 0.022854 0.208814
v 0.307348 0.022854 0.060031
v 0.255859 0.022854 0.178959
v 0.265409 0.022854 0.169284
v 0.060031 0.022854 0.307348
v 0.071524 0.022854 0.307348
v 0.000000 0.022854 0.307348
v 0.178959 0.022854 0.255859
v 0.217660 0.022854 0.217660
v 0.169284 0.022854 0.265409
v 0.307348 0.022854 0.071524
v 0.193044 -0.013080 0.079962
v 0.145766 -0.013080 0.145766
v 0.079962 -0.013080 0.193044
v 0.000000 -0.013080 0.206131
v 0.062099 0.045859 0.242267
v 0.062641 0.045859 0.307945
v 0.055444 0.045859 0.262349
v 0.215587 0.045859 0.127765
v 0.174771 0.045859 0.260881
v 0.127765 0.045859 0.215587
v 0.159923 0.045859 0.241543
v 0.260881 0.045859 0.174771
v 0.224798 0.045859 0.146388
v 0.307945 0.045859 0.062641
v 0.242267 0.045859 0.062099
v 0.283900 0.045859 0.057714
v 0.016652 0.055514 0.250288
v 0.000000 0.055514 0.244877
v 0.000000 0.055514 0.301537
v 0.016652 0.055514 0.296126
v 0.026943 0.055514 0.264453
v 0.026943 0.055514 0.281961
v 0.189441 0.055514 0.167982
v 0.175225 0.055514 0.175225
v 0.197519 0.055514 0.218978
v 0.211735 0.055514 0.211735
v 0.167982 0.055514 0.189442
v 0.170478 0.055514 0.205200
v 0.181760 0.055514 0.216482
v 0.218978 0.055514 0.197519
v 0.205200 0.055514 0.170478
v 0.216482 0.055514 0.181760
v 0.294375 0.055514 0.015450
v 0.251846 0.055514 0.015450
v 0.264988 0.055514 0.024998
v 0.281233 0.055514 0.024998
v 0.000000 0.055514 0.266752
v 0.000000 0.055514 0.279662
v 0.197336 0.055514 0.197336
v 0.189624 0.055514 0.189624
v 0.197629 0.040807 0.077531
v 0.209744 0.040807 0.004000
v 0.219344 0.040807 0.004000
v 0.206615 0.040807 0.081253
v 0.151140 0.040807 0.145483
v 0.194567 0.040807 0.084922
v 0.203554 0.040807 0.088644
v 0.157928 0.040807 0.152271
v 0.084922 0.040807 0.194567
v 0.145483 0.040807 0.151140
v 0.152271 0.040807 0.157928
v 0.088644 0.040807 0.203554
v 0.004000 0.040807 0.209744
v 0.077531 0.040807 0.197629
v 0.081253 0.040807 0.206615
v 0.004000 0.040807 0.219344
v 0.209744 0.034973 0.004000
v 0.219344 0.034973 0.004000
v 0.004000 0.034973 0.219344
v 0.004000 0.034973 0.209744
v 0.197629 0.034973 0.077531
v 0.206615 0.034973 0.081253
v 0.151140 0.034973 0.145483
v 0.194567 0.034973 0.084922
v 0.157928 0.034973 0.152271
v 0.203554 0.034973 0.088644
v 0.084922 0.034973 0.194567
v 0.145483 0.034973 0.151140
v 0.088644 0.034973 0.203554
v 0.152271 0.034973 0.157928
v 0.077531 0.034973 0.197629
v 0.081253 0.034973 0.206615
v 0.307945 0.039145 0.062641
v 0.173146 0.039145 0.173146
v 0.165577 0.039145 0.165577
v 0.219281 0.039145 0.090829
v 0.090829 0.039145 0.219281
v 0.000000 0.039145 0.234147
v 0.000000 0.039145 0.242267
v 0.215587 0.039145 0.127765
v 0.062099 0.039145 0.242267
v 0.242267 0.039145 0.062099
v 0.000000 0.039145 0.307945
v 0.062641 0.039145 0.307945
v 0.055444 0.039145 0.262349
v 0.057714 0.039145 0.283900
v 0.174771 0.039145 0.260881
v 0.218107 0.039145 0.218107
v 0.127765 0.039145 0.215587
v 0.146388 0.039145 0.224798
v 0.159923 0.039145 0.241543
v 0.260881 0.039145 0.174771
v 0.224798 0.039145 0.146388
v 0.241543 0.039145 0.159923
v 0.262349 0.039145 0.055444
v 0.283900 0.039145 0.057714
v 0.016652 0.039145 0.250288
v 0.000000 0.039145 0.244877
v 0.000000 0.039145 0.301537
v 0.016652 0.039145 0.296126
v 0.026943 0.039145 0.264453
v 0.026943 0.039145 0.281961
v 0.189441 0.039145 0.167982
v 0.175225 0.039145 0.175225
v 0.197519 0.039145 0.218978
v 0.211735 0.039145 0.211735
v 0.167982 0.039145 0.189442
v 0.170478 0.039145 0.205200
v 0.181760 0.039145 0.216482
v 0.218978 0.039145 0.197519
v 0.205200 0.039145 0.170478
v 0.216482 0.039145 0.181760
v 0.294375 0.039145 0.015450
v 0.251846 0.039145 0.015450
v 0.264988 0.039145 0.024998
v 0.281233 0.039145 0.024998
v 0.202407 -0.004835 0.083840
v 0.152884 -0.004860 0.152884
v 0.083840 -0.004835 0.202407
v 0.000000 -0.004885 0.216266
v 0.000000 -0.006132 0.119295
v 0.000000 -0.006132 0.207913
v 0.072245 -0.006132 0.164765
v 0.166106 -0.006132 0.070895
v 0.126851 -0.006132 0.125533
v 0.031733 -0.006132 0.119295
v 0.114033 -0.006132 0.031733
v 0.031733 -0.006132 0.170959
v 0.031733 -0.006132 0.031733
v 0.196300 -0.006132 0.083255
v 0.172189 -0.006132 0.031733
v 0.149589 -0.006132 0.148271
v 0.084573 -0.006132 0.194982
v 0.031733 0.000286 0.119295
v 0.031733 0.000286 0.170959
v 0.114033 0.000286 0.031733
v 0.031733 0.000286 0.031733
v 0.172189 0.000286 0.031733
v 0.072245 0.000286 0.164765
v 0.166106 0.000286 0.070895
v 0.126851 0.000286 0.125533
v 0.212392 0.022854 0.087976
v 0.160375 0.022854 0.160375
v 0.087976 0.022854 0.212392
v 0.000000 0.022854 0.226791
v 0.202172 -0.013080 0.083742
v 0.152658 -0.013080 0.152658
v 0.083742 -0.013080 0.202172
v 0.000000 -0.013080 0.215878
v 0.143530 -0.004860 0.143530
v 0.148634 0.014990 0.148634
v 0.081560 0.014965 0.196903
v 0.078710 -0.004835 0.190024
v 0.196903 0.014965 0.081560
v 0.190024 -0.004835 0.078710
v 0.000000 0.015016 0.210124
v 0.000000 -0.004885 0.203034
v -0.262349 0.045859 0.069306
v -0.234515 0.045859 0.136502
v -0.136502 0.045859 0.234515
v -0.069306 0.045859 0.262349
v -0.303929 0.045859 0.078656
v -0.270528 0.045859 0.159292
v -0.218107 0.045859 0.218107
v -0.159292 0.045859 0.270528
v -0.078656 0.045859 0.303929
v -0.190768 0.032881 0.079019
v -0.165577 0.045859 0.165577
v -0.219281 0.045859 0.090829
v -0.079019 0.032881 0.190768
v -0.144099 0.032881 0.144099
v -0.090829 0.045859 0.219281
v -0.094869 0.045859 0.229034
v -0.229034 0.045859 0.094869
v -0.251760 0.045859 0.149735
v -0.149735 0.045859 0.251760
v -0.072143 0.045859 0.283900
v -0.283900 0.045859 0.072143
v -0.226197 0.045859 0.116420
v -0.116420 0.045859 0.226197
v -0.077624 0.045859 0.242267
v -0.242267 0.045859 0.077624
v -0.145911 0.040807 0.145911
v -0.080012 0.040807 0.193166
v -0.193166 0.040807 0.080012
v -0.209743 0.040807 0.086878
v -0.158432 0.040807 0.158432
v -0.086878 0.040807 0.209743
v -0.100694 0.018568 0.105664
v -0.057714 0.045859 0.283900
v -0.146388 0.045859 0.224798
v -0.241543 0.045859 0.159923
v -0.262349 0.045859 0.055444
v -0.317317 0.045859 0.073844
v -0.274018 0.045859 0.174775
v -0.224720 0.045859 0.224720
v -0.174775 0.045859 0.274018
v -0.073844 0.045859 0.317317
v -0.061978 0.045859 0.317317
v -0.184764 0.045859 0.264158
v -0.264158 0.045859 0.184764
v -0.317317 0.045859 0.061978
v -0.254107 0.022854 0.053703
v -0.217736 0.022854 0.141789
v -0.227148 0.022854 0.132214
v -0.053703 0.022854 0.254107
v -0.067128 0.022854 0.254107
v -0.294380 0.022854 0.060948
v -0.251325 0.022854 0.165132
v -0.262029 0.022854 0.154288
v -0.060948 0.022854 0.294380
v -0.076185 0.022854 0.294380
v -0.194370 0.022854 0.194370
v -0.180088 0.022854 0.180088
v -0.243851 0.022854 0.145031
v -0.254107 0.022854 0.067128
v -0.274981 0.022854 0.069876
v -0.069876 0.022854 0.274981
v -0.132214 0.022854 0.227148
v -0.145031 0.022854 0.243851
v -0.221839 0.022854 0.091889
v -0.209735 0.014965 0.086875
v -0.167706 0.022854 0.167706
v -0.158320 0.014990 0.158320
v -0.086875 0.014965 0.209735
v -0.091889 0.022854 0.221839
v -0.234656 0.022854 0.075185
v -0.075185 0.022854 0.234656
v -0.219091 0.022854 0.112763
v -0.112763 0.022854 0.219091
v -0.208510 0.022854 0.208510
v -0.154288 0.022854 0.262029
v -0.233955 0.022854 0.154899
v -0.055901 0.022854 0.274981
v -0.294380 0.022854 0.076185
v -0.274981 0.022854 0.055901
v -0.208814 0.022854 0.123751
v -0.060148 0.022854 0.234656
v -0.234656 0.022854 0.060148
v -0.141789 0.022854 0.217736
v -0.165132 0.022854 0.251325
v -0.154899 0.022854 0.233955
v -0.123751 0.022854 0.208814
v -0.307348 0.022854 0.060031
v -0.255859 0.022854 0.178959
v -0.265409 0.022854 0.169284
v -0.060031 0.022854 0.307348
v -0.071524 0.022854 0.307348
v -0.178959 0.022854 0.255859
v -0.217660 0.022854 0.217660
v -0.169284 0.022854 0.265409
v -0.307348 0.022854 0.071524
v -0.193044 -0.013080 0.079962
v -0.145766 -0.013080 0.145766
v -0.079962 -0.013080 0.193044
v -0.062099 0.045859 0.242267
v -0.062641 0.045859 0.307945
v -0.055444 0.045859 0.262349
v -0.215587 0.045859 0.127765
v -0.174771 0.045859 0.260881
v -0.127765 0.045859 0.215587
v -0.159923 0.045859 0.241543
v -0.260881 0.045859 0.174771
v -0.224798 0.045859 0.146388
v -0.307945 0.045859 0.062641
v -0.242267 0.045859 0.062099
v -0.283900 0.045859 0.057714
v -0.016652 0.055514 0.250288
v -0.016652 0.055514 0.296126
v -0.026943 0.055514 0.264453
v -0.026943 0.055514 0.281961
v -0.189441 0.055514 0.167982
v -0.175225 0.055514 0.175225
v -0.197519 0.055514 0.218978
v -0.211735 0.055514 0.211735
v -0.167982 0.055514 0.189442
v -0.170478 0.055514 0.205200
v -0.181760 0.055514 0.216482
v -0.218978 0.055514 0.197519
v -0.205200 0.055514 0.170478
v -0.216482 0.055514 0.181760
v -0.294375 0.055514 0.015450
v -0.251846 0.055514 0.015450
v -0.264988 0.055514 0.024998
v -0.281233 0.055514 0.024998
v -0.197336 0.055514 0.197336
v -0.189624 0.055514 0.189624
v -0.197629 0.040807 0.077531
v -0.209744 0.040807 0.004000
v -0.219344 0.040807 0.004000
v -0.206615 0.040807 0.081253
v -0.151140 0.040807 0.145483
v -0.194567 0.040807 0.084922
v -0.203554 0.040807 0.088644
v -0.157928 0.040807 0.152271
v -0.084922 0.040807 0.194567
v -0.145483 0.040807 0.151140
v -0.152271 0.040807 0.157928
v -0.088644 0.040807 0.203554
v -0.004000 0.040807 0.209744
v -0.077531 0.040807 0.197629
v -0.081253 0.040807 0.206615
v -0.004000 0.040807 0.219344
v -0.209744 0.034973 0.004000
v -0.219344 0.034973 0.004000
v -0.004000 0.034973 0.219344
v -0.004000 0.034973 0.209744
v -0.197629 0.034973 0.077531
v -0.206615 0.034973 0.081253
v -0.151140 0.034973 0.145483
v -0.194567 0.034973 0.084922
v -0.157928 0.034973 0.152271
v -0.203554 0.034973 0.088644
v -0.084922 0.034973 0.194567
v -0.145483 0.034973 0.151140
v -0.088644 0.034973 0.203554
v -0.152271 0.034973 0.157928
v -0.077531 0.034973 0.197629
v -0.081253 0.034973 0.206615
v -0.307945 0.039145 0.062641
v -0.173146 0.039145 0.173146
v -0.165577 0.039145 0.165577
v -0.219281 0.039145 0.090829
v -0.090829 0.039145 0.219281
v -0.215587 0.039145 0.127765
v -0.062099 0.039145 0.242267
v -0.242267 0.039145 0.062099
v -0.062641 0.039145 0.307945
v -0.055444 0.039145 0.262349
v -0.057714 0.039145 0.283900
v -0.174771 0.039145 0.260881
v -0.218107 0.039145 0.218107
v -0.127765 0.039145 0.215587
v -0.146388 0.039145 0.224798
v -0.159923 0.039145 0.241543
v -0.260881 0.039145 0.174771
v -0.224798 0.039145 0.146388
v -0.241543 0.039145 0.159923
v -0.262349 0.039145 0.055444
v -0.283900 0.039145 0.057714
v -0.016652 0.039145 0.250288
v -0.016652 0.039145 0.296126
v -0.026943 0.039145 0.264453
v -0.026943 0.039145 0.281961
v -0.189441 0.039145 0.167982
v -0.175225 0.039145 0.175225
v -0.197519 0.039145 0.218978
v -0.211735 0.039145 0.211735
v -0.167982 0.039145 0.189442
v -0.170478 0.039145 0.205200
v -0.181760 0.039145 0.216482
v -0.218978 0.039145 0.197519
v -0.205200 0.039145 0.170478
v -0.216482 0.039145 0.181760
v -0.294375 0.039145 0.015450
v -0.251846 0.039145 0.015450
v -0.264988 0.039145 0.024998
v -0.281233 0.039145 0.024998
v -0.202407 -0.004835 0.083840
v -0.152884 -0.004860 0.152884
v -0.083840 -0.004835 0.202407
v -0.072245 -0.006132 0.164765
v -0.166106 -0.006132 0.070895
v -0.126851 -0.006132 0.125533
v -0.031733 -0.006132 0.119295
v -0.114033 -0.006132 0.031733
v -0.031733 -0.006132 0.170959
v -0.031733 -0.006132 0.031733
v -0.196300 -0.006132 0.083255
v -0.172189 -0.006132 0.031733
v -0.149589 -0.006132 0.148271
v -0.084573 -0.006132 0.194982
v -0.031733 0.000286 0.119295
v -0.031733 0.000286 0.170959
v -0.114033 0.000286 0.031733
v -0.031733 0.000286 0.031733
v -0.172189 0.000286 0.031733
v -0.072245 0.000286 0.164765
v -0.166106 0.000286 0.070895
v -0.126851 0.000286 0.125533
v -0.212392 0.022854 0.087976
v -0.160375 0.022854 0.160375
v -0.087976 0.022854 0.212392
v -0.202172 -0.013080 0.083742
v -0.152658 -0.013080 0.152658
v -0.083742 -0.013080 0.202172
v -0.143530 -0.004860 0.143530
v -0.148634 0.014990 0.148634
v -0.081560 0.014965 0.196903
v -0.078710 -0.004835 0.190024
v -0.196903 0.014965 0.081560
v -0.190024 -0.004835 0.078710
vn -0.0000 1.0000 -0.0000
vn -0.4460 0.8950 -0.0000
vn -0.4076 0.8974 0.1688
vn -0.3152 0.8951 0.3152
vn -0.1688 0.8974 0.4076
vn -0.0000 0.8950 0.4460
vn -0.9515 0.3076 -0.0000
vn -0.8780 0.3113 0.3637
vn -0.6728 0.3076 0.6728
vn -0.3637 0.3113 0.8780
vn -0.0000 0.3076 0.9515
vn -0.3827 -0.0000 -0.9239
vn 0.9239 -0.0000 0.3827
vn -0.9867 -0.0000 0.1626
vn 0.1626 -0.0000 -0.9867
vn -0.0978 0.9742 0.2036
vn -0.0000 0.9764 0.2161
vn -0.0000 0.9886 0.1504
vn -0.1314 0.9821 0.1349
vn -0.1440 0.9896 -0.0000
vn -0.1698 0.9707 0.1698
vn -0.2007 0.9748 0.0979
vn -0.2114 0.9774 -0.0000
vn 0.7932 -0.0000 0.6090
vn 0.7855 -0.0000 0.6189
vn 0.8910 -0.0000 0.4540
vn 0.9877 -0.0000 -0.1564
vn 0.2007 -0.0000 0.9797
vn 0.1529 -0.0000 0.9882
vn -0.3090 -0.0000 -0.9511
vn -0.8090 -0.0000 -0.5878
vn -0.0000 -1.0000 -0.0000
vn 0.3288 -0.2347 -0.9148
vn -0.0671 -0.0790 -0.9946
vn 0.0916 -0.1438 -0.9854
vn -0.0000 -0.3976 -0.9176
vn 0.0746 -0.1204 -0.9899
vn 0.1797 -0.1563 -0.9712
vn 0.6064 -0.2795 -0.7444
vn 0.5607 -0.2685 -0.7832
vn 0.2792 -0.3943 -0.8755
vn 0.2153 -0.3869 -0.8966
vn -0.6901 -0.1139 -0.7147
vn -0.5261 -0.1916 -0.8285
vn 0.9899 -0.1204 -0.0746
vn 0.9712 -0.1563 -0.1797
vn 0.9798 -0.0193 0.1991
vn 0.9702 -0.0016 0.2424
vn 0.6487 -0.3981 -0.6487
vn 0.6444 -0.3981 -0.6529
vn 0.8285 -0.1917 0.5261
vn 0.7147 -0.1139 0.6901
vn 0.8966 -0.3869 -0.2153
vn 0.8755 -0.3943 -0.2792
vn -0.1991 -0.0193 -0.9798
vn -0.2424 -0.0016 -0.9702
vn 0.6529 -0.3981 -0.6444
vn 0.5146 -0.0016 0.8574
vn 0.5520 -0.0193 0.8336
vn 0.9176 -0.3976 -0.0000
vn 0.8751 -0.3207 -0.3625
vn 0.7832 -0.2685 -0.5607
vn 0.7444 -0.2795 -0.6064
vn 0.9552 -0.2795 0.0976
vn 0.9503 -0.2685 0.1573
vn 0.9854 -0.1438 -0.0916
vn 0.9946 -0.0790 0.0671
vn 0.9148 -0.2347 -0.3288
vn 0.8138 -0.1563 0.5597
vn 0.7527 -0.1204 0.6472
vn -0.6472 -0.1204 -0.7527
vn -0.5597 -0.1563 -0.8138
vn -0.0976 -0.2795 -0.9552
vn -0.1573 -0.2685 -0.9503
vn 0.3625 -0.3207 -0.8751
vn -0.8574 -0.0016 -0.5146
vn -0.8336 -0.0193 -0.5520
vn -0.0002 1.0000 -0.0000
vn -0.0000 1.0000 -0.0001
vn -0.0000 -1.0000 0.0002
vn 0.0001 -1.0000 -0.0000
vn -0.0000 -1.0000 -0.0001
vn -0.0002 -1.0000 -0.0000
vn -0.8137 0.4983 0.2993
vn -0.8961 0.4438 -0.0000
vn -0.7845 0.5136 0.3477
vn -0.2880 0.3959 0.8719
vn -0.5874 0.5404 0.6024
vn -0.6004 0.5423 0.5877
vn -0.3829 0.4562 0.8033
vn -0.0000 0.3050 0.9524
vn -1.0000 -0.0000 -0.0000
vn 0.7071 -0.0000 -0.7071
vn 0.8121 -0.0000 -0.5835
vn 0.6250 -0.0000 0.7806
vn 0.1789 -0.0000 0.9839
vn 0.4540 -0.0000 0.8910
vn -0.1564 -0.0000 0.9877
vn -0.1073 -0.0000 0.9942
vn -0.0000 -0.0000 1.0000
vn 0.8090 -0.0000 -0.5878
vn 1.0000 -0.0000 -0.0000
vn 0.9869 -0.0000 -0.1615
vn -0.5712 -0.0000 0.8208
vn 0.9511 -0.0000 0.3090
vn 0.5878 -0.0000 0.8090
vn 0.5878 -0.0000 -0.8090
vn 0.9511 -0.0000 -0.3090
vn -0.4540 -0.0000 -0.8910
vn 0.1564 -0.0000 -0.9877
vn -0.9877 -0.0000 0.1564
vn -0.8910 -0.0000 -0.4540
vn -0.0000 -0.0000 -1.0000
vn 0.3090 -0.0000 -0.9511
vn -0.7071 -0.0000 0.7071
vn -0.9239 -0.0000 -0.3827
vn -0.7071 -0.0000 -0.7071
vn -0.8127 -0.0000 0.5827
vn -0.1626 -0.0000 0.9867
vn -0.5827 -0.0000 0.8127
vn 0.9867 -0.0000 -0.1626
vn 0.8127 -0.0000 -0.5827
vn 0.3827 -0.0000 0.9239
vn 0.5827 -0.0000 -0.8127
vn 0.7071 -0.0000 0.7071
vn 0.5835 -0.0000 -0.8121
vn -0.7809 -0.0000 0.6247
vn -0.0995 -0.0000 0.9950
vn 0.1615 -0.0000 -0.9869
vn -0.9942 -0.0000 0.1073
vn -0.9882 -0.0000 -0.1529
vn -0.9950 -0.0000 0.0995
vn -0.9839 -0.0000 -0.1789
vn -0.7117 -0.0000 0.7025
vn -0.9797 -0.0000 -0.2007
vn -0.8208 -0.0000 0.5712
vn -0.6247 -0.0000 0.7809
vn -0.7806 -0.0000 -0.6250
vn -0.6189 -0.0000 -0.7855
vn -0.7025 -0.0000 0.7117
vn -0.6090 -0.0000 -0.7932
vn -0.3778 -0.0000 0.9259
vn -0.9255 -0.0000 0.3788
vn -0.9882 -0.0000 0.1535
vn -0.1511 -0.0000 0.9885
vn 0.9380 -0.3466 -0.0000
vn 0.8659 -0.3488 -0.3586
vn 0.6643 -0.3425 -0.6643
vn 0.3586 -0.3488 -0.8659
vn -0.0000 -0.3466 -0.9380
vn 0.9232 -0.0373 -0.3826
vn 0.9992 -0.0389 -0.0000
vn 0.7067 -0.0347 -0.7067
vn 0.3826 -0.0373 -0.9232
vn -0.0000 -0.0389 -0.9992
vn 0.6637 -0.3448 -0.6637
vn 0.3587 -0.3474 -0.8664
vn 0.9398 -0.3417 -0.0000
vn 0.8664 -0.3474 -0.3587
vn -0.0000 -0.3417 -0.9398
vn 0.0001 1.0000 -0.0000
vn -0.0000 1.0000 0.0002
vn 0.4460 0.8950 -0.0000
vn 0.4076 0.8974 0.1688
vn 0.3152 0.8951 0.3152
vn 0.1688 0.8974 0.4076
vn 0.9515 0.3076 -0.0000
vn 0.8780 0.3113 0.3637
vn 0.6728 0.3076 0.6728
vn 0.3637 0.3113 0.8780
vn 0.3827 -0.0000 -0.9239
vn -0.9239 -0.0000 0.3827
vn 0.9867 -0.0000 0.1626
vn -0.1626 -0.0000 -0.9867
vn 0.0978 0.9742 0.2036
vn 0.1314 0.9821 0.1349
vn 0.1440 0.9896 -0.0000
vn 0.1698 0.9707 0.1698
vn 0.2007 0.9748 0.0979
vn 0.2114 0.9774 -0.0000
vn -0.7932 -0.0000 0.6090
vn -0.7855 -0.0000 0.6189
vn -0.8910 -0.0000 0.4540
vn -0.9877 -0.0000 -0.1564
vn -0.2007 -0.0000 0.9797
vn -0.1529 -0.0000 0.9882
vn -0.3288 -0.2347 -0.9148
vn -0.0916 -0.1438 -0.9854
vn 0.0671 -0.0790 -0.9946
vn -0.0746 -0.1204 -0.9899
vn -0.5607 -0.2685 -0.7832
vn -0.6064 -0.2795 -0.7444
vn -0.1797 -0.1563 -0.9712
vn -0.2792 -0.3943 -0.8755
vn 0.5261 -0.1916 -0.8285
vn 0.6901 -0.1139 -0.7147
vn -0.2153 -0.3869 -0.8966
vn -0.9899 -0.1204 -0.0746
vn -0.9702 -0.0016 0.2424
vn -0.9798 -0.0193 0.1991
vn -0.9712 -0.1563 -0.1797
vn -0.6487 -0.3981 -0.6487
vn -0.6444 -0.3981 -0.6529
vn -0.8285 -0.1917 0.5261
vn -0.8755 -0.3943 -0.2792
vn -0.8966 -0.3869 -0.2153
vn -0.7147 -0.1139 0.6901
vn 0.2424 -0.0016 -0.9702
vn 0.1991 -0.0193 -0.9798
vn -0.6529 -0.3981 -0.6444
vn -0.5146 -0.0016 0.8574
vn -0.5520 -0.0193 0.8336
vn -0.9176 -0.3976 -0.0000
vn -0.8751 -0.3207 -0.3625
vn -0.7832 -0.2685 -0.5607
vn -0.7444 -0.2795 -0.6064
vn -0.9503 -0.2685 0.1573
vn -0.9552 -0.2795 0.0976
vn -0.9854 -0.1438 -0.0916
vn -0.9148 -0.2347 -0.3288
vn -0.9946 -0.0790 0.0671
vn -0.7527 -0.1204 0.6472
vn -0.8138 -0.1563 0.5597
vn 0.6472 -0.1204 -0.7527
vn 0.1573 -0.2685 -0.9503
vn 0.0976 -0.2795 -0.9552
vn 0.5597 -0.1563 -0.8138
vn -0.3625 -0.3207 -0.8751
vn 0.8574 -0.0016 -0.5146
vn 0.8336 -0.0193 -0.5520
vn 0.0002 1.0000 -0.0000
vn -0.0001 -1.0000 -0.0000
vn 0.0002 -1.0000 -0.0000
vn 0.8137 0.4983 0.2993
vn 0.7845 0.5136 0.3477
vn 0.8961 0.4438 -0.0000
vn 0.2880 0.3959 0.8719
vn 0.3829 0.4562 0.8033
vn 0.6004 0.5423 0.5877
vn 0.5874 0.5404 0.6024
vn -0.8121 -0.0000 -0.5835
vn -0.6250 -0.0000 0.7806
vn -0.1789 -0.0000 0.9839
vn -0.4540 -0.0000 0.8910
vn 0.1564 -0.0000 0.9877
vn 0.1073 -0.0000 0.9942
vn -0.9869 -0.0000 -0.1615
vn 0.5712 -0.0000 0.8208
vn -0.9511 -0.0000 0.3090
vn -0.5878 -0.0000 0.8090
vn -0.5878 -0.0000 -0.8090
vn -0.9511 -0.0000 -0.3090
vn 0.4540 -0.0000 -0.8910
vn -0.1564 -0.0000 -0.9877
vn 0.9877 -0.0000 0.1564
vn 0.8910 -0.0000 -0.4540
vn 0.9239 -0.0000 -0.3827
vn 0.8127 -0.0000 0.5827
vn 0.1626 -0.0000 0.9867
vn 0.5827 -0.0000 0.8127
vn -0.9867 -0.0000 -0.1626
vn -0.8127 -0.0000 -0.5827
vn -0.3827 -0.0000 0.9239
vn -0.5827 -0.0000 -0.8127
vn -0.5835 -0.0000 -0.8121
vn 0.7809 -0.0000 0.6247
vn 0.0995 -0.0000 0.9950
vn -0.1615 -0.0000 -0.9869
vn 0.9942 -0.0000 0.1073
vn 0.9882 -0.0000 -0.1529
vn 0.9950 -0.0000 0.0995
vn 0.9839 -0.0000 -0.1789
vn 0.7117 -0.0000 0.7025
vn 0.9797 -0.0000 -0.2007
vn 0.8208 -0.0000 0.5712
vn 0.6247 -0.0000 0.7809
vn 0.7806 -0.0000 -0.6250
vn 0.6189 -0.0000 -0.7855
vn 0.7025 -0.0000 0.7117
vn 0.6090 -0.0000 -0.7932
vn 0.3778 -0.0000 0.9259
vn 0.9255 -0.0000 0.3788
vn 0.9882 -0.0000 0.1535
vn 0.1511 -0.0000 0.9885
vn -0.9380 -0.3466 -0.0000
vn -0.8659 -0.3488 -0.3586
vn -0.6643 -0.3425 -0.6643
vn -0.3586 -0.3488 -0.8659
vn -0.9232 -0.0373 -0.3826
vn -0.9992 -0.0389 -0.0000
vn -0.7067 -0.0347 -0.7067
vn -0.3826 -0.0373 -0.9232
vn -0.6637 -0.3448 -0.6637
vn -0.3587 -0.3474 -0.8664
vn -0.9398 -0.3417 -0.0000
vn -0.8664 -0.3474 -0.3587
vn -0.0001 1.0000 -0.0000
vn -0.4076 0.8974 -0.1688
vn -0.3152 0.8951 -0.3152
vn -0.1688 0.8974 -0.4076
vn -0.0000 0.8950 -0.4460
vn -0.8780 0.3113 -0.3637
vn -0.6728 0.3076 -0.6728
vn -0.3637 0.3113 -0.8780
vn -0.0000 0.3076 -0.9515
vn -0.0978 0.9742 -0.2036
vn -0.1314 0.9821 -0.1349
vn -0.0000 0.9886 -0.1504
vn -0.0000 0.9764 -0.2161
vn -0.1698 0.9707 -0.1698
vn -0.2007 0.9748 -0.0979
vn 0.7932 -0.0000 -0.6090
vn 0.7855 -0.0000 -0.6189
vn 0.2007 -0.0000 -0.9797
vn 0.1529 -0.0000 -0.9882
vn -0.3090 -0.0000 0.9511
vn -0.8090 -0.0000 0.5878
vn 0.3288 -0.2347 0.9148
vn 0.0916 -0.1438 0.9854
vn -0.0671 -0.0790 0.9946
vn -0.0000 -0.3976 0.9176
vn 0.0746 -0.1204 0.9899
vn 0.5607 -0.2685 0.7832
vn 0.6064 -0.2795 0.7444
vn 0.1797 -0.1563 0.9712
vn 0.2792 -0.3943 0.8755
vn -0.5261 -0.1916 0.8285
vn -0.6901 -0.1139 0.7147
vn 0.2153 -0.3869 0.8966
vn 0.9899 -0.1204 0.0746
vn 0.9702 -0.0016 -0.2424
vn 0.9798 -0.0193 -0.1991
vn 0.9712 -0.1563 0.1797
vn 0.6487 -0.3981 0.6487
vn 0.6444 -0.3981 0.6529
vn 0.8285 -0.1917 -0.5261
vn 0.8755 -0.3943 0.2792
vn 0.8966 -0.3869 0.2153
vn 0.7147 -0.1139 -0.6901
vn -0.2424 -0.0016 0.9702
vn -0.1991 -0.0193 0.9798
vn 0.6529 -0.3981 0.6444
vn 0.5146 -0.0016 -0.8574
vn 0.5520 -0.0193 -0.8336
vn 0.8751 -0.3207 0.3625
vn 0.7832 -0.2685 0.5607
vn 0.7444 -0.2795 0.6064
vn 0.9503 -0.2685 -0.1573
vn 0.9552 -0.2795 -0.0976
vn 0.9854 -0.1438 0.0916
vn 0.9148 -0.2347 0.3288
vn 0.9946 -0.0790 -0.0671
vn 0.7527 -0.1204 -0.6472
vn 0.8138 -0.1563 -0.5597
vn -0.6472 -0.1204 0.7527
vn -0.1573 -0.2685 0.9503
vn -0.0976 -0.2795 0.9552
vn -0.5597 -0.1563 0.8138
vn 0.3625 -0.3207 0.8751
vn -0.8574 -0.0016 0.5146
vn -0.8336 -0.0193 0.5520
vn -0.0000 1.0000 0.0001
vn -0.0000 -1.0000 -0.0002
vn -0.0000 -1.0000 0.0001
vn -0.8137 0.4983 -0.2993
vn -0.7845 0.5136 -0.3477
vn -0.2880 0.3959 -0.8719
vn -0.3829 0.4562 -0.8033
vn -0.6004 0.5423 -0.5877
vn -0.5874 0.5404 -0.6024
vn -0.0000 0.3050 -0.9524
vn 0.8121 -0.0000 0.5835
vn 0.6250 -0.0000 -0.7806
vn 0.1789 -0.0000 -0.9839
vn -0.1073 -0.0000 -0.9942
vn 0.8090 -0.0000 0.5878
vn 0.9869 -0.0000 0.1615
vn -0.5712 -0.0000 -0.8208
vn 0.3090 -0.0000 0.9511
vn 0.5835 -0.0000 0.8121
vn -0.7809 -0.0000 -0.6247
vn -0.0995 -0.0000 -0.9950
vn 0.1615 -0.0000 0.9869
vn -0.9942 -0.0000 -0.1073
vn -0.9882 -0.0000 0.1529
vn -0.9950 -0.0000 -0.0995
vn -0.9839 -0.0000 0.1789
vn -0.7117 -0.0000 -0.7025
vn -0.9797 -0.0000 0.2007
vn -0.8208 -0.0000 -0.5712
vn -0.6247 -0.0000 -0.7809
vn -0.7806 -0.0000 0.6250
vn -0.6189 -0.0000 0.7855
vn -0.7025 -0.0000 -0.7117
vn -0.6090 -0.0000 0.7932
vn -0.3778 -0.0000 -0.9259
vn -0.9255 -0.0000 -0.3788
vn -0.9882 -0.0000 -0.1535
vn -0.1511 -0.0000 -0.9885
vn 0.8659 -0.3488 0.3586
vn 0.6643 -0.3425 0.6643
vn 0.3586 -0.3488 0.8659
vn -0.0000 -0.3466 0.9380
vn 0.9232 -0.0373 0.3826
vn 0.7067 -0.0347 0.7067
vn 0.3826 -0.0373 0.9232
vn -0.0000 -0.0389 0.9992
vn 0.6637 -0.3448 0.6637
vn 0.3587 -0.3474 0.8664
vn 0.8664 -0.3474 0.3587
vn -0.0000 -0.3417 0.9398
vn -0.0000 1.0000 -0.0002
vn 0.4076 0.8974 -0.1688
vn 0.3152 0.8951 -0.3152
vn 0.1688 0.8974 -0.4076
vn 0.8780 0.3113 -0.3637
vn 0.6728 0.3076 -0.6728
vn 0.3637 0.3113 -0.8780
vn 0.0978 0.9742 -0.2036
vn 0.1314 0.9821 -0.1349
vn 0.1698 0.9707 -0.1698
vn 0.2007 0.9748 -0.0979
vn -0.7932 -0.0000 -0.6090
vn -0.7855 -0.0000 -0.6189
vn -0.2007 -0.0000 -0.9797
vn -0.1529 -0.0000 -0.9882
vn -0.3288 -0.2347 0.9148
vn 0.0671 -0.0790 0.9946
vn -0.0916 -0.1438 0.9854
vn -0.0746 -0.1204 0.9899
vn -0.1797 -0.1563 0.9712
vn -0.6064 -0.2795 0.7444
vn -0.5607 -0.2685 0.7832
vn -0.2792 -0.3943 0.8755
vn -0.2153 -0.3869 0.8966
vn 0.6901 -0.1139 0.7147
vn 0.5261 -0.1916 0.8285
vn -0.9899 -0.1204 0.0746
vn -0.9712 -0.1563 0.1797
vn -0.9798 -0.0193 -0.1991
vn -0.9702 -0.0016 -0.2424
vn -0.6487 -0.3981 0.6487
vn -0.6444 -0.3981 0.6529
vn -0.8285 -0.1917 -0.5261
vn -0.7147 -0.1139 -0.6901
vn -0.8966 -0.3869 0.2153
vn -0.8755 -0.3943 0.2792
vn 0.1991 -0.0193 0.9798
vn 0.2424 -0.0016 0.9702
vn -0.6529 -0.3981 0.6444
vn -0.5146 -0.0016 -0.8574
vn -0.5520 -0.0193 -0.8336
vn -0.8751 -0.3207 0.3625
vn -0.7832 -0.2685 0.5607
vn -0.7444 -0.2795 0.6064
vn -0.9552 -0.2795 -0.0976
vn -0.9503 -0.2685 -0.1573
vn -0.9854 -0.1438 0.0916
vn -0.9946 -0.0790 -0.0671
vn -0.9148 -0.2347 0.3288
vn -0.8138 -0.1563 -0.5597
vn -0.7527 -0.1204 -0.6472
vn 0.6472 -0.1204 0.7527
vn 0.5597 -0.1563 0.8138
vn 0.0976 -0.2795 0.9552
vn 0.1573 -0.2685 0.9503
vn -0.3625 -0.3207 0.8751
vn 0.8574 -0.0016 0.5146
vn 0.8336 -0.0193 0.5520
vn 0.8137 0.4983 -0.2993
vn 0.7845 0.5136 -0.3477
vn 0.2880 0.3959 -0.8719
vn 0.5874 0.5404 -0.6024
vn 0.6004 0.5423 -0.5877
vn 0.3829 0.4562 -0.8033
vn -0.8121 -0.0000 0.5835
vn -0.6250 -0.0000 -0.7806
vn -0.1789 -0.0000 -0.9839
vn 0.1073 -0.0000 -0.9942
vn -0.9869 -0.0000 0.1615
vn 0.5712 -0.0000 -0.8208
vn -0.5835 -0.0000 0.8121
vn 0.7809 -0.0000 -0.6247
vn 0.0995 -0.0000 -0.9950
vn -0.1615 -0.0000 0.9869
vn 0.9942 -0.0000 -0.1073
vn 0.9882 -0.0000 0.1529
vn 0.9950 -0.0000 -0.0995
vn 0.9839 -0.0000 0.1789
vn 0.7117 -0.0000 -0.7025
vn 0.9797 -0.0000 0.2007
vn 0.8208 -0.0000 -0.5712
vn 0.6247 -0.0000 -0.7809
vn 0.7806 -0.0000 0.6250
vn 0.6189 -0.0000 0.7855
vn 0.7025 -0.0000 -0.7117
vn 0.6090 -0.0000 0.7932
vn 0.3778 -0.0000 -0.9259
vn 0.9255 -0.0000 -0.3788
vn 0.9882 -0.0000 -0.1535
vn 0.1511 -0.0000 -0.9885
vn -0.8659 -0.3488 0.3586
vn -0.6643 -0.3425 0.6643
vn -0.3586 -0.3488 0.8659
vn -0.9232 -0.0373 0.3826
vn -0.7067 -0.0347 0.7067
vn -0.3826 -0.0373 0.9232
vn -0.6637 -0.3448 0.6637
vn -0.3587 -0.3474 0.8664
vn -0.8664 -0.3474 0.3587
vt 0.500507 0.253436
vt 0.487177 0.253552
vt 0.500132 0.242086
vt 0.511510 0.245539
vt 0.472727 0.423362
vt 0.467913 0.414795
vt 0.477560 0.405732
vt 0.492769 0.408279
vt 0.523324 0.233644
vt 0.514051 0.230691
vt 0.514760 0.217497
vt 0.526681 0.208248
vt 0.486816 0.279030
vt 0.480089 0.267017
vt 0.486782 0.267588
vt 0.499159 0.279337
vt 0.724791 0.539687
vt 0.795249 0.563249
vt 0.790665 0.570623
vt 0.723455 0.547996
vt 0.847629 0.615766
vt 0.880534 0.682033
vt 0.872081 0.684012
vt 0.840780 0.620667
vt 0.880609 0.755977
vt 0.872306 0.754631
vt 0.418456 0.417365
vt 0.422829 0.422525
vt 0.423495 0.439106
vt 0.414789 0.430476
vt 0.432970 0.412701
vt 0.442798 0.421760
vt 0.450205 0.413539
vt 0.456058 0.423853
vt 0.743166 0.563372
vt 0.779353 0.588719
vt 0.776037 0.594066
vt 0.742162 0.569615
vt 0.823640 0.632820
vt 0.851307 0.688806
vt 0.845192 0.690237
vt 0.818511 0.636505
vt 0.851560 0.751287
vt 0.845330 0.750280
vt 0.782943 0.588090
vt 0.791566 0.575818
vt 0.791019 0.580728
vt 0.786847 0.586198
vt 0.867457 0.681499
vt 0.853036 0.685617
vt 0.855795 0.682073
vt 0.862592 0.680893
vt 0.726232 0.552117
vt 0.785600 0.572117
vt 0.781730 0.575134
vt 0.727804 0.556721
vt 0.854543 0.748903
vt 0.854290 0.690897
vt 0.858390 0.692316
vt 0.858550 0.746770
vt 0.184946 0.401822
vt 0.141913 0.358830
vt 0.197682 0.318897
vt 0.247244 0.376853
vt 0.267839 0.268663
vt 0.315167 0.334759
vt 0.242573 0.421431
vt 0.303412 0.421412
vt 0.357998 0.394575
vt 0.526607 0.324593
vt 0.522305 0.299725
vt 0.526884 0.297760
vt 0.531529 0.325412
vt 0.498671 0.291676
vt 0.510228 0.288063
vt 0.513010 0.302735
vt 0.513733 0.316063
vt 0.923793 0.249561
vt 0.912748 0.265948
vt 0.894566 0.241525
vt 0.912228 0.236404
vt 0.414303 0.447962
vt 0.425213 0.453347
vt 0.425945 0.470291
vt 0.417261 0.466186
vt 0.410696 0.491217
vt 0.408267 0.476268
vt 0.430598 0.472089
vt 0.413521 0.495333
vt 0.716356 0.325389
vt 0.688532 0.318091
vt 0.697963 0.302267
vt 0.715551 0.308060
vt 0.516841 0.210559
vt 0.517378 0.204634
vt 0.370124 0.512085
vt 0.367218 0.505133
vt 0.401490 0.487348
vt 0.512193 0.165088
vt 0.505249 0.167984
vt 0.513581 0.368064
vt 0.490231 0.397306
vt 0.506601 0.365247
vt 0.405303 0.482592
vt 0.517156 0.330801
vt 0.516914 0.323616
vt 0.485131 0.402292
vt 0.457777 0.239952
vt 0.468216 0.228550
vt 0.476216 0.237342
vt 0.464408 0.250257
vt 0.451692 0.385395
vt 0.464931 0.389198
vt 0.465695 0.397948
vt 0.452594 0.396693
vt 0.386975 0.450466
vt 0.390827 0.463610
vt 0.355142 0.476232
vt 0.349762 0.463315
vt 0.481207 0.220873
vt 0.493146 0.214236
vt 0.500238 0.220146
vt 0.489944 0.228365
vt 0.464430 0.282896
vt 0.458315 0.293604
vt 0.450133 0.266711
vt 0.459822 0.266749
vt 0.481241 0.312669
vt 0.493352 0.319191
vt 0.477497 0.353474
vt 0.464171 0.348017
vt 0.404084 0.402893
vt 0.396047 0.417543
vt 0.383930 0.420397
vt 0.397129 0.396081
vt 0.421966 0.382568
vt 0.418991 0.394364
vt 0.437149 0.381709
vt 0.436526 0.393500
vt 0.468392 0.305009
vt 0.451187 0.342621
vt 0.439781 0.337848
vt 0.383221 0.435850
vt 0.344190 0.449863
vt 0.338960 0.437120
vt 0.450077 0.191074
vt 0.463528 0.185426
vt 0.476417 0.180025
vt 0.437326 0.196433
vt 0.432178 0.198598
vt 0.475955 0.296113
vt 0.489486 0.305299
vt 0.499874 0.313437
vt 0.433063 0.335007
vt 0.394948 0.435021
vt 0.398192 0.451136
vt 0.399911 0.464305
vt 0.336869 0.431979
vt 0.500061 0.207797
vt 0.502424 0.213009
vt 0.391295 0.473040
vt 0.359262 0.486099
vt 0.486268 0.175907
vt 0.487402 0.357493
vt 0.475443 0.386827
vt 0.396648 0.470909
vt 0.501731 0.321586
vt 0.499253 0.328161
vt 0.472689 0.393261
vt 0.024012 0.710870
vt 0.024111 0.781749
vt 0.014240 0.779008
vt 0.014240 0.708674
vt 0.559133 0.457888
vt 0.548473 0.522440
vt 0.538708 0.519417
vt 0.548735 0.457229
vt 0.558873 0.263623
vt 0.560932 0.328304
vt 0.550476 0.328300
vt 0.548788 0.263623
vt 0.049144 0.645897
vt 0.041038 0.640657
vt 0.105793 0.606801
vt 0.167857 0.580391
vt 0.169096 0.586230
vt 0.108183 0.612336
vt 0.036891 0.713628
vt 0.060432 0.653194
vt 0.065969 0.656092
vt 0.042954 0.712367
vt 0.038156 0.780967
vt 0.043679 0.779795
vt 0.372059 0.516714
vt 0.798925 0.559787
vt 0.851736 0.612824
vt 0.503256 0.276492
vt 0.514050 0.284968
vt 0.940208 0.255453
vt 0.957151 0.249600
vt 0.969485 0.263229
vt 0.942415 0.273770
vt 0.430123 0.453767
vt 0.687888 0.287460
vt 0.669250 0.294087
vt 0.516782 0.163176
vt 0.531529 0.207167
vt 0.760338 0.291362
vt 0.743705 0.286488
vt 0.741881 0.268261
vt 0.760338 0.261698
vt 0.725591 0.534708
vt 0.796742 0.558406
vt 0.428420 0.439892
vt 0.713877 0.108055
vt 0.716446 0.089526
vt 0.735279 0.083730
vt 0.744383 0.100048
vt 0.894558 0.212984
vt 0.910975 0.218322
vt 0.668095 0.070690
vt 0.686292 0.066817
vt 0.697733 0.083076
vt 0.684820 0.096599
vt 0.939798 0.179213
vt 0.938409 0.197651
vt 0.922200 0.204462
vt 0.910733 0.188490
vt 0.984538 0.211867
vt 0.966757 0.216611
vt 0.955605 0.202491
vt 0.967674 0.188489
vt 0.669624 0.040844
vt 0.686168 0.046666
vt 0.744264 0.316222
vt 0.732274 0.300716
vt 0.746125 0.067767
vt 0.764984 0.074405
vt 0.723457 0.059789
vt 0.709759 0.054969
vt 0.933755 0.224852
vt 0.945656 0.228256
vt 0.967920 0.234847
vt 0.720752 0.275774
vt 0.708975 0.279962
vt 0.984538 0.239743
vt 0.723307 0.566664
vt 0.778317 0.585238
vt 0.824072 0.629034
vt 0.835865 0.620022
vt 0.827381 0.633617
vt 0.839806 0.625514
vt 0.869054 0.688312
vt 0.869275 0.750726
vt 0.880153 0.514838
vt 0.880153 0.458779
vt 0.887279 0.457606
vt 0.887279 0.516501
vt 0.858669 0.458779
vt 0.858669 0.514839
vt 0.851543 0.516502
vt 0.851544 0.457606
vt 0.532307 0.945080
vt 0.532307 0.889021
vt 0.539432 0.887848
vt 0.539432 0.946743
vt 0.934767 0.804760
vt 0.934767 0.860819
vt 0.927641 0.862482
vt 0.927641 0.803587
vt 0.865202 0.691398
vt 0.865172 0.748269
vt 0.837633 0.629847
vt 0.831752 0.633237
vt 0.831204 0.621146
vt 0.726095 0.563295
vt 0.777757 0.580780
vt 0.825428 0.624715
vt 0.747976 0.340741
vt 0.765983 0.361150
vt 0.767398 0.407720
vt 0.761354 0.407720
vt 0.971436 0.346422
vt 0.989928 0.326171
vt 0.976242 0.392883
vt 0.968274 0.392884
vt 0.461536 0.554003
vt 0.479470 0.533491
vt 0.466323 0.600554
vt 0.460276 0.600556
vt 0.989928 0.459594
vt 0.971435 0.439348
vt 0.773061 0.395078
vt 0.769286 0.407731
vt 0.811270 0.407738
vt 0.807224 0.395121
vt 0.816305 0.360676
vt 0.816062 0.407746
vt 0.796611 0.387221
vt 0.783518 0.387204
vt 0.781489 0.365751
vt 0.798098 0.364110
vt 0.962746 0.404402
vt 0.966150 0.392884
vt 0.931644 0.381356
vt 0.927908 0.392883
vt 0.921159 0.392877
vt 0.921496 0.346970
vt 0.962747 0.381367
vt 0.953270 0.374242
vt 0.941353 0.374211
vt 0.939784 0.349257
vt 0.956230 0.350920
vt 0.931645 0.404399
vt 0.921476 0.438775
vt 0.941347 0.411556
vt 0.953264 0.411538
vt 0.956224 0.434857
vt 0.939766 0.436508
vt 0.421696 0.588846
vt 0.417928 0.600542
vt 0.411522 0.600532
vt 0.411394 0.553426
vt 0.456989 0.600557
vt 0.453372 0.588843
vt 0.443644 0.581564
vt 0.446095 0.558653
vt 0.431521 0.581553
vt 0.429574 0.556969
vt 0.885019 0.679673
vt 0.427842 0.423945
vt 0.491331 0.265060
vt 0.885581 0.682163
vt 0.885606 0.756787
vt 0.528095 0.235059
vt 0.515539 0.248673
vt 0.443721 0.426703
vt 0.423314 0.427637
vt 0.518212 0.369931
vt 0.496927 0.410998
vt 0.504619 0.256312
vt 0.490723 0.270895
vt 0.475132 0.427716
vt 0.456769 0.428894
vt 0.101579 0.601044
vt 0.166255 0.572840
vt 0.054371 0.649276
vt 0.029911 0.712139
vt 0.030602 0.782569
vt 0.065458 0.715961
vt 0.085735 0.668978
vt 0.089710 0.671540
vt 0.070087 0.716768
vt 0.108765 0.743408
vt 0.068018 0.749946
vt 0.071280 0.745235
vt 0.108048 0.738884
vt 0.174624 0.727669
vt 0.169933 0.724716
vt 0.120510 0.631511
vt 0.123059 0.635179
vt 0.113102 0.765063
vt 0.163265 0.665153
vt 0.184837 0.660410
vt 0.202996 0.745989
vt 0.151799 0.620501
vt 0.149117 0.625604
vt 0.158759 0.666086
vt 0.565436 0.458277
vt 0.554665 0.523655
vt 0.558783 0.393008
vt 0.565075 0.393064
vt 0.567253 0.328304
vt 0.565160 0.263623
vt 0.098008 0.596182
vt 0.162850 0.567254
vt 0.651222 0.370105
vt 0.635486 0.370229
vt 0.635878 0.309173
vt 0.651904 0.309127
vt 0.651081 0.492693
vt 0.635307 0.491672
vt 0.636820 0.431227
vt 0.652817 0.431131
vt 0.635077 0.248141
vt 0.650819 0.248141
vt 0.092004 0.588167
vt 0.156312 0.559367
vt 0.548683 0.392922
vt 0.441042 0.111203
vt 0.454443 0.108933
vt 0.448939 0.119469
vt 0.431684 0.120664
vt 0.300198 0.012122
vt 0.325013 0.008458
vt 0.316143 0.021070
vt 0.302916 0.021567
vt 0.471243 0.108896
vt 0.491703 0.124413
vt 0.476734 0.126366
vt 0.466843 0.117578
vt 0.413068 0.103114
vt 0.421499 0.093996
vt 0.421397 0.111278
vt 0.417094 0.116421
vt 0.664516 0.911914
vt 0.665865 0.903610
vt 0.736677 0.903394
vt 0.738684 0.911842
vt 0.805013 0.878622
vt 0.800069 0.871804
vt 0.849787 0.821580
vt 0.857182 0.826128
vt 0.266484 0.055057
vt 0.254475 0.048556
vt 0.254388 0.036279
vt 0.265864 0.048327
vt 0.280299 0.034549
vt 0.279919 0.047898
vt 0.288136 0.023632
vt 0.291381 0.035035
vt 0.669247 0.882865
vt 0.670262 0.876627
vt 0.730226 0.876525
vt 0.731683 0.882648
vt 0.787654 0.854851
vt 0.783954 0.849732
vt 0.826248 0.807160
vt 0.831596 0.810455
vt 0.734888 0.884381
vt 0.737991 0.887413
vt 0.740216 0.893923
vt 0.739178 0.898752
vt 0.844606 0.822503
vt 0.839800 0.821538
vt 0.833725 0.818267
vt 0.832229 0.814030
vt 0.669790 0.900580
vt 0.672737 0.896712
vt 0.729637 0.896285
vt 0.732353 0.900374
vt 0.853638 0.754487
vt 0.856769 0.757769
vt 0.839424 0.809368
vt 0.835086 0.809416
vt 0.115075 0.304242
vt 0.158781 0.253309
vt 0.220512 0.202566
vt 0.115075 0.243371
vt 0.134691 0.185781
vt 0.177681 0.142750
vt 0.408240 0.042953
vt 0.411094 0.038860
vt 0.427610 0.061393
vt 0.423017 0.063320
vt 0.412396 0.085843
vt 0.414387 0.067917
vt 0.422993 0.080064
vt 0.405362 0.058113
vt 0.855924 0.249738
vt 0.842767 0.238172
vt 0.847888 0.220511
vt 0.872311 0.238692
vt 0.241681 0.036666
vt 0.245450 0.025111
vt 0.230743 0.021841
vt 0.233881 0.012756
vt 0.217269 0.021184
vt 0.208319 0.008979
vt 0.207371 0.004078
vt 0.235850 0.008174
vt 0.881725 0.058518
vt 0.864396 0.057714
vt 0.858602 0.040125
vt 0.874426 0.030695
vt 0.487725 0.133563
vt 0.483130 0.129769
vt 0.204618 0.018248
vt 0.167901 0.030148
vt 0.164995 0.023196
vt 0.368169 0.021903
vt 0.365282 0.028855
vt 0.331030 0.017978
vt 0.210683 0.018865
vt 0.402174 0.050568
vt 0.397208 0.045379
vt 0.323901 0.018101
vt 0.420797 0.151219
vt 0.418114 0.139244
vt 0.435559 0.139883
vt 0.436201 0.151778
vt 0.312486 0.053758
vt 0.305068 0.045175
vt 0.313360 0.034980
vt 0.319053 0.041671
vt 0.220713 0.054478
vt 0.185357 0.071965
vt 0.179976 0.059048
vt 0.214054 0.042507
vt 0.450764 0.147895
vt 0.451568 0.136389
vt 0.464641 0.134838
vt 0.463861 0.144049
vt 0.394676 0.116419
vt 0.403149 0.130952
vt 0.396476 0.137829
vt 0.382660 0.113331
vt 0.385046 0.083716
vt 0.347764 0.071229
vt 0.353249 0.057887
vt 0.388865 0.070515
vt 0.266854 0.075363
vt 0.267015 0.085024
vt 0.240059 0.077657
vt 0.250644 0.070971
vt 0.283287 0.070703
vt 0.293747 0.076881
vt 0.296111 0.058843
vt 0.304943 0.066690
vt 0.337726 0.095786
vt 0.342435 0.084289
vt 0.381509 0.098222
vt 0.228496 0.067404
vt 0.190929 0.085418
vt 0.196159 0.098161
vt 0.393238 0.099018
vt 0.396133 0.082966
vt 0.397547 0.069863
vt 0.334944 0.102572
vt 0.237345 0.059584
vt 0.228120 0.045992
vt 0.219932 0.035540
vt 0.198249 0.103301
vt 0.471253 0.138304
vt 0.473296 0.143653
vt 0.175857 0.049181
vt 0.207659 0.035554
vt 0.328109 0.035867
vt 0.357342 0.047992
vt 0.212932 0.033236
vt 0.386575 0.060031
vt 0.393010 0.062847
vt 0.321600 0.033299
vt 0.053697 0.850766
vt 0.045659 0.856741
vt 0.017096 0.792468
vt 0.025004 0.785955
vt 0.559133 0.069357
vt 0.548735 0.070016
vt 0.538708 0.007828
vt 0.548473 0.004806
vt 0.550476 0.198945
vt 0.560932 0.198941
vt 0.103049 0.899935
vt 0.097770 0.908015
vt 0.170693 0.912656
vt 0.170629 0.906628
vt 0.236896 0.905748
vt 0.238135 0.911587
vt 0.064347 0.843016
vt 0.070399 0.841706
vt 0.114284 0.883786
vt 0.110401 0.888682
vt 0.163060 0.018566
vt 0.807977 0.882714
vt 0.741068 0.916292
vt 0.427863 0.079439
vt 0.426390 0.092997
vt 0.861816 0.266153
vt 0.880133 0.268359
vt 0.869592 0.295430
vt 0.855963 0.283096
vt 0.248569 0.021302
vt 0.843795 0.030050
vt 0.850423 0.011413
vt 0.495883 0.121731
vt 0.847698 0.102500
vt 0.818033 0.102500
vt 0.824596 0.084043
vt 0.842823 0.085867
vt 0.738561 0.916909
vt 0.663708 0.916892
vt 0.257254 0.032196
vt 0.746217 0.016163
vt 0.764984 0.041511
vt 0.747668 0.048530
vt 0.736616 0.032217
vt 0.819347 0.220503
vt 0.824685 0.236920
vt 0.687125 0.016618
vt 0.716390 0.006895
vt 0.717988 0.025524
vt 0.698885 0.031034
vt 0.785576 0.265743
vt 0.794852 0.236678
vt 0.810825 0.248145
vt 0.804014 0.264354
vt 0.818230 0.310483
vt 0.794852 0.293619
vt 0.808854 0.281550
vt 0.822974 0.292701
vt 0.857051 0.074436
vt 0.872557 0.086426
vt 0.831215 0.259700
vt 0.834619 0.271601
vt 0.841210 0.293865
vt 0.832109 0.062914
vt 0.836297 0.051137
vt 0.846107 0.310483
vt 0.729603 0.885625
vt 0.671618 0.885852
vt 0.786867 0.858579
vt 0.795200 0.870860
vt 0.791454 0.855278
vt 0.800679 0.866893
vt 0.848274 0.816544
vt 0.868197 0.757382
vt 0.927641 0.871325
vt 0.934767 0.869662
vt 0.934767 0.928557
vt 0.927641 0.927384
vt 0.489392 0.889021
vt 0.496517 0.887848
vt 0.496517 0.946743
vt 0.489392 0.945080
vt 0.546612 0.889511
vt 0.553737 0.887848
vt 0.553737 0.946743
vt 0.546612 0.945570
vt 0.503697 0.889021
vt 0.510822 0.887848
vt 0.510822 0.946743
vt 0.503697 0.945080
vt 0.845596 0.812397
vt 0.863527 0.758426
vt 0.795480 0.857019
vt 0.799988 0.862094
vt 0.791134 0.868317
vt 0.673195 0.889928
vt 0.727662 0.889681
vt 0.786785 0.863104
vt 0.747976 0.474665
vt 0.765982 0.454248
vt 0.848211 0.344502
vt 0.851356 0.390953
vt 0.843385 0.390953
vt 0.829729 0.324235
vt 0.687692 0.366081
vt 0.688950 0.412638
vt 0.682903 0.412640
vt 0.669756 0.345583
vt 0.829729 0.457671
vt 0.848211 0.437404
vt 0.773050 0.420317
vt 0.816213 0.454821
vt 0.807224 0.420341
vt 0.796589 0.428176
vt 0.798020 0.451300
vt 0.781460 0.449620
vt 0.783496 0.428163
vt 0.856889 0.402448
vt 0.853484 0.390953
vt 0.888001 0.379405
vt 0.898140 0.345017
vt 0.898488 0.390953
vt 0.891738 0.390953
vt 0.856889 0.379458
vt 0.866367 0.372321
vt 0.863405 0.349000
vt 0.879847 0.347320
vt 0.878286 0.372274
vt 0.898140 0.436889
vt 0.888001 0.402501
vt 0.878286 0.409632
vt 0.879847 0.434586
vt 0.863405 0.432906
vt 0.866367 0.409585
vt 0.727553 0.400941
vt 0.737891 0.365548
vt 0.737704 0.412662
vt 0.731299 0.412652
vt 0.692237 0.412637
vt 0.695859 0.400921
vt 0.703147 0.370726
vt 0.705584 0.393635
vt 0.719694 0.369062
vt 0.717715 0.393644
vt 0.860693 0.829783
vt 0.268359 0.043756
vt 0.426386 0.109816
vt 0.862012 0.827598
vt 0.455034 0.103863
vt 0.473591 0.104508
vt 0.262546 0.044403
vt 0.277417 0.030431
vt 0.326002 0.003590
vt 0.370086 0.017293
vt 0.441862 0.106255
vt 0.421784 0.106142
vt 0.285046 0.019586
vt 0.298791 0.007351
vt 0.239737 0.919137
vt 0.169181 0.919629
vt 0.106453 0.894725
vt 0.058572 0.847212
vt 0.089504 0.829283
vt 0.093406 0.826666
vt 0.129706 0.860028
vt 0.127114 0.863983
vt 0.117933 0.786614
vt 0.119115 0.791039
vt 0.082937 0.800168
vt 0.078042 0.797187
vt 0.184509 0.774252
vt 0.181420 0.778855
vt 0.174948 0.879712
vt 0.174107 0.884099
vt 0.221155 0.831567
vt 0.199516 0.835993
vt 0.207172 0.881454
vt 0.195020 0.836970
vt 0.202649 0.877880
vt 0.554665 0.003590
vt 0.565436 0.068968
vt 0.565075 0.134181
vt 0.558783 0.134238
vt 0.567253 0.198941
vt 0.167892 0.925521
vt 0.238894 0.925625
vt 0.651222 0.126178
vt 0.651904 0.187155
vt 0.635878 0.187109
vt 0.635486 0.126053
vt 0.651081 0.003590
vt 0.652817 0.065151
vt 0.636820 0.065055
vt 0.635307 0.004610
vt 0.236122 0.935487
vt 0.165660 0.935284
vt 0.548683 0.134323
vt 0.094076 0.424077
vt 0.080676 0.426347
vt 0.086179 0.415811
vt 0.103435 0.414616
vt 0.234920 0.523158
vt 0.210106 0.526823
vt 0.218976 0.514210
vt 0.232202 0.513713
vt 0.063876 0.426384
vt 0.043415 0.410867
vt 0.058384 0.408914
vt 0.068275 0.417702
vt 0.122051 0.432166
vt 0.113619 0.441284
vt 0.113721 0.424003
vt 0.118024 0.418860
vt 0.652564 0.548343
vt 0.650538 0.539901
vt 0.584307 0.573151
vt 0.589260 0.579963
vt 0.539566 0.630195
vt 0.532164 0.625659
vt 0.517151 0.697130
vt 0.508849 0.695791
vt 0.268634 0.480223
vt 0.280644 0.486725
vt 0.280731 0.499001
vt 0.269255 0.486953
vt 0.254819 0.500731
vt 0.255199 0.487382
vt 0.246983 0.511648
vt 0.243738 0.500246
vt 0.682131 0.569829
vt 0.680673 0.563708
vt 0.601695 0.596885
vt 0.605407 0.601995
vt 0.563125 0.644584
vt 0.557773 0.641295
vt 0.544130 0.701450
vt 0.537901 0.700451
vt 0.654412 0.567357
vt 0.651305 0.564331
vt 0.649033 0.557814
vt 0.650073 0.552981
vt 0.544750 0.629268
vt 0.549558 0.630228
vt 0.555638 0.633492
vt 0.557137 0.637724
vt 0.719526 0.551033
vt 0.716587 0.554909
vt 0.659629 0.555441
vt 0.656899 0.551358
vt 0.535819 0.697253
vt 0.532681 0.693977
vt 0.549947 0.642389
vt 0.554285 0.642335
vt 0.420603 0.233083
vt 0.376897 0.284016
vt 0.337996 0.218428
vt 0.393765 0.178495
vt 0.420603 0.293954
vt 0.400987 0.351544
vt 0.126878 0.492327
vt 0.124025 0.496421
vt 0.107509 0.473887
vt 0.112101 0.471960
vt 0.122723 0.449438
vt 0.120731 0.467363
vt 0.112126 0.455216
vt 0.129756 0.477167
vt 0.854771 0.145288
vt 0.841615 0.133722
vt 0.846736 0.116061
vt 0.871158 0.134242
vt 0.293438 0.498614
vt 0.289668 0.510169
vt 0.304375 0.513439
vt 0.301238 0.522524
vt 0.317849 0.514096
vt 0.326799 0.526301
vt 0.327747 0.531203
vt 0.299268 0.527106
vt 0.686018 0.240072
vt 0.696335 0.254019
vt 0.686353 0.269617
vt 0.669049 0.263299
vt 0.047394 0.401717
vt 0.051988 0.405511
vt 0.330501 0.517033
vt 0.022926 0.370192
vt 0.029870 0.367296
vt 0.166949 0.513377
vt 0.169836 0.506425
vt 0.204088 0.517302
vt 0.324435 0.516415
vt 0.132944 0.484712
vt 0.137911 0.489901
vt 0.211217 0.517179
vt 0.114322 0.384061
vt 0.117005 0.396037
vt 0.099559 0.395397
vt 0.098917 0.383503
vt 0.222633 0.481522
vt 0.230050 0.490105
vt 0.221759 0.500301
vt 0.216065 0.493609
vt 0.314405 0.480802
vt 0.321065 0.492773
vt 0.084354 0.387385
vt 0.083550 0.398891
vt 0.070478 0.400443
vt 0.071257 0.391232
vt 0.140443 0.418861
vt 0.131970 0.404328
vt 0.138642 0.397452
vt 0.152458 0.421949
vt 0.150072 0.451564
vt 0.187354 0.464051
vt 0.181870 0.477393
vt 0.146254 0.464766
vt 0.268265 0.459917
vt 0.268104 0.450256
vt 0.295060 0.457623
vt 0.284475 0.464309
vt 0.251831 0.464578
vt 0.241371 0.458399
vt 0.239007 0.476437
vt 0.230176 0.468590
vt 0.197393 0.439494
vt 0.192683 0.450992
vt 0.153609 0.437058
vt 0.306623 0.467876
vt 0.085042 0.344206
vt 0.071591 0.349854
vt 0.058701 0.355256
vt 0.097793 0.338847
vt 0.102941 0.336682
vt 0.141881 0.436262
vt 0.138986 0.452314
vt 0.137571 0.465417
vt 0.200175 0.432708
vt 0.297773 0.475697
vt 0.306998 0.489288
vt 0.315186 0.499740
vt 0.063866 0.396976
vt 0.061822 0.391627
vt 0.327459 0.499726
vt 0.048851 0.359373
vt 0.207009 0.499413
vt 0.177777 0.487288
vt 0.322186 0.502044
vt 0.148544 0.475249
vt 0.142109 0.472433
vt 0.213518 0.501981
vt 0.352295 0.641211
vt 0.360333 0.635236
vt 0.388896 0.699509
vt 0.380988 0.706022
vt 0.582553 0.457888
vt 0.592951 0.457229
vt 0.602978 0.519417
vt 0.593213 0.522439
vt 0.582814 0.263623
vt 0.592899 0.263623
vt 0.591211 0.328300
vt 0.580755 0.328304
vt 0.302943 0.592043
vt 0.308222 0.583963
vt 0.235299 0.579321
vt 0.235363 0.585350
vt 0.341645 0.648961
vt 0.335593 0.650271
vt 0.291708 0.608191
vt 0.295591 0.603295
vt 0.367836 0.711011
vt 0.362312 0.712183
vt 0.581339 0.569062
vt 0.648148 0.535453
vt 0.107256 0.455841
vt 0.108728 0.442283
vt 0.860664 0.161703
vt 0.878980 0.163909
vt 0.868439 0.190980
vt 0.854810 0.178645
vt 0.286549 0.513978
vt 0.039236 0.413549
vt 0.018337 0.372105
vt 0.741609 0.238693
vt 0.731788 0.252974
vt 0.650638 0.534834
vt 0.277865 0.503084
vt 0.745065 0.125728
vt 0.763832 0.151076
vt 0.746515 0.158095
vt 0.735463 0.141782
vt 0.818195 0.116053
vt 0.823532 0.132470
vt 0.685972 0.126183
vt 0.715238 0.116460
vt 0.716835 0.135089
vt 0.697732 0.140599
vt 0.784424 0.161293
vt 0.793700 0.132227
vt 0.809672 0.143694
vt 0.802861 0.159904
vt 0.817077 0.206032
vt 0.793699 0.189168
vt 0.807701 0.177099
vt 0.821821 0.188251
vt 0.668472 0.150409
vt 0.685015 0.156231
vt 0.713940 0.249157
vt 0.713449 0.229563
vt 0.763832 0.183970
vt 0.744972 0.177332
vt 0.722304 0.169355
vt 0.708606 0.164534
vt 0.830062 0.155249
vt 0.833466 0.167151
vt 0.840057 0.189414
vt 0.844954 0.206032
vt 0.659695 0.566105
vt 0.717734 0.565767
vt 0.602473 0.593161
vt 0.594132 0.580903
vt 0.597895 0.596462
vt 0.588652 0.584870
vt 0.541086 0.635228
vt 0.521255 0.694381
vt 0.894458 0.459269
vt 0.901584 0.457606
vt 0.901584 0.516502
vt 0.894459 0.515329
vt 0.915888 0.515329
vt 0.908763 0.516502
vt 0.908763 0.457606
vt 0.915889 0.459269
vt 0.865848 0.459269
vt 0.872974 0.457606
vt 0.872974 0.516502
vt 0.865849 0.515329
vt 0.934767 0.729159
vt 0.927641 0.730332
vt 0.927641 0.671437
vt 0.934767 0.673100
vt 0.543772 0.639369
vt 0.525923 0.693330
vt 0.593865 0.594728
vt 0.589350 0.589664
vt 0.598204 0.583442
vt 0.716147 0.561695
vt 0.661625 0.562044
vt 0.602548 0.588638
vt 0.479664 0.674791
vt 0.466286 0.741736
vt 0.460242 0.741737
vt 0.461658 0.695209
vt 0.438557 0.934443
vt 0.435413 0.887992
vt 0.443383 0.887992
vt 0.457040 0.954711
vt 0.461535 0.647114
vt 0.479470 0.667612
vt 0.457040 0.821274
vt 0.438557 0.841541
vt 0.454590 0.729140
vt 0.458354 0.741726
vt 0.416370 0.741719
vt 0.411578 0.741710
vt 0.411427 0.694636
vt 0.420416 0.729116
vt 0.431052 0.721281
vt 0.429620 0.698156
vt 0.446180 0.699837
vt 0.444144 0.721293
vt 0.429880 0.876497
vt 0.433285 0.887992
vt 0.398767 0.899540
vt 0.388628 0.933928
vt 0.388281 0.887992
vt 0.395031 0.887992
vt 0.429880 0.899488
vt 0.420402 0.906625
vt 0.423363 0.929945
vt 0.406922 0.931626
vt 0.408482 0.906671
vt 0.388628 0.842057
vt 0.398767 0.876445
vt 0.408482 0.869314
vt 0.406922 0.844359
vt 0.423363 0.846040
vt 0.420402 0.869360
vt 0.421673 0.612254
vt 0.411335 0.647647
vt 0.453368 0.612273
vt 0.446079 0.642468
vt 0.443643 0.619559
vt 0.429532 0.644133
vt 0.431512 0.619550
vt 0.528650 0.622007
vt 0.266760 0.491524
vt 0.108733 0.425465
vt 0.503852 0.694985
vt 0.527329 0.624203
vt 0.080084 0.431417
vt 0.061528 0.430772
vt 0.272573 0.490877
vt 0.257702 0.504849
vt 0.209116 0.531690
vt 0.165032 0.517988
vt 0.093256 0.429026
vt 0.113335 0.429138
vt 0.250073 0.515694
vt 0.236327 0.527929
vt 0.236811 0.572349
vt 0.299539 0.597253
vt 0.347419 0.644765
vt 0.375390 0.709408
vt 0.316488 0.662694
vt 0.312586 0.665312
vt 0.276286 0.631949
vt 0.278878 0.627995
vt 0.288059 0.705363
vt 0.286877 0.700938
vt 0.323055 0.691810
vt 0.327950 0.694790
vt 0.221483 0.717725
vt 0.224572 0.713122
vt 0.231044 0.612266
vt 0.231884 0.607879
vt 0.292890 0.726914
vt 0.206476 0.655984
vt 0.198820 0.610524
vt 0.210972 0.655007
vt 0.203343 0.614098
vt 0.587021 0.523655
vt 0.576250 0.458277
vt 0.576612 0.393064
vt 0.582903 0.393007
vt 0.574433 0.328304
vt 0.576526 0.263623
vt 0.238100 0.566456
vt 0.167098 0.566353
vt 0.626302 0.126178
vt 0.626984 0.187155
vt 0.610958 0.187109
vt 0.610566 0.126053
vt 0.626161 0.003590
vt 0.627898 0.065151
vt 0.611901 0.065055
vt 0.610387 0.004610
vt 0.625899 0.248141
vt 0.610157 0.248141
vt 0.169870 0.556490
vt 0.240332 0.556693
vt 0.593003 0.392922
vt 0.034611 0.281844
vt 0.047942 0.281729
vt 0.034986 0.293194
vt 0.023608 0.289741
vt 0.062392 0.111918
vt 0.067206 0.120485
vt 0.057559 0.129548
vt 0.042350 0.127001
vt 0.011795 0.301636
vt 0.021068 0.304590
vt 0.020359 0.317783
vt 0.008437 0.327033
vt 0.048303 0.256250
vt 0.055029 0.268263
vt 0.048336 0.267692
vt 0.035960 0.255943
vt 0.594170 0.888399
vt 0.598753 0.881024
vt 0.541822 0.835906
vt 0.508900 0.769680
vt 0.517353 0.767701
vt 0.548669 0.831005
vt 0.116663 0.117915
vt 0.112290 0.112755
vt 0.111623 0.096174
vt 0.120329 0.104804
vt 0.102149 0.122579
vt 0.092321 0.113520
vt 0.084914 0.121741
vt 0.079060 0.111427
vt 0.610064 0.862923
vt 0.613384 0.857577
vt 0.565816 0.818858
vt 0.538126 0.762906
vt 0.544241 0.761473
vt 0.570946 0.815174
vt 0.606476 0.863555
vt 0.597853 0.875829
vt 0.598402 0.870920
vt 0.602573 0.865449
vt 0.521979 0.770213
vt 0.536397 0.766093
vt 0.533641 0.769636
vt 0.526845 0.770818
vt 0.663102 0.899493
vt 0.603814 0.879527
vt 0.607684 0.876508
vt 0.661537 0.894892
vt 0.534916 0.702837
vt 0.535144 0.760818
vt 0.531046 0.759399
vt 0.530906 0.704972
vt 0.350732 0.135503
vt 0.288435 0.160472
vt 0.293106 0.115894
vt 0.232266 0.115913
vt 0.008512 0.210687
vt 0.012814 0.235555
vt 0.008235 0.237520
vt 0.003590 0.209868
vt 0.036448 0.243605
vt 0.024891 0.247217
vt 0.022109 0.232546
vt 0.021385 0.219218
vt 0.955492 0.078089
vt 0.966538 0.061703
vt 0.984720 0.086125
vt 0.967058 0.091246
vt 0.120816 0.087318
vt 0.109905 0.081933
vt 0.109173 0.064989
vt 0.117858 0.069094
vt 0.124423 0.044064
vt 0.126852 0.059013
vt 0.104520 0.063191
vt 0.121598 0.039947
vt 0.796408 0.028181
vt 0.819634 0.011211
vt 0.825952 0.028515
vt 0.810355 0.038497
vt 0.018277 0.324721
vt 0.017740 0.330647
vt 0.133628 0.047932
vt 0.021538 0.167216
vt 0.044888 0.137975
vt 0.028517 0.170034
vt 0.129815 0.052689
vt 0.017963 0.204479
vt 0.018204 0.211664
vt 0.049988 0.132988
vt 0.077342 0.295328
vt 0.066903 0.306730
vt 0.058903 0.297938
vt 0.070711 0.285023
vt 0.083426 0.149885
vt 0.070188 0.146082
vt 0.069424 0.137332
vt 0.082525 0.138587
vt 0.148144 0.084814
vt 0.144291 0.071670
vt 0.053912 0.314408
vt 0.041973 0.321044
vt 0.034881 0.315134
vt 0.045175 0.306915
vt 0.070689 0.252385
vt 0.076803 0.241676
vt 0.084985 0.268569
vt 0.075297 0.268531
vt 0.053877 0.222611
vt 0.041767 0.216089
vt 0.057622 0.181806
vt 0.070948 0.187263
vt 0.131034 0.132387
vt 0.139071 0.117737
vt 0.151188 0.114883
vt 0.137990 0.139199
vt 0.113152 0.152712
vt 0.116127 0.140916
vt 0.097970 0.153571
vt 0.098592 0.141780
vt 0.066726 0.230271
vt 0.083932 0.192659
vt 0.095337 0.197432
vt 0.151898 0.099430
vt 0.059164 0.239167
vt 0.045633 0.229982
vt 0.035245 0.221843
vt 0.102055 0.200273
vt 0.140171 0.100259
vt 0.136926 0.084144
vt 0.135207 0.070975
vt 0.035058 0.327483
vt 0.032694 0.322271
vt 0.143824 0.062240
vt 0.047716 0.177787
vt 0.059676 0.148453
vt 0.138471 0.064371
vt 0.033387 0.213694
vt 0.035866 0.207119
vt 0.062430 0.142020
vt 0.381980 0.781107
vt 0.381881 0.710229
vt 0.391752 0.712969
vt 0.391752 0.783303
vt 0.582553 0.069357
vt 0.593213 0.004806
vt 0.602978 0.007828
vt 0.592951 0.070016
vt 0.580755 0.198941
vt 0.591211 0.198945
vt 0.356848 0.846080
vt 0.364954 0.851320
vt 0.300199 0.885176
vt 0.297809 0.879641
vt 0.369100 0.778349
vt 0.345560 0.838783
vt 0.340023 0.835885
vt 0.363038 0.779610
vt 0.590492 0.891859
vt 0.537715 0.838849
vt 0.031862 0.258789
vt 0.021069 0.250313
vt 0.939077 0.072197
vt 0.922135 0.078050
vt 0.909800 0.064421
vt 0.936871 0.053880
vt 0.104996 0.081514
vt 0.003590 0.328114
vt 0.795028 0.083771
vt 0.809309 0.073950
vt 0.592683 0.893244
vt 0.106699 0.095388
vt 0.712724 0.217620
vt 0.715294 0.199091
vt 0.734127 0.193295
vt 0.743230 0.209613
vt 0.984728 0.114666
vt 0.968310 0.109329
vt 0.666942 0.180255
vt 0.685139 0.176382
vt 0.696580 0.192641
vt 0.683667 0.206164
vt 0.939487 0.148437
vt 0.940876 0.129999
vt 0.957086 0.123188
vt 0.968553 0.139161
vt 0.894748 0.115784
vt 0.912529 0.111039
vt 0.923681 0.125160
vt 0.911612 0.139162
vt 0.785898 0.055611
vt 0.805493 0.056102
vt 0.945531 0.102798
vt 0.933629 0.099394
vt 0.911366 0.092803
vt 0.894748 0.087907
vt 0.666049 0.884951
vt 0.611095 0.866402
vt 0.565382 0.822643
vt 0.553582 0.831647
vt 0.562074 0.818063
vt 0.549644 0.826161
vt 0.520382 0.763401
vt 0.520182 0.701026
vt 0.934767 0.739175
vt 0.934767 0.795235
vt 0.927641 0.796408
vt 0.927641 0.737512
vt 0.937374 0.515328
vt 0.937373 0.459269
vt 0.944499 0.457606
vt 0.944499 0.516501
vt 0.930194 0.459269
vt 0.930194 0.515329
vt 0.923068 0.516502
vt 0.923068 0.457606
vt 0.518002 0.945570
vt 0.518002 0.889511
vt 0.525127 0.887848
vt 0.525127 0.946743
vt 0.524235 0.760317
vt 0.524284 0.703479
vt 0.551817 0.821830
vt 0.557700 0.818442
vt 0.558244 0.830525
vt 0.663256 0.888321
vt 0.611654 0.870860
vt 0.564023 0.826960
vt 0.479664 0.808715
vt 0.461657 0.788307
vt 0.977919 0.551086
vt 0.996410 0.530835
vt 0.982725 0.597547
vt 0.974757 0.597548
vt 0.687691 0.459192
vt 0.669756 0.479704
vt 0.996410 0.664258
vt 0.977918 0.644012
vt 0.454579 0.754379
vt 0.420416 0.754336
vt 0.411335 0.788781
vt 0.431029 0.762236
vt 0.444122 0.762252
vt 0.446151 0.783706
vt 0.429542 0.785346
vt 0.969229 0.609066
vt 0.972633 0.597548
vt 0.938127 0.586020
vt 0.934391 0.597547
vt 0.927641 0.597541
vt 0.927978 0.551634
vt 0.969229 0.586031
vt 0.959753 0.578906
vt 0.947835 0.578875
vt 0.946266 0.553921
vt 0.962713 0.555584
vt 0.938127 0.609063
vt 0.927958 0.643439
vt 0.947829 0.616220
vt 0.959746 0.616202
vt 0.962706 0.639521
vt 0.946248 0.641172
vt 0.727530 0.424349
vt 0.737832 0.459768
vt 0.695854 0.424351
vt 0.705582 0.431630
vt 0.703131 0.454541
vt 0.717706 0.431641
vt 0.719653 0.456226
vt 0.504417 0.772044
vt 0.107277 0.111335
vt 0.043788 0.270220
vt 0.503852 0.769543
vt 0.007023 0.300221
vt 0.019580 0.286607
vt 0.091398 0.108577
vt 0.111804 0.107643
vt 0.016907 0.165349
vt 0.038192 0.124282
vt 0.030499 0.278969
vt 0.044396 0.264385
vt 0.059986 0.107564
vt 0.078350 0.106386
vt 0.304413 0.890933
vt 0.351621 0.842702
vt 0.376081 0.779839
vt 0.340534 0.776016
vt 0.320257 0.822999
vt 0.316282 0.820438
vt 0.335905 0.775209
vt 0.297227 0.748569
vt 0.337974 0.742032
vt 0.334712 0.746742
vt 0.297944 0.753093
vt 0.231368 0.764309
vt 0.236059 0.767261
vt 0.285482 0.860466
vt 0.282932 0.856798
vt 0.242727 0.826824
vt 0.254192 0.871476
vt 0.256875 0.866373
vt 0.247233 0.825891
vt 0.576250 0.068968
vt 0.587021 0.003590
vt 0.582903 0.134238
vt 0.576612 0.134181
vt 0.574433 0.198941
vt 0.307983 0.895795
vt 0.243142 0.924723
vt 0.626302 0.370105
vt 0.610566 0.370229
vt 0.610958 0.309173
vt 0.626984 0.309127
vt 0.626161 0.492693
vt 0.610387 0.491672
vt 0.611901 0.431227
vt 0.627898 0.431131
vt 0.313987 0.903810
vt 0.249680 0.932610
vt 0.593003 0.134323
s 1
f 127/1/1 29/2/1 4/3/1 129/4/1
f 47/5/1 23/6/1 7/7/1 134/8/1
f 45/9/1 25/10/1 10/11/1 128/12/1
f 28/13/1 21/14/1 20/15/1 132/16/1
f 16/17/2 17/18/3 36/19/3 37/20/2
f 15/21/4 20/22/5 39/23/5 38/24/4
f 17/18/3 15/21/4 38/24/4 36/19/3
f 20/22/5 14/25/6 40/26/6 39/23/5
f 22/27/1 17/28/1 138/29/1 30/30/1
f 22/27/1 27/31/1 130/32/1 17/28/1
f 130/32/1 27/31/1 2/33/1 135/34/1
f 135/34/1 2/33/1 23/6/1 47/5/1
f 129/4/1 4/3/1 25/10/1 45/9/1
f 35/35/7 34/36/8 12/37/8 11/38/7
f 32/39/9 33/40/10 18/41/10 19/42/9
f 34/36/8 32/39/9 19/42/9 12/37/8
f 33/40/10 31/43/11 13/44/11 18/41/10
f 173/45/12 174/46/12 193/47/12 191/48/12
f 179/49/13 176/50/13 194/51/13 196/52/13
f 170/53/14 171/54/14 189/55/14 185/56/14
f 180/57/15 181/58/15 198/59/15 187/60/15
f 18/61/16 13/62/17 41/63/18 42/64/19
f 42/64/19 41/63/18 43/65/1 44/66/20
f 19/67/21 18/61/16 42/64/19 12/68/22
f 12/68/22 42/64/19 44/66/20 11/69/23
f 21/14/1 29/2/1 127/1/1 20/15/1
f 131/70/24 133/71/25 221/72/25 217/73/24
f 3/74/1 46/75/1 133/71/1 24/76/1
f 28/13/1 132/16/1 46/75/1 3/74/1
f 24/76/1 133/71/1 131/70/1 9/77/1
f 155/78/26 242/79/26 240/80/27 153/81/27
f 1/82/1 30/30/1 138/29/1 48/83/1
f 1/82/1 48/83/1 139/84/1 26/85/1
f 26/85/1 139/84/1 136/86/1 6/87/1
f 136/86/28 139/84/29 226/88/29 200/89/28
f 247/90/30 245/91/31 158/92/31 160/93/30
f 128/12/1 10/11/1 55/94/1 56/95/1
f 136/86/1 137/96/1 50/97/1 59/98/1
f 5/99/1 128/12/1 56/95/1 49/100/1
f 8/101/1 134/8/1 58/102/1 53/103/1
f 6/87/1 136/86/1 59/98/1 51/104/1
f 9/77/1 131/70/1 57/105/1 54/106/1
f 134/8/1 7/7/1 52/107/1 58/102/1
f 131/70/1 8/101/1 53/103/1 57/105/1
f 105/108/32 64/109/32 65/110/32 94/111/32
f 99/112/32 69/113/32 70/114/32 75/115/32
f 103/116/32 67/117/32 68/118/32 78/119/32
f 101/120/32 71/121/32 72/122/32 81/123/32
f 96/124/32 110/125/32 281/126/32 92/127/32
f 109/128/32 108/129/32 97/130/32 73/131/32
f 84/132/32 93/133/32 106/134/32 278/135/32
f 84/132/32 278/135/32 104/136/32 95/137/32
f 104/136/32 62/138/32 63/139/32 95/137/32
f 110/125/32 107/140/32 74/141/32 86/142/32
f 62/138/32 99/112/32 75/115/32 63/139/32
f 64/109/32 101/120/32 81/123/32 65/110/32
f 60/143/32 103/116/32 78/119/32 61/144/32
f 60/143/32 61/144/32 66/145/32 106/134/32
f 92/127/32 281/126/32 105/108/32 94/111/32
f 79/146/32 80/147/32 101/120/32 64/109/32
f 80/147/32 100/148/32 71/121/32 101/120/32
f 91/149/32 79/146/32 64/109/32 105/108/32
f 281/126/32 282/150/32 91/149/32 105/108/32
f 107/140/32 109/128/32 73/131/32 74/141/32
f 82/151/32 83/152/32 109/128/32 107/140/32
f 96/124/32 82/151/32 107/140/32 110/125/32
f 83/152/32 98/153/32 108/129/32 109/128/32
f 110/125/32 86/142/32 280/154/32 281/126/32
f 74/141/32 73/131/32 99/112/32 62/138/32
f 86/142/32 74/141/32 62/138/32 104/136/32
f 73/131/32 97/130/32 69/113/32 99/112/32
f 76/155/32 60/143/32 106/134/32 93/133/32
f 76/155/32 77/156/32 103/116/32 60/143/32
f 77/156/32 102/157/32 67/117/32 103/116/32
f 106/134/32 66/145/32 279/158/32 278/135/32
f 278/135/32 280/154/32 86/142/32 104/136/32
f 71/121/32 115/159/32 116/160/32 72/122/32
f 67/117/32 111/161/32 112/162/32 68/118/32
f 100/148/32 117/163/32 115/159/32 71/121/32
f 97/130/32 119/164/32 113/165/32 69/113/32
f 102/157/32 121/166/32 111/161/32 67/117/32
f 98/153/32 120/167/32 118/168/32 108/129/32
f 69/113/32 113/165/32 114/169/32 70/114/32
f 108/129/32 118/168/32 119/164/32 97/130/32
f 51/104/33 121/166/33 102/157/34 6/87/35
f 55/94/36 116/160/36 115/159/36 56/95/36
f 1/82/37 76/155/38 93/133/39 30/30/40
f 54/106/41 120/167/42 98/153/43 9/77/44
f 4/3/45 65/110/46 81/123/47 25/10/48
f 56/95/36 115/159/36 117/163/36 49/100/36
f 53/103/49 119/164/49 118/168/50 57/105/50
f 7/7/51 70/114/52 114/169/53 52/107/54
f 6/87/35 102/157/34 77/156/55 26/85/56
f 57/105/50 118/168/50 120/167/42 54/106/41
f 58/102/57 113/165/57 119/164/49 53/103/49
f 23/6/58 75/115/59 70/114/52 7/7/51
f 59/98/60 111/161/60 121/166/60 51/104/60
f 30/30/40 93/133/39 84/132/61 22/27/61
f 26/85/56 77/156/55 76/155/38 1/82/37
f 29/2/62 94/111/63 65/110/46 4/3/45
f 22/27/61 84/132/61 95/137/64 27/31/65
f 10/11/66 72/122/67 116/160/68 55/94/68
f 27/31/65 95/137/64 63/139/69 2/33/70
f 3/74/71 82/151/72 96/124/73 28/13/74
f 28/13/74 96/124/73 92/127/75 21/14/75
f 25/10/48 81/123/47 72/122/67 10/11/66
f 24/76/76 83/152/77 82/151/72 3/74/71
f 2/33/70 63/139/69 75/115/59 23/6/58
f 21/14/75 92/127/75 94/111/63 29/2/62
f 9/77/44 98/153/43 83/152/77 24/76/76
f 50/97/60 112/162/60 111/161/60 59/98/60
f 52/107/54 114/169/53 113/165/57 58/102/57
f 252/170/78 253/171/79 297/172/79 291/173/78
f 85/174/80 88/175/81 293/176/81 294/177/80
f 90/178/82 89/179/83 290/180/83 296/181/82
f 251/182/1 252/170/78 291/173/78 288/183/1
f 122/184/84 124/185/85 258/186/85 266/187/86
f 125/188/87 123/189/88 268/190/89 269/191/90
f 123/189/88 122/184/84 266/187/86 268/190/89
f 126/192/91 125/188/87 269/191/90 255/193/91
f 137/96/92 136/86/92 200/89/92 201/194/92
f 15/21/93 17/18/94 204/195/94 203/196/93
f 46/75/95 132/16/96 219/197/96 220/198/95
f 154/199/97 146/200/98 233/201/98 241/202/97
f 139/84/29 48/83/99 225/203/99 226/88/29
f 159/204/92 158/92/31 245/91/31 246/205/92
f 128/12/100 5/99/100 213/206/100 214/207/100
f 243/208/101 156/209/101 157/210/102 244/211/102
f 17/18/103 16/17/102 205/212/102 204/213/103
f 133/71/25 46/75/95 220/198/95 221/72/25
f 155/78/26 154/199/97 241/202/97 242/79/26
f 48/83/99 138/29/104 212/214/104 225/203/99
f 231/215/105 144/216/105 140/217/106 227/218/106
f 236/219/93 149/220/93 153/81/27 240/80/27
f 230/221/107 143/222/107 145/223/108 232/224/108
f 239/225/109 152/226/109 148/227/110 235/228/110
f 232/224/108 145/223/108 144/216/105 231/215/105
f 237/229/111 150/230/111 151/231/112 238/232/112
f 229/233/113 142/234/113 143/222/107 230/221/107
f 238/232/112 151/231/112 152/226/109 239/225/109
f 243/208/101 248/235/114 161/236/114 156/209/101
f 227/218/106 140/217/106 141/237/100 228/238/100
f 161/236/114 248/235/114 247/90/30 160/93/30
f 140/217/1 144/216/1 162/239/1 141/237/1
f 144/216/1 145/223/1 163/240/1 162/239/1
f 145/223/1 143/222/1 142/234/1 163/240/1
f 152/226/1 164/241/1 149/220/1 148/227/1
f 164/241/1 155/78/1 153/81/1 149/220/1
f 151/231/1 165/242/1 164/241/1 152/226/1
f 165/242/1 154/199/1 155/78/1 164/241/1
f 150/230/1 147/243/1 165/242/1 151/231/1
f 147/243/1 146/200/1 154/199/1 165/242/1
f 161/236/1 166/244/1 157/210/1 156/209/1
f 160/93/1 167/245/1 166/244/1 161/236/1
f 158/92/1 159/204/1 167/245/1 160/93/1
f 236/219/93 235/228/110 148/227/110 149/220/93
f 234/246/115 147/243/115 150/230/111 237/229/111
f 34/36/1 35/35/1 169/247/1 168/248/1
f 35/35/1 37/20/1 170/53/1 169/247/1
f 37/20/1 36/19/1 171/54/1 170/53/1
f 36/19/1 34/36/1 168/248/1 171/54/1
f 32/39/1 34/36/1 173/45/1 172/249/1
f 34/36/1 36/19/1 174/46/1 173/45/1
f 36/19/1 38/24/1 175/250/1 174/46/1
f 38/24/1 32/39/1 172/249/1 175/250/1
f 33/40/1 32/39/1 177/251/1 176/50/1
f 32/39/1 38/24/1 178/252/1 177/251/1
f 38/24/1 39/23/1 179/49/1 178/252/1
f 39/23/1 33/40/1 176/50/1 179/49/1
f 31/43/1 33/40/1 181/58/1 180/57/1
f 33/40/1 39/23/1 182/253/1 181/58/1
f 39/23/1 40/26/1 183/254/1 182/253/1
f 40/26/1 31/43/1 180/57/1 183/254/1
f 188/255/1 184/256/1 185/257/1 189/258/1
f 190/259/1 191/260/1 193/261/1 192/262/1
f 194/263/1 195/264/1 197/265/1 196/266/1
f 187/267/1 198/268/1 199/269/1 186/270/1
f 181/58/116 182/253/116 199/271/116 198/59/116
f 183/254/102 180/57/102 187/60/102 186/272/102
f 177/251/117 178/252/117 197/273/117 195/274/117
f 174/46/118 175/250/118 192/275/118 193/47/118
f 182/253/119 183/254/119 186/272/119 199/271/119
f 178/252/120 179/49/120 196/52/120 197/273/120
f 169/247/113 170/53/113 185/56/113 184/276/113
f 168/248/121 169/247/121 184/276/121 188/277/121
f 172/249/122 173/45/122 191/48/122 190/278/122
f 171/54/123 168/248/123 188/277/123 189/55/123
f 176/50/124 177/251/124 195/274/124 194/51/124
f 175/250/125 172/249/125 190/278/125 192/275/125
f 206/279/1 210/280/1 208/281/1 207/282/1
f 219/283/1 206/284/1 203/285/1 202/286/1
f 212/287/1 204/288/1 205/289/1 211/290/1
f 204/291/1 209/292/1 202/286/1 203/285/1
f 227/293/1 228/294/1 208/281/1 210/280/1
f 229/295/1 230/296/1 214/297/1 213/298/1
f 232/299/1 231/300/1 215/301/1 216/302/1
f 230/296/1 232/299/1 216/302/1 214/297/1
f 231/300/1 227/293/1 210/280/1 215/301/1
f 233/303/1 234/304/1 202/286/1 209/292/1
f 235/305/1 236/306/1 218/307/1 217/308/1
f 234/304/1 237/309/1 219/283/1 202/286/1
f 238/310/1 239/311/1 221/312/1 220/313/1
f 237/309/1 238/310/1 220/313/1 219/283/1
f 239/311/1 235/305/1 217/308/1 221/312/1
f 236/306/1 240/314/1 222/315/1 218/307/1
f 242/316/1 241/317/1 223/318/1 224/319/1
f 241/317/1 233/303/1 209/292/1 223/318/1
f 240/314/1 242/316/1 224/319/1 222/315/1
f 243/320/1 244/321/1 201/322/1 200/323/1
f 246/324/1 245/325/1 212/287/1 211/290/1
f 245/325/1 247/326/1 225/327/1 212/287/1
f 247/326/1 248/328/1 226/329/1 225/327/1
f 248/328/1 243/320/1 200/323/1 226/329/1
f 20/22/126 15/21/93 203/196/93 206/330/126
f 138/29/104 17/28/127 204/331/127 212/214/104
f 132/16/96 20/15/128 206/332/128 219/197/96
f 14/25/113 20/22/129 206/333/129 207/334/113
f 129/4/130 45/9/131 216/335/131 215/336/130
f 17/28/132 130/32/133 209/337/133 204/338/132
f 134/8/134 8/101/115 218/339/115 222/340/134
f 45/9/131 128/12/135 214/207/135 216/335/131
f 127/1/136 129/4/130 215/336/130 210/341/136
f 20/15/137 127/1/136 210/341/136 206/342/137
f 135/34/138 47/5/139 224/343/139 223/344/138
f 8/101/115 131/70/140 217/73/140 218/339/115
f 130/32/133 135/34/138 223/344/138 209/337/133
f 47/5/139 134/8/141 222/340/141 224/343/139
f 234/246/115 233/201/98 146/200/98 147/243/115
f 124/185/32 122/184/32 283/345/32 284/346/32
f 122/184/32 123/189/32 285/347/32 283/345/32
f 123/189/32 125/188/32 286/348/32 285/347/32
f 125/188/32 126/192/32 287/349/32 286/348/32
f 259/350/142 261/351/115 277/352/115 275/353/142
f 262/354/102 264/355/102 271/356/102 270/357/102
f 265/358/102 262/354/102 270/357/102 273/359/102
f 261/351/115 260/360/143 276/361/143 277/352/115
f 264/355/32 262/354/32 254/362/32 255/193/32
f 265/358/32 263/363/32 256/364/32 257/365/32
f 262/354/32 265/358/32 257/365/32 254/362/32
f 263/363/32 267/366/32 258/186/32 256/364/32
f 267/366/32 260/360/32 266/187/32 258/186/32
f 260/360/32 261/351/32 268/190/32 266/187/32
f 261/351/32 259/350/32 269/191/32 268/190/32
f 259/350/32 264/355/32 255/193/32 269/191/32
f 277/352/32 276/361/32 274/367/32 272/368/32
f 260/360/143 267/366/144 274/367/144 276/361/143
f 267/366/113 263/363/113 272/368/113 274/367/113
f 263/363/113 265/358/113 273/359/113 272/368/113
f 264/355/145 259/350/142 275/353/142 271/356/145
f 88/175/146 85/174/147 278/369/147 279/370/146
f 85/174/147 87/371/148 280/372/148 278/369/147
f 87/371/148 89/179/149 281/373/149 280/372/148
f 89/179/149 90/178/150 282/374/150 281/373/149
f 249/375/151 250/376/152 284/346/152 283/345/151
f 251/182/153 249/375/151 283/345/151 285/347/153
f 252/170/154 251/182/153 285/347/153 286/348/154
f 253/171/155 252/170/154 286/348/154 287/349/155
f 289/377/156 288/378/156 291/379/157 290/380/157
f 293/381/158 292/382/158 295/383/159 294/384/159
f 290/380/157 291/379/157 297/385/160 296/386/160
f 294/384/159 295/383/159 288/378/156 289/377/156
f 250/376/161 249/375/162 295/387/162 292/388/161
f 87/371/32 85/174/80 294/177/80 289/389/32
f 249/375/162 251/182/1 288/183/1 295/387/162
f 89/179/83 87/371/32 289/389/32 290/180/83
f 275/353/32 277/352/32 270/357/32 271/356/32
f 273/359/32 270/357/32 277/352/32 272/368/32
f 409/390/1 411/391/1 301/392/1 323/393/1
f 337/394/1 416/395/1 303/396/1 317/397/1
f 335/398/1 410/399/1 306/400/1 319/401/1
f 322/402/1 414/403/1 314/404/1 315/405/1
f 310/406/163 330/407/163 329/408/164 311/409/164
f 309/410/165 331/411/165 332/412/166 314/413/166
f 311/409/164 329/408/164 331/411/165 309/410/165
f 314/413/166 332/412/166 40/26/6 14/25/6
f 316/414/1 324/415/1 420/416/1 311/417/1
f 316/414/1 311/417/1 412/418/1 321/419/1
f 412/418/1 417/420/1 299/421/1 321/419/1
f 417/420/1 337/394/1 317/397/1 299/421/1
f 411/391/1 335/398/1 319/401/1 301/392/1
f 328/422/167 307/423/167 308/424/168 327/425/168
f 325/426/169 313/427/169 312/428/170 326/429/170
f 327/425/168 308/424/168 313/427/169 325/426/169
f 326/429/170 312/428/170 13/44/11 31/43/11
f 451/430/171 469/431/171 471/432/171 452/433/171
f 457/434/172 474/435/172 472/436/172 454/437/172
f 448/438/173 463/439/173 467/440/173 449/441/173
f 458/442/174 465/443/174 476/444/174 459/445/174
f 312/446/175 333/447/176 41/63/18 13/62/17
f 333/447/176 334/448/177 43/65/1 41/63/18
f 313/449/178 308/450/179 333/447/176 312/446/175
f 308/450/179 307/451/180 334/448/177 333/447/176
f 315/405/1 314/404/1 409/390/1 323/393/1
f 413/452/181 492/453/181 496/454/182 415/455/182
f 300/456/1 318/457/1 415/455/1 336/458/1
f 322/402/1 300/456/1 336/458/1 414/403/1
f 318/457/1 305/459/1 413/452/1 415/455/1
f 435/460/183 433/461/184 513/462/184 515/463/183
f 298/464/1 338/465/1 420/416/1 324/415/1
f 298/464/1 320/466/1 421/467/1 338/465/1
f 320/466/1 302/468/1 418/469/1 421/467/1
f 418/469/185 478/470/185 501/471/186 421/467/186
f 520/472/114 440/473/114 438/474/101 518/475/101
f 410/399/1 345/476/1 344/477/1 306/400/1
f 418/469/1 348/478/1 339/479/1 419/480/1
f 5/99/1 49/100/1 345/476/1 410/399/1
f 304/481/1 342/482/1 347/483/1 416/395/1
f 302/468/1 340/484/1 348/478/1 418/469/1
f 305/459/1 343/485/1 346/486/1 413/452/1
f 416/395/1 347/483/1 341/487/1 303/396/1
f 413/452/1 346/486/1 342/482/1 304/481/1
f 389/488/32 379/489/32 354/490/32 353/491/32
f 384/492/32 364/493/32 359/494/32 358/495/32
f 387/496/32 367/497/32 357/498/32 356/499/32
f 385/500/32 368/501/32 361/502/32 360/503/32
f 381/504/32 377/505/32 550/506/32 394/507/32
f 393/508/32 362/509/32 382/510/32 392/511/32
f 371/512/32 547/513/32 390/514/32 378/515/32
f 371/512/32 380/516/32 388/517/32 547/513/32
f 388/517/32 380/516/32 352/518/32 351/519/32
f 394/507/32 373/520/32 363/521/32 391/522/32
f 351/519/32 352/518/32 364/493/32 384/492/32
f 353/491/32 354/490/32 368/501/32 385/500/32
f 349/523/32 350/524/32 367/497/32 387/496/32
f 349/523/32 390/514/32 355/525/32 350/524/32
f 377/505/32 379/489/32 389/488/32 550/506/32
f 79/146/32 353/491/32 385/500/32 80/147/32
f 80/147/32 385/500/32 360/503/32 100/148/32
f 91/149/32 389/488/32 353/491/32 79/146/32
f 550/506/32 389/488/32 91/149/32 282/150/32
f 391/522/32 363/521/32 362/509/32 393/508/32
f 369/526/32 391/522/32 393/508/32 370/527/32
f 381/504/32 394/507/32 391/522/32 369/526/32
f 370/527/32 393/508/32 392/511/32 383/528/32
f 394/507/32 550/506/32 549/529/32 373/520/32
f 363/521/32 351/519/32 384/492/32 362/509/32
f 373/520/32 388/517/32 351/519/32 363/521/32
f 362/509/32 384/492/32 358/495/32 382/510/32
f 365/530/32 378/515/32 390/514/32 349/523/32
f 365/530/32 349/523/32 387/496/32 366/531/32
f 366/531/32 387/496/32 356/499/32 386/532/32
f 390/514/32 547/513/32 548/533/32 355/525/32
f 547/513/32 388/517/32 373/520/32 549/529/32
f 360/503/32 361/502/32 400/534/32 399/535/32
f 356/499/32 357/498/32 396/536/32 395/537/32
f 100/148/32 360/503/32 399/535/32 117/163/32
f 382/510/32 358/495/32 397/538/32 402/539/32
f 386/532/32 356/499/32 395/537/32 404/540/32
f 383/528/32 392/511/32 401/541/32 403/542/32
f 358/495/32 359/494/32 398/543/32 397/538/32
f 392/511/32 382/510/32 402/539/32 401/541/32
f 340/484/187 302/468/188 386/532/189 404/540/187
f 344/477/36 345/476/36 399/535/36 400/534/36
f 298/464/190 324/415/191 378/515/192 365/530/193
f 343/485/194 305/459/195 383/528/196 403/542/197
f 301/392/198 319/401/199 368/501/200 354/490/201
f 345/476/36 49/100/36 117/163/36 399/535/36
f 342/482/202 346/486/203 401/541/203 402/539/202
f 303/396/204 341/487/205 398/543/206 359/494/207
f 302/468/188 320/466/208 366/531/209 386/532/189
f 346/486/203 343/485/194 403/542/197 401/541/203
f 347/483/210 342/482/202 402/539/202 397/538/210
f 317/397/211 303/396/204 359/494/207 364/493/212
f 348/478/213 340/484/213 404/540/213 395/537/213
f 324/415/191 316/414/214 371/512/214 378/515/192
f 320/466/208 298/464/190 365/530/193 366/531/209
f 323/393/215 301/392/198 354/490/201 379/489/216
f 316/414/214 321/419/217 380/516/218 371/512/214
f 306/400/219 344/477/220 400/534/220 361/502/221
f 321/419/217 299/421/222 352/518/223 380/516/218
f 300/456/224 322/402/225 381/504/226 369/526/227
f 322/402/225 315/405/228 377/505/228 381/504/226
f 319/401/199 306/400/219 361/502/221 368/501/200
f 318/457/229 300/456/224 369/526/227 370/527/230
f 299/421/222 317/397/211 364/493/212 352/518/223
f 315/405/228 323/393/215 379/489/216 377/505/228
f 305/459/195 318/457/229 370/527/230 383/528/196
f 339/479/213 348/478/213 395/537/213 396/536/213
f 341/487/205 347/483/210 397/538/210 398/543/206
f 525/544/231 558/545/231 297/546/79 253/547/79
f 372/548/80 561/549/80 560/550/232 375/551/232
f 90/178/82 296/181/82 557/552/233 376/553/233
f 524/554/1 555/555/1 558/545/231 525/544/231
f 405/556/234 535/557/235 527/558/236 407/559/236
f 408/560/237 538/561/238 537/562/239 406/563/240
f 406/563/240 537/562/239 535/557/235 405/556/234
f 126/192/91 255/193/91 538/561/238 408/560/237
f 419/480/102 479/564/102 478/470/102 418/469/102
f 309/410/117 481/565/117 482/566/241 311/409/241
f 336/458/242 495/567/242 494/568/243 414/403/243
f 434/569/244 514/570/244 506/571/245 426/572/245
f 421/467/186 501/471/186 500/573/246 338/465/246
f 439/574/102 519/575/102 518/475/101 438/474/101
f 410/399/100 489/576/100 213/206/100 5/99/100
f 516/577/31 517/578/92 437/579/92 436/580/31
f 311/409/247 482/581/247 483/582/92 310/406/92
f 415/455/182 496/454/182 495/567/242 336/458/242
f 435/460/183 515/463/183 514/570/244 434/569/244
f 338/465/246 500/573/246 488/583/248 420/416/248
f 504/584/249 502/585/250 422/586/250 424/587/249
f 509/588/117 513/462/184 433/461/184 429/589/117
f 503/590/251 505/591/252 425/592/252 423/593/251
f 512/594/253 508/595/254 428/596/254 432/597/253
f 505/591/252 504/584/249 424/587/249 425/592/252
f 510/598/255 511/599/256 431/600/256 430/601/255
f 229/233/113 503/590/251 423/593/251 142/234/113
f 511/599/256 512/594/253 432/597/253 431/600/256
f 516/577/31 436/580/31 441/602/30 521/603/30
f 502/585/250 228/238/100 141/237/100 422/586/250
f 441/602/30 440/473/114 520/472/114 521/603/30
f 422/586/1 141/237/1 162/239/1 424/587/1
f 424/587/1 162/239/1 163/240/1 425/592/1
f 425/592/1 163/240/1 142/234/1 423/593/1
f 432/597/1 428/596/1 429/589/1 442/604/1
f 442/604/1 429/589/1 433/461/1 435/460/1
f 431/600/1 432/597/1 442/604/1 443/605/1
f 443/605/1 442/604/1 435/460/1 434/569/1
f 430/601/1 431/600/1 443/605/1 427/606/1
f 427/606/1 443/605/1 434/569/1 426/572/1
f 441/602/1 436/580/1 437/579/1 444/607/1
f 440/473/1 441/602/1 444/607/1 445/608/1
f 438/474/1 440/473/1 445/608/1 439/574/1
f 509/588/117 429/589/117 428/596/254 508/595/254
f 507/609/125 510/598/255 430/601/255 427/606/125
f 327/425/1 446/610/1 447/611/1 328/422/1
f 328/422/1 447/611/1 448/438/1 330/407/1
f 330/407/1 448/438/1 449/441/1 329/408/1
f 329/408/1 449/441/1 446/610/1 327/425/1
f 325/426/1 450/612/1 451/430/1 327/425/1
f 327/425/1 451/430/1 452/433/1 329/408/1
f 329/408/1 452/433/1 453/613/1 331/411/1
f 331/411/1 453/613/1 450/612/1 325/426/1
f 326/429/1 454/437/1 455/614/1 325/426/1
f 325/426/1 455/614/1 456/615/1 331/411/1
f 331/411/1 456/615/1 457/434/1 332/412/1
f 332/412/1 457/434/1 454/437/1 326/429/1
f 31/43/1 458/442/1 459/445/1 326/429/1
f 326/429/1 459/445/1 460/616/1 332/412/1
f 332/412/1 460/616/1 461/617/1 40/26/1
f 40/26/1 461/617/1 458/442/1 31/43/1
f 466/618/1 467/619/1 463/620/1 462/621/1
f 468/622/1 470/623/1 471/624/1 469/625/1
f 472/626/1 474/627/1 475/628/1 473/629/1
f 465/630/1 464/631/1 477/632/1 476/633/1
f 459/445/257 476/444/257 477/634/257 460/616/257
f 461/617/92 464/635/92 465/443/92 458/442/92
f 455/614/93 473/636/93 475/637/93 456/615/93
f 452/433/258 471/432/258 470/638/258 453/613/258
f 460/616/259 477/634/259 464/635/259 461/617/259
f 456/615/260 475/637/260 474/435/260 457/434/260
f 447/611/113 462/639/113 463/439/113 448/438/113
f 446/610/261 466/640/261 462/639/261 447/611/261
f 450/612/262 468/641/262 469/431/262 451/430/262
f 449/441/263 467/440/263 466/640/263 446/610/263
f 454/437/264 472/436/264 473/636/264 455/614/264
f 453/613/115 470/638/115 468/641/115 450/612/115
f 484/642/1 207/282/1 208/281/1 486/643/1
f 494/644/1 480/645/1 481/646/1 484/647/1
f 488/648/1 487/649/1 483/650/1 482/651/1
f 482/652/1 481/646/1 480/645/1 485/653/1
f 502/654/1 486/643/1 208/281/1 228/294/1
f 229/295/1 213/298/1 489/655/1 503/656/1
f 505/657/1 491/658/1 490/659/1 504/660/1
f 503/656/1 489/655/1 491/658/1 505/657/1
f 504/660/1 490/659/1 486/643/1 502/654/1
f 506/661/1 485/653/1 480/645/1 507/662/1
f 508/663/1 492/664/1 493/665/1 509/666/1
f 507/662/1 480/645/1 494/644/1 510/667/1
f 511/668/1 495/669/1 496/670/1 512/671/1
f 510/667/1 494/644/1 495/669/1 511/668/1
f 512/671/1 496/670/1 492/664/1 508/663/1
f 509/666/1 493/665/1 497/672/1 513/673/1
f 515/674/1 499/675/1 498/676/1 514/677/1
f 514/677/1 498/676/1 485/653/1 506/661/1
f 513/673/1 497/672/1 499/675/1 515/674/1
f 516/678/1 478/679/1 479/680/1 517/681/1
f 519/682/1 487/649/1 488/648/1 518/683/1
f 518/683/1 488/648/1 500/684/1 520/685/1
f 520/685/1 500/684/1 501/686/1 521/687/1
f 521/687/1 501/686/1 478/679/1 516/678/1
f 314/413/265 484/688/265 481/565/117 309/410/117
f 420/416/248 488/583/248 482/689/266 311/417/266
f 414/403/243 494/568/243 484/690/267 314/404/267
f 14/25/113 207/334/113 484/691/268 314/413/268
f 411/391/269 490/692/269 491/693/270 335/398/270
f 311/417/271 482/694/271 485/695/272 412/418/272
f 416/395/273 497/696/273 493/697/125 304/481/125
f 335/398/270 491/693/270 489/576/274 410/399/274
f 409/390/275 486/698/275 490/692/269 411/391/269
f 314/404/276 484/699/276 486/698/275 409/390/275
f 417/420/277 498/700/277 499/701/278 337/394/278
f 304/481/125 493/697/125 492/453/279 413/452/279
f 412/418/272 485/695/272 498/700/277 417/420/277
f 337/394/278 499/701/278 497/696/280 416/395/280
f 507/609/125 427/606/125 426/572/245 506/571/245
f 407/559/32 552/702/32 551/703/32 405/556/32
f 405/556/32 551/703/32 553/704/32 406/563/32
f 406/563/32 553/704/32 554/705/32 408/560/32
f 408/560/32 554/705/32 287/349/32 126/192/32
f 528/706/281 544/707/281 546/708/125 530/709/125
f 531/710/92 539/711/92 540/712/92 533/713/92
f 534/714/92 542/715/92 539/711/92 531/710/92
f 530/709/125 546/708/125 545/716/282 529/717/282
f 533/713/32 255/193/32 254/362/32 531/710/32
f 534/714/32 257/365/32 526/718/32 532/719/32
f 531/710/32 254/362/32 257/365/32 534/714/32
f 532/719/32 526/718/32 527/558/32 536/720/32
f 536/720/32 527/558/32 535/557/32 529/717/32
f 529/717/32 535/557/32 537/562/32 530/709/32
f 530/709/32 537/562/32 538/561/32 528/706/32
f 528/706/32 538/561/32 255/193/32 533/713/32
f 546/708/32 541/721/32 543/722/32 545/716/32
f 529/717/282 545/716/282 543/722/283 536/720/283
f 536/720/113 543/722/113 541/721/113 532/719/113
f 532/719/113 541/721/113 542/715/113 534/714/113
f 533/713/284 540/712/284 544/707/281 528/706/281
f 375/551/285 548/723/285 547/724/286 372/548/286
f 372/548/286 547/724/286 549/725/287 374/726/287
f 374/726/287 549/725/287 550/727/288 376/553/288
f 376/553/288 550/727/288 282/374/150 90/178/150
f 522/728/289 551/703/289 552/702/290 523/729/290
f 524/554/291 553/704/291 551/703/289 522/728/289
f 525/544/292 554/705/292 553/704/291 524/554/291
f 253/547/155 287/349/155 554/705/292 525/544/292
f 556/730/293 557/731/294 558/732/294 555/733/293
f 560/734/295 561/735/296 562/736/296 559/737/295
f 557/731/294 296/386/160 297/385/160 558/732/294
f 561/735/296 556/730/293 555/733/293 562/736/296
f 523/729/297 559/738/297 562/739/162 522/728/162
f 374/726/32 556/740/32 561/549/80 372/548/80
f 522/728/162 562/739/162 555/555/1 524/554/1
f 376/553/233 557/552/233 556/740/32 374/726/32
f 544/707/32 540/712/32 539/711/32 546/708/32
f 542/715/32 541/721/32 546/708/32 539/711/32
f 675/741/1 677/742/1 566/743/1 589/744/1
f 603/745/1 682/746/1 569/747/1 583/748/1
f 601/749/1 676/750/1 572/751/1 585/752/1
f 588/753/1 680/754/1 580/755/1 581/756/1
f 16/17/2 37/20/2 595/757/298 577/758/298
f 576/759/299 596/760/299 597/761/300 580/762/300
f 577/758/298 595/757/298 596/760/299 576/759/299
f 580/762/300 597/761/300 598/763/301 575/764/301
f 582/765/1 590/766/1 685/767/1 577/768/1
f 582/765/1 577/768/1 678/769/1 587/770/1
f 678/769/1 683/771/1 564/772/1 587/770/1
f 683/771/1 603/745/1 583/748/1 564/772/1
f 677/742/1 601/749/1 585/752/1 566/743/1
f 35/35/7 11/38/7 573/773/302 594/774/302
f 592/775/303 579/776/303 578/777/304 593/778/304
f 594/774/302 573/773/302 579/776/303 592/775/303
f 593/778/304 578/777/304 574/779/305 591/780/305
f 716/781/263 734/782/263 736/783/263 717/784/263
f 722/785/257 739/786/257 737/787/257 719/788/257
f 713/789/261 728/790/261 732/791/261 714/792/261
f 723/793/259 730/794/259 741/795/259 724/796/259
f 578/797/306 600/798/307 599/799/308 574/800/309
f 600/798/307 44/66/20 43/65/1 599/799/308
f 579/801/310 573/802/311 600/798/307 578/797/306
f 573/802/311 11/69/23 44/66/20 600/798/307
f 581/756/1 580/755/1 675/741/1 589/744/1
f 679/803/312 757/804/312 761/805/313 681/806/313
f 565/807/1 584/808/1 681/806/1 602/809/1
f 588/753/1 565/807/1 602/809/1 680/754/1
f 584/808/1 571/810/1 679/803/1 681/806/1
f 702/811/256 700/812/255 780/813/255 782/814/256
f 563/815/1 604/816/1 685/767/1 590/766/1
f 563/815/1 586/817/1 686/818/1 604/816/1
f 586/817/1 568/819/1 684/820/1 686/818/1
f 684/820/314 743/821/314 766/822/315 686/818/315
f 785/823/316 705/824/316 704/825/317 784/826/317
f 676/750/1 611/827/1 610/828/1 572/751/1
f 684/820/1 614/829/1 50/97/1 137/96/1
f 567/830/1 605/831/1 611/827/1 676/750/1
f 570/832/1 608/833/1 613/834/1 682/746/1
f 568/819/1 606/835/1 614/829/1 684/820/1
f 571/810/1 609/836/1 612/837/1 679/803/1
f 682/746/1 613/834/1 607/838/1 569/747/1
f 679/803/1 612/837/1 608/833/1 570/832/1
f 655/839/32 644/840/32 619/841/32 618/842/32
f 649/843/32 627/844/32 622/845/32 621/846/32
f 653/847/32 78/119/32 68/118/32 620/848/32
f 651/849/32 632/850/32 624/851/32 623/852/32
f 646/853/32 642/854/32 814/855/32 660/856/32
f 659/857/32 625/858/32 647/859/32 658/860/32
f 635/861/32 812/862/32 656/863/32 643/864/32
f 635/861/32 645/865/32 654/866/32 812/862/32
f 654/866/32 645/865/32 617/867/32 616/868/32
f 660/856/32 637/869/32 626/870/32 657/871/32
f 616/868/32 617/867/32 627/844/32 649/843/32
f 618/842/32 619/841/32 632/850/32 651/849/32
f 615/872/32 61/144/32 78/119/32 653/847/32
f 615/872/32 656/863/32 66/145/32 61/144/32
f 642/854/32 644/840/32 655/839/32 814/855/32
f 630/873/32 618/842/32 651/849/32 631/874/32
f 631/874/32 651/849/32 623/852/32 650/875/32
f 641/876/32 655/839/32 618/842/32 630/873/32
f 814/855/32 655/839/32 641/876/32 815/877/32
f 657/871/32 626/870/32 625/858/32 659/857/32
f 633/878/32 657/871/32 659/857/32 634/879/32
f 646/853/32 660/856/32 657/871/32 633/878/32
f 634/879/32 659/857/32 658/860/32 648/880/32
f 660/856/32 814/855/32 813/881/32 637/869/32
f 626/870/32 616/868/32 649/843/32 625/858/32
f 637/869/32 654/866/32 616/868/32 626/870/32
f 625/858/32 649/843/32 621/846/32 647/859/32
f 628/882/32 643/864/32 656/863/32 615/872/32
f 628/882/32 615/872/32 653/847/32 629/883/32
f 629/883/32 653/847/32 620/848/32 652/884/32
f 656/863/32 812/862/32 279/158/32 66/145/32
f 812/862/32 654/866/32 637/869/32 813/881/32
f 623/852/32 624/851/32 665/885/32 664/886/32
f 620/848/32 68/118/32 112/162/32 661/887/32
f 650/875/32 623/852/32 664/886/32 666/888/32
f 647/859/32 621/846/32 662/889/32 668/890/32
f 652/884/32 620/848/32 661/887/32 670/891/32
f 648/880/32 658/860/32 667/892/32 669/893/32
f 621/846/32 622/845/32 663/894/32 662/889/32
f 658/860/32 647/859/32 668/890/32 667/892/32
f 606/835/318 568/819/319 652/884/320 670/891/318
f 610/828/321 611/827/321 664/886/321 665/885/321
f 563/815/322 590/766/323 643/864/324 628/882/325
f 609/836/326 571/810/327 648/880/328 669/893/329
f 566/743/330 585/752/331 632/850/332 619/841/333
f 611/827/321 605/831/321 666/888/321 664/886/321
f 608/833/334 612/837/335 667/892/335 668/890/334
f 569/747/336 607/838/337 663/894/338 622/845/339
f 568/819/319 586/817/340 629/883/341 652/884/320
f 612/837/335 609/836/326 669/893/329 667/892/335
f 613/834/342 608/833/334 668/890/334 662/889/342
f 583/748/343 569/747/336 622/845/339 627/844/344
f 614/829/60 606/835/60 670/891/60 661/887/60
f 590/766/323 582/765/345 635/861/345 643/864/324
f 586/817/340 563/815/322 628/882/325 629/883/341
f 589/744/346 566/743/330 619/841/333 644/840/347
f 582/765/345 587/770/348 645/865/349 635/861/345
f 572/751/350 610/828/351 665/885/351 624/851/352
f 587/770/348 564/772/353 617/867/354 645/865/349
f 565/807/355 588/753/356 646/853/357 633/878/358
f 588/753/356 581/756/359 642/854/359 646/853/357
f 585/752/331 572/751/350 624/851/352 632/850/332
f 584/808/360 565/807/355 633/878/358 634/879/361
f 564/772/353 583/748/343 627/844/344 617/867/354
f 581/756/359 589/744/346 644/840/347 642/854/359
f 571/810/327 584/808/360 634/879/361 648/880/328
f 50/97/60 614/829/60 661/887/60 112/162/60
f 607/838/337 613/834/342 662/889/342 663/894/338
f 789/895/78 823/896/78 827/897/362 790/898/362
f 636/899/363 824/900/363 293/901/81 88/902/81
f 640/903/364 826/904/364 822/905/83 639/906/83
f 788/907/1 820/908/1 823/896/78 789/895/78
f 671/909/365 800/910/366 258/186/85 124/185/85
f 673/911/367 803/912/368 802/913/369 672/914/370
f 672/914/370 802/913/369 800/910/366 671/909/365
f 674/915/371 792/916/371 803/912/368 673/911/367
f 137/96/92 201/194/92 743/821/92 684/820/92
f 576/759/125 745/917/125 746/918/372 577/758/372
f 602/809/373 760/919/373 759/920/374 680/754/374
f 701/921/253 781/922/253 773/923/254 693/924/254
f 686/818/315 766/822/315 765/925/375 604/816/375
f 159/204/92 246/205/92 784/826/317 704/825/317
f 676/750/113 754/926/113 753/927/113 567/830/113
f 783/928/376 244/211/102 157/210/102 703/929/376
f 577/758/377 746/930/377 205/212/102 16/17/102
f 681/806/313 761/805/313 760/919/373 602/809/373
f 702/811/256 782/814/256 781/922/253 701/921/253
f 604/816/375 765/925/375 752/931/378 685/767/378
f 771/932/108 767/933/107 687/934/107 691/935/108
f 776/936/125 780/813/255 700/812/255 696/937/125
f 770/938/106 772/939/105 692/940/105 690/941/106
f 779/942/244 775/943/245 695/944/245 699/945/244
f 772/939/105 771/932/108 691/935/108 692/940/105
f 777/946/184 778/947/183 698/948/183 697/949/184
f 769/950/100 770/938/106 690/941/106 689/951/100
f 778/947/183 779/942/244 699/945/244 698/948/183
f 783/928/376 703/929/376 706/952/379 786/953/379
f 767/933/107 768/954/113 688/955/113 687/934/107
f 706/952/379 705/824/316 785/823/316 786/953/379
f 687/934/1 688/955/1 707/956/1 691/935/1
f 691/935/1 707/956/1 708/957/1 692/940/1
f 692/940/1 708/957/1 689/951/1 690/941/1
f 699/945/1 695/944/1 696/937/1 709/958/1
f 709/958/1 696/937/1 700/812/1 702/811/1
f 698/948/1 699/945/1 709/958/1 710/959/1
f 710/959/1 709/958/1 702/811/1 701/921/1
f 697/949/1 698/948/1 710/959/1 694/960/1
f 694/960/1 710/959/1 701/921/1 693/924/1
f 706/952/1 703/929/1 157/210/1 166/244/1
f 705/824/1 706/952/1 166/244/1 167/245/1
f 704/825/1 705/824/1 167/245/1 159/204/1
f 776/936/125 696/937/125 695/944/245 775/943/245
f 774/961/117 777/946/184 697/949/184 694/960/117
f 594/774/1 711/962/1 712/963/1 35/35/1
f 35/35/1 712/963/1 713/789/1 37/20/1
f 37/20/1 713/789/1 714/792/1 595/757/1
f 595/757/1 714/792/1 711/962/1 594/774/1
f 592/775/1 715/964/1 716/781/1 594/774/1
f 594/774/1 716/781/1 717/784/1 595/757/1
f 595/757/1 717/784/1 718/965/1 596/760/1
f 596/760/1 718/965/1 715/964/1 592/775/1
f 593/778/1 719/788/1 720/966/1 592/775/1
f 592/775/1 720/966/1 721/967/1 596/760/1
f 596/760/1 721/967/1 722/785/1 597/761/1
f 597/761/1 722/785/1 719/788/1 593/778/1
f 591/780/1 723/793/1 724/796/1 593/778/1
f 593/778/1 724/796/1 725/968/1 597/761/1
f 597/761/1 725/968/1 726/969/1 598/763/1
f 598/763/1 726/969/1 723/793/1 591/780/1
f 731/970/1 732/971/1 728/972/1 727/973/1
f 733/974/1 735/975/1 736/976/1 734/977/1
f 737/978/1 739/979/1 740/980/1 738/981/1
f 730/982/1 729/983/1 742/984/1 741/985/1
f 724/796/172 741/795/172 742/986/172 725/968/172
f 726/969/102 729/987/102 730/794/102 723/793/102
f 720/966/115 738/988/115 740/989/115 721/967/115
f 717/784/262 736/783/262 735/990/262 718/965/262
f 725/968/174 742/986/174 729/987/174 726/969/174
f 721/967/264 740/989/264 739/786/264 722/785/264
f 712/963/100 727/991/100 728/790/100 713/789/100
f 711/962/173 731/992/173 727/991/173 712/963/173
f 715/964/258 733/993/258 734/782/258 716/781/258
f 714/792/171 732/791/171 731/992/171 711/962/171
f 719/788/260 737/787/260 738/988/260 720/966/260
f 718/965/93 735/990/93 733/993/93 715/964/93
f 747/994/1 748/995/1 749/996/1 751/997/1
f 759/998/1 744/999/1 745/1000/1 747/1001/1
f 752/1002/1 211/290/1 205/289/1 746/1003/1
f 746/1004/1 745/1000/1 744/999/1 750/1005/1
f 767/1006/1 751/997/1 749/996/1 768/1007/1
f 769/1008/1 753/1009/1 754/1010/1 770/1011/1
f 772/1012/1 756/1013/1 755/1014/1 771/1015/1
f 770/1011/1 754/1010/1 756/1013/1 772/1012/1
f 771/1015/1 755/1014/1 751/997/1 767/1006/1
f 773/1016/1 750/1005/1 744/999/1 774/1017/1
f 775/1018/1 757/1019/1 758/1020/1 776/1021/1
f 774/1017/1 744/999/1 759/998/1 777/1022/1
f 778/1023/1 760/1024/1 761/1025/1 779/1026/1
f 777/1022/1 759/998/1 760/1024/1 778/1023/1
f 779/1026/1 761/1025/1 757/1019/1 775/1018/1
f 776/1021/1 758/1020/1 762/1027/1 780/1028/1
f 782/1029/1 764/1030/1 763/1031/1 781/1032/1
f 781/1032/1 763/1031/1 750/1005/1 773/1016/1
f 780/1028/1 762/1027/1 764/1030/1 782/1029/1
f 783/1033/1 743/1034/1 201/322/1 244/321/1
f 246/324/1 211/290/1 752/1002/1 784/1035/1
f 784/1035/1 752/1002/1 765/1036/1 785/1037/1
f 785/1037/1 765/1036/1 766/1038/1 786/1039/1
f 786/1039/1 766/1038/1 743/1034/1 783/1033/1
f 580/762/380 747/1040/380 745/917/125 576/759/125
f 685/767/378 752/931/378 746/1041/381 577/768/381
f 680/754/374 759/920/374 747/1042/382 580/755/382
f 575/764/100 748/1043/100 747/1044/383 580/762/383
f 677/742/384 755/1045/384 756/1046/385 601/749/385
f 577/768/386 746/1047/386 750/1048/387 678/769/387
f 682/746/388 762/1049/388 758/1050/117 570/832/117
f 601/749/385 756/1046/385 754/926/389 676/750/389
f 675/741/390 751/1051/390 755/1045/384 677/742/384
f 580/755/391 747/1052/391 751/1051/390 675/741/390
f 683/771/392 763/1053/392 764/1054/393 603/745/393
f 570/832/117 758/1050/117 757/804/394 679/803/394
f 678/769/387 750/1048/387 763/1053/392 683/771/392
f 603/745/393 764/1054/393 762/1049/395 682/746/395
f 774/961/117 694/960/117 693/924/254 773/923/254
f 124/185/32 284/346/32 816/1055/32 671/909/32
f 671/909/32 816/1055/32 817/1056/32 672/914/32
f 672/914/32 817/1056/32 818/1057/32 673/911/32
f 673/911/32 818/1057/32 819/1058/32 674/915/32
f 793/1059/396 809/1060/396 811/1061/117 795/1062/117
f 796/1063/102 804/1064/102 805/1065/102 798/1066/102
f 799/1067/102 807/1068/102 804/1064/102 796/1063/102
f 795/1062/117 811/1061/117 810/1069/397 794/1070/397
f 798/1066/32 792/916/32 791/1071/32 796/1063/32
f 799/1067/32 257/365/32 256/364/32 797/1072/32
f 796/1063/32 791/1071/32 257/365/32 799/1067/32
f 797/1072/32 256/364/32 258/186/32 801/1073/32
f 801/1073/32 258/186/32 800/910/32 794/1070/32
f 794/1070/32 800/910/32 802/913/32 795/1062/32
f 795/1062/32 802/913/32 803/912/32 793/1059/32
f 793/1059/32 803/912/32 792/916/32 798/1066/32
f 811/1061/32 806/1074/32 808/1075/32 810/1069/32
f 794/1070/397 810/1069/397 808/1075/398 801/1073/398
f 801/1073/100 808/1075/100 806/1074/100 797/1072/100
f 797/1072/100 806/1074/100 807/1068/100 799/1067/100
f 798/1066/399 805/1065/399 809/1060/396 793/1059/396
f 88/902/146 279/1076/146 812/1077/400 636/899/400
f 636/899/400 812/1077/400 813/1078/401 638/1079/401
f 638/1079/401 813/1078/401 814/1080/402 639/906/402
f 639/906/402 814/1080/402 815/1081/403 640/903/403
f 787/1082/404 816/1055/404 284/346/152 250/1083/152
f 788/907/405 817/1056/405 816/1055/404 787/1082/404
f 789/895/406 818/1057/406 817/1056/405 788/907/405
f 790/898/407 819/1058/407 818/1057/406 789/895/406
f 821/1084/408 822/1085/409 823/1086/409 820/1087/408
f 293/1088/158 824/1089/410 825/1090/410 292/1091/158
f 822/1085/409 826/1092/411 827/1093/411 823/1086/409
f 824/1089/410 821/1084/408 820/1087/408 825/1090/410
f 250/1083/161 292/1094/161 825/1095/412 787/1082/412
f 638/1079/32 821/1096/32 824/900/363 636/899/363
f 787/1082/412 825/1095/412 820/908/1 788/907/1
f 639/906/83 822/905/83 821/1096/32 638/1079/32
f 809/1060/32 805/1065/32 804/1064/32 811/1061/32
f 807/1068/32 806/1074/32 811/1061/32 804/1064/32
f 926/1097/1 851/1098/1 831/1099/1 928/1100/1
f 862/1101/1 845/1102/1 833/1103/1 933/1104/1
f 860/1105/1 847/1106/1 836/1107/1 927/1108/1
f 850/1109/1 843/1110/1 842/1111/1 931/1112/1
f 310/406/163 839/1113/413 856/1114/413 330/407/163
f 838/1115/414 842/1116/415 858/1117/415 857/1118/414
f 839/1113/413 838/1115/414 857/1118/414 856/1114/413
f 842/1116/415 575/764/301 598/763/301 858/1117/415
f 844/1119/1 839/1120/1 936/1121/1 852/1122/1
f 844/1119/1 849/1123/1 929/1124/1 839/1120/1
f 929/1124/1 849/1123/1 829/1125/1 934/1126/1
f 934/1126/1 829/1125/1 845/1102/1 862/1101/1
f 928/1100/1 831/1099/1 847/1106/1 860/1105/1
f 328/422/167 855/1127/416 837/1128/416 307/423/167
f 853/1129/417 854/1130/418 840/1131/418 841/1132/417
f 855/1127/416 853/1129/417 841/1132/417 837/1128/416
f 854/1130/418 591/780/305 574/779/305 840/1131/418
f 963/1133/123 964/1134/123 983/1135/123 981/1136/123
f 969/1137/116 966/1138/116 984/1139/116 986/1140/116
f 960/1141/121 961/1142/121 979/1143/121 975/1144/121
f 970/1145/119 971/1146/119 988/1147/119 977/1148/119
f 840/1149/419 574/800/309 599/799/308 859/1150/420
f 859/1150/420 599/799/308 43/65/1 334/448/177
f 841/1151/421 840/1149/419 859/1150/420 837/1152/422
f 837/1152/422 859/1150/420 334/448/177 307/451/180
f 843/1110/1 851/1098/1 926/1097/1 842/1111/1
f 930/1153/423 932/1154/424 1005/1155/424 1001/1156/423
f 830/1157/1 861/1158/1 932/1154/1 846/1159/1
f 850/1109/1 931/1112/1 861/1158/1 830/1157/1
f 846/1159/1 932/1154/1 930/1153/1 835/1160/1
f 951/1161/112 1024/1162/112 1022/1163/111 949/1164/111
f 828/1165/1 852/1122/1 936/1121/1 863/1166/1
f 828/1165/1 863/1166/1 937/1167/1 848/1168/1
f 848/1168/1 937/1167/1 935/1169/1 832/1170/1
f 935/1169/425 937/1167/426 1010/1171/426 990/1172/425
f 1027/1173/379 1026/1174/376 953/1175/376 954/1176/379
f 927/1108/1 836/1107/1 868/1177/1 869/1178/1
f 935/1169/1 419/480/1 339/479/1 872/1179/1
f 567/830/1 927/1108/1 869/1178/1 605/831/1
f 834/1180/1 933/1104/1 871/1181/1 866/1182/1
f 832/1170/1 935/1169/1 872/1179/1 864/1183/1
f 835/1160/1 930/1153/1 870/1184/1 867/1185/1
f 933/1104/1 833/1103/1 865/1186/1 871/1181/1
f 930/1153/1 834/1180/1 866/1182/1 870/1184/1
f 908/1187/32 876/1188/32 877/1189/32 898/1190/32
f 903/1191/32 879/1192/32 880/1193/32 885/1194/32
f 906/1195/32 878/1196/32 357/498/32 367/497/32
f 904/1197/32 881/1198/32 882/1199/32 888/1200/32
f 900/1201/32 913/1202/32 1053/1203/32 896/1204/32
f 912/1205/32 911/1206/32 901/1207/32 883/1208/32
f 891/1209/32 897/1210/32 909/1211/32 1051/1212/32
f 891/1209/32 1051/1212/32 907/1213/32 899/1214/32
f 907/1213/32 874/1215/32 875/1216/32 899/1214/32
f 913/1202/32 910/1217/32 884/1218/32 893/1219/32
f 874/1215/32 903/1191/32 885/1194/32 875/1216/32
f 876/1188/32 904/1197/32 888/1200/32 877/1189/32
f 873/1220/32 906/1195/32 367/497/32 350/524/32
f 873/1220/32 350/524/32 355/525/32 909/1211/32
f 896/1204/32 1053/1203/32 908/1187/32 898/1190/32
f 630/873/32 631/874/32 904/1197/32 876/1188/32
f 631/874/32 650/875/32 881/1198/32 904/1197/32
f 641/876/32 630/873/32 876/1188/32 908/1187/32
f 1053/1203/32 815/877/32 641/876/32 908/1187/32
f 910/1217/32 912/1205/32 883/1208/32 884/1218/32
f 889/1221/32 890/1222/32 912/1205/32 910/1217/32
f 900/1201/32 889/1221/32 910/1217/32 913/1202/32
f 890/1222/32 902/1223/32 911/1206/32 912/1205/32
f 913/1202/32 893/1219/32 1052/1224/32 1053/1203/32
f 884/1218/32 883/1208/32 903/1191/32 874/1215/32
f 893/1219/32 884/1218/32 874/1215/32 907/1213/32
f 883/1208/32 901/1207/32 879/1192/32 903/1191/32
f 886/1225/32 873/1220/32 909/1211/32 897/1210/32
f 886/1225/32 887/1226/32 906/1195/32 873/1220/32
f 887/1226/32 905/1227/32 878/1196/32 906/1195/32
f 909/1211/32 355/525/32 548/533/32 1051/1212/32
f 1051/1212/32 1052/1224/32 893/1219/32 907/1213/32
f 881/1198/32 917/1228/32 918/1229/32 882/1199/32
f 878/1196/32 914/1230/32 396/536/32 357/498/32
f 650/875/32 666/888/32 917/1228/32 881/1198/32
f 901/1207/32 920/1231/32 915/1232/32 879/1192/32
f 905/1227/32 922/1233/32 914/1230/32 878/1196/32
f 902/1223/32 921/1234/32 919/1235/32 911/1206/32
f 879/1192/32 915/1232/32 916/1236/32 880/1193/32
f 911/1206/32 919/1235/32 920/1231/32 901/1207/32
f 864/1183/427 922/1233/427 905/1227/428 832/1170/429
f 868/1177/321 918/1229/321 917/1228/321 869/1178/321
f 828/1165/430 886/1225/431 897/1210/432 852/1122/433
f 867/1185/434 921/1234/435 902/1223/436 835/1160/437
f 831/1099/438 877/1189/439 888/1200/440 847/1106/441
f 869/1178/321 917/1228/321 666/888/321 605/831/321
f 866/1182/442 920/1231/442 919/1235/443 870/1184/443
f 833/1103/444 880/1193/445 916/1236/446 865/1186/447
f 832/1170/429 905/1227/428 887/1226/448 848/1168/449
f 870/1184/443 919/1235/443 921/1234/435 867/1185/434
f 871/1181/450 915/1232/450 920/1231/442 866/1182/442
f 845/1102/451 885/1194/452 880/1193/445 833/1103/444
f 872/1179/213 914/1230/213 922/1233/213 864/1183/213
f 852/1122/433 897/1210/432 891/1209/453 844/1119/453
f 848/1168/449 887/1226/448 886/1225/431 828/1165/430
f 851/1098/454 898/1190/455 877/1189/439 831/1099/438
f 844/1119/453 891/1209/453 899/1214/456 849/1123/457
f 836/1107/458 882/1199/459 918/1229/460 868/1177/460
f 849/1123/457 899/1214/456 875/1216/461 829/1125/462
f 830/1157/463 889/1221/464 900/1201/465 850/1109/466
f 850/1109/466 900/1201/465 896/1204/467 843/1110/467
f 847/1106/441 888/1200/440 882/1199/459 836/1107/458
f 846/1159/468 890/1222/469 889/1221/464 830/1157/463
f 829/1125/462 875/1216/461 885/1194/452 845/1102/451
f 843/1110/467 896/1204/467 898/1190/455 851/1098/454
f 835/1160/437 902/1223/436 890/1222/469 846/1159/468
f 339/479/213 396/536/213 914/1230/213 872/1179/213
f 865/1186/447 916/1236/446 915/1232/450 871/1181/450
f 1031/1237/231 790/1238/362 827/1239/362 1060/1240/231
f 892/1241/363 375/1242/232 560/1243/232 1061/1244/363
f 640/903/364 895/1245/233 1059/1246/233 826/904/364
f 1030/1247/1 1031/1237/231 1060/1240/231 1057/1248/1
f 923/1249/470 407/559/236 527/558/236 1039/1250/471
f 925/1251/472 924/1252/473 1041/1253/474 1042/1254/475
f 924/1252/473 923/1249/470 1039/1250/471 1041/1253/474
f 674/915/371 925/1251/472 1042/1254/475 792/916/371
f 419/480/102 935/1169/102 990/1172/102 479/564/102
f 838/1115/115 839/1113/476 993/1255/476 992/1256/115
f 861/1158/477 931/1112/478 1003/1257/478 1004/1258/477
f 950/1259/109 942/1260/110 1015/1261/110 1023/1262/109
f 937/1167/426 863/1166/479 1009/1263/479 1010/1171/426
f 439/574/102 953/1175/376 1026/1174/376 519/575/102
f 927/1108/113 567/830/113 753/927/113 998/1264/113
f 1025/1265/317 952/1266/317 437/579/92 517/578/92
f 839/1113/480 310/406/92 483/582/92 993/1267/480
f 932/1154/424 861/1158/477 1004/1258/477 1005/1155/424
f 951/1161/112 950/1259/109 1023/1262/109 1024/1162/112
f 863/1166/479 936/1121/481 997/1268/481 1009/1263/479
f 1013/1269/252 940/1270/252 938/1271/251 1011/1272/251
f 1018/1273/115 945/1274/115 949/1164/111 1022/1163/111
f 1012/1275/250 939/1276/250 941/1277/249 1014/1278/249
f 1021/1279/97 948/1280/97 944/1281/98 1017/1282/98
f 1014/1278/249 941/1277/249 940/1270/252 1013/1269/252
f 1019/1283/27 946/1284/27 947/1285/26 1020/1286/26
f 769/950/100 689/951/100 939/1276/250 1012/1275/250
f 1020/1286/26 947/1285/26 948/1280/97 1021/1279/97
f 1025/1265/317 1028/1287/316 955/1288/316 952/1266/317
f 1011/1272/251 938/1271/251 688/955/113 768/954/113
f 955/1288/316 1028/1287/316 1027/1173/379 954/1176/379
f 938/1271/1 940/1270/1 707/956/1 688/955/1
f 940/1270/1 941/1277/1 708/957/1 707/956/1
f 941/1277/1 939/1276/1 689/951/1 708/957/1
f 948/1280/1 956/1289/1 945/1274/1 944/1281/1
f 956/1289/1 951/1161/1 949/1164/1 945/1274/1
f 947/1285/1 957/1290/1 956/1289/1 948/1280/1
f 957/1290/1 950/1259/1 951/1161/1 956/1289/1
f 946/1284/1 943/1291/1 957/1290/1 947/1285/1
f 943/1291/1 942/1260/1 950/1259/1 957/1290/1
f 955/1288/1 444/607/1 437/579/1 952/1266/1
f 954/1176/1 445/608/1 444/607/1 955/1288/1
f 953/1175/1 439/574/1 445/608/1 954/1176/1
f 1018/1273/115 1017/1282/98 944/1281/98 945/1274/115
f 1016/1292/93 943/1291/93 946/1284/27 1019/1283/27
f 855/1127/1 328/422/1 959/1293/1 958/1294/1
f 328/422/1 330/407/1 960/1141/1 959/1293/1
f 330/407/1 856/1114/1 961/1142/1 960/1141/1
f 856/1114/1 855/1127/1 958/1294/1 961/1142/1
f 853/1129/1 855/1127/1 963/1133/1 962/1295/1
f 855/1127/1 856/1114/1 964/1134/1 963/1133/1
f 856/1114/1 857/1118/1 965/1296/1 964/1134/1
f 857/1118/1 853/1129/1 962/1295/1 965/1296/1
f 854/1130/1 853/1129/1 967/1297/1 966/1138/1
f 853/1129/1 857/1118/1 968/1298/1 967/1297/1
f 857/1118/1 858/1117/1 969/1137/1 968/1298/1
f 858/1117/1 854/1130/1 966/1138/1 969/1137/1
f 591/780/1 854/1130/1 971/1146/1 970/1145/1
f 854/1130/1 858/1117/1 972/1299/1 971/1146/1
f 858/1117/1 598/763/1 973/1300/1 972/1299/1
f 598/763/1 591/780/1 970/1145/1 973/1300/1
f 978/1301/1 974/1302/1 975/1303/1 979/1304/1
f 980/1305/1 981/1306/1 983/1307/1 982/1308/1
f 984/1309/1 985/1310/1 987/1311/1 986/1312/1
f 977/1313/1 988/1314/1 989/1315/1 976/1316/1
f 971/1146/13 972/1299/13 989/1317/13 988/1147/13
f 973/1300/92 970/1145/92 977/1148/92 976/1318/92
f 967/1297/125 968/1298/125 987/1319/125 985/1320/125
f 964/1134/122 965/1296/122 982/1321/122 983/1135/122
f 972/1299/15 973/1300/15 976/1318/15 989/1317/15
f 968/1298/124 969/1137/124 986/1140/124 987/1319/124
f 959/1293/100 960/1141/100 975/1144/100 974/1322/100
f 958/1294/14 959/1293/14 974/1322/14 978/1323/14
f 962/1295/118 963/1133/118 981/1136/118 980/1324/118
f 961/1142/12 958/1294/12 978/1323/12 979/1143/12
f 966/1138/120 967/1297/120 985/1320/120 984/1139/120
f 965/1296/117 962/1295/117 980/1324/117 982/1321/117
f 994/1325/1 996/1326/1 749/996/1 748/995/1
f 1003/1327/1 994/1328/1 992/1329/1 991/1330/1
f 997/1331/1 993/1332/1 483/650/1 487/649/1
f 993/1333/1 995/1334/1 991/1330/1 992/1329/1
f 1011/1335/1 768/1007/1 749/996/1 996/1326/1
f 769/1008/1 1012/1336/1 998/1337/1 753/1009/1
f 1014/1338/1 1013/1339/1 999/1340/1 1000/1341/1
f 1012/1336/1 1014/1338/1 1000/1341/1 998/1337/1
f 1013/1339/1 1011/1335/1 996/1326/1 999/1340/1
f 1015/1342/1 1016/1343/1 991/1330/1 995/1334/1
f 1017/1344/1 1018/1345/1 1002/1346/1 1001/1347/1
f 1016/1343/1 1019/1348/1 1003/1327/1 991/1330/1
f 1020/1349/1 1021/1350/1 1005/1351/1 1004/1352/1
f 1019/1348/1 1020/1349/1 1004/1352/1 1003/1327/1
f 1021/1350/1 1017/1344/1 1001/1347/1 1005/1351/1
f 1018/1345/1 1022/1353/1 1006/1354/1 1002/1346/1
f 1024/1355/1 1023/1356/1 1007/1357/1 1008/1358/1
f 1023/1356/1 1015/1342/1 995/1334/1 1007/1357/1
f 1022/1353/1 1024/1355/1 1008/1358/1 1006/1354/1
f 1025/1359/1 517/681/1 479/680/1 990/1360/1
f 519/682/1 1026/1361/1 997/1331/1 487/649/1
f 1026/1361/1 1027/1362/1 1009/1363/1 997/1331/1
f 1027/1362/1 1028/1364/1 1010/1365/1 1009/1363/1
f 1028/1364/1 1025/1359/1 990/1360/1 1010/1365/1
f 842/1116/482 838/1115/115 992/1256/115 994/1366/482
f 936/1121/481 839/1120/483 993/1367/483 997/1268/481
f 931/1112/478 842/1111/484 994/1368/484 1003/1257/478
f 575/764/100 842/1116/485 994/1369/485 748/1043/100
f 928/1100/486 860/1105/487 1000/1370/487 999/1371/486
f 839/1120/488 929/1124/489 995/1372/489 993/1373/488
f 933/1104/490 834/1180/93 1002/1374/93 1006/1375/490
f 860/1105/487 927/1108/491 998/1264/491 1000/1370/487
f 926/1097/492 928/1100/486 999/1371/486 996/1376/492
f 842/1111/493 926/1097/492 996/1376/492 994/1377/493
f 934/1126/494 862/1101/495 1008/1378/495 1007/1379/494
f 834/1180/93 930/1153/496 1001/1156/496 1002/1374/93
f 929/1124/489 934/1126/494 1007/1379/494 995/1372/489
f 862/1101/495 933/1104/497 1006/1375/497 1008/1378/495
f 1016/1292/93 1015/1261/110 942/1260/110 943/1291/93
f 407/559/32 923/1249/32 1054/1380/32 552/702/32
f 923/1249/32 924/1252/32 1055/1381/32 1054/1380/32
f 924/1252/32 925/1251/32 1056/1382/32 1055/1381/32
f 925/1251/32 674/915/32 819/1058/32 1056/1382/32
f 1032/1383/498 1034/1384/93 1050/1385/93 1048/1386/498
f 1035/1387/92 1037/1388/92 1044/1389/92 1043/1390/92
f 1038/1391/92 1035/1387/92 1043/1390/92 1046/1392/92
f 1034/1384/93 1033/1393/499 1049/1394/499 1050/1385/93
f 1037/1388/32 1035/1387/32 791/1071/32 792/916/32
f 1038/1391/32 1036/1395/32 526/718/32 257/365/32
f 1035/1387/32 1038/1391/32 257/365/32 791/1071/32
f 1036/1395/32 1040/1396/32 527/558/32 526/718/32
f 1040/1396/32 1033/1393/32 1039/1250/32 527/558/32
f 1033/1393/32 1034/1384/32 1041/1253/32 1039/1250/32
f 1034/1384/32 1032/1383/32 1042/1254/32 1041/1253/32
f 1032/1383/32 1037/1388/32 792/916/32 1042/1254/32
f 1050/1385/32 1049/1394/32 1047/1397/32 1045/1398/32
f 1033/1393/499 1040/1396/500 1047/1397/500 1049/1394/499
f 1040/1396/100 1036/1395/100 1045/1398/100 1047/1397/100
f 1036/1395/100 1038/1391/100 1046/1392/100 1045/1398/100
f 1037/1388/501 1032/1383/498 1048/1386/498 1044/1389/501
f 375/1242/285 892/1241/502 1051/1399/502 548/1400/285
f 892/1241/502 894/1401/503 1052/1402/503 1051/1399/502
f 894/1401/503 895/1245/504 1053/1403/504 1052/1402/503
f 895/1245/504 640/903/403 815/1081/403 1053/1403/504
f 1029/1404/505 523/1405/290 552/702/290 1054/1380/505
f 1030/1247/506 1029/1404/505 1054/1380/505 1055/1381/506
f 1031/1237/507 1030/1247/506 1055/1381/506 1056/1382/507
f 790/1238/407 1031/1237/507 1056/1382/507 819/1058/407
f 1058/1406/508 1057/1407/508 1060/1408/509 1059/1409/509
f 560/1410/295 559/1411/295 1062/1412/510 1061/1413/510
f 1059/1409/509 1060/1408/509 827/1093/411 826/1092/411
f 1061/1413/510 1062/1412/510 1057/1407/508 1058/1406/508
f 523/1405/297 1029/1404/412 1062/1414/412 559/1415/297
f 894/1401/32 892/1241/363 1061/1244/363 1058/1416/32
f 1029/1404/412 1030/1247/1 1057/1248/1 1062/1414/412
f 895/1245/233 894/1401/32 1058/1416/32 1059/1246/233
f 1048/1386/32 1050/1385/32 1043/1390/32 1044/1389/32
f 1046/1392/32 1043/1390/32 1050/1385/32 1045/1398/32
