# Blender 5.0.1
# www.blender.org
mtllib BlockOut_01_v01.mtl
o Ground
v -128.773911 0.667816 128.773911
v 128.773911 0.667816 128.773911
v -128.773911 0.667816 -128.773911
v 128.773911 0.667816 -128.773911
v -128.773911 -10.337068 128.773911
v 128.773911 -10.337068 128.773911
v -128.773911 -10.337068 -128.773911
v 128.773911 -10.337068 -128.773911
v -67.613792 -3.942528 -12.292315
v -73.748848 -3.828092 -12.081869
v -79.883240 -3.713656 -11.852758
v -86.015495 -3.599221 -11.573702
v -92.143669 -3.484786 -11.216213
v -98.261230 -3.370350 -10.710470
v -104.343575 -3.255915 -9.891687
v -110.393333 -3.141479 -8.852005
v -116.427452 -3.027045 -7.724230
v -122.450996 -2.912608 -6.541325
v -128.466278 -2.798173 -5.316740
v 119.703468 -2.454867 -25.833038
v 105.263802 -2.569302 -23.284710
v 90.623062 -2.683738 -24.056898
v 76.128624 -2.798173 -26.426470
v 61.480099 -2.912608 -27.273415
v 46.792866 -3.027044 -27.250839
v 32.115051 -3.141479 -27.183306
v 17.588005 -3.255914 -29.340748
v 2.968838 -3.370350 -30.178577
v -11.090651 -3.484786 -26.054018
v -24.636608 -3.599221 -20.377867
v -38.501251 -3.713657 -15.555212
v -52.944672 -3.828093 -13.000756
v -67.601761 -3.654251 -11.947029
v -67.589722 -3.365975 -11.601746
v -67.577682 -3.077698 -11.256460
v -67.565643 -2.789421 -10.911177
v -67.553612 -2.501145 -10.565891
v -67.541573 -2.212869 -10.220608
v -67.529533 -1.924592 -9.875322
v -67.517494 -1.636316 -9.530039
v -67.505455 -1.348039 -9.184753
v -67.493416 -1.059763 -8.839470
v -67.481377 -0.771486 -8.494184
v -67.469337 -0.483210 -8.148901
v -67.457306 -0.194933 -7.803616
v -67.445267 0.093343 -7.458330
v -67.433228 0.381620 -7.113047
v -67.794373 0.381621 -17.471581
v -67.782333 0.093344 -17.126297
v -67.770294 -0.194932 -16.781012
v -67.758263 -0.483209 -16.435726
v -67.746223 -0.771486 -16.090443
v -67.734184 -1.059762 -15.745158
v -67.722145 -1.348038 -15.399874
v -67.710106 -1.636315 -15.054589
v -67.698067 -1.924592 -14.709305
v -67.686028 -2.212868 -14.364020
v -67.673988 -2.501145 -14.018736
v -67.661957 -2.789421 -13.673451
v -67.649918 -3.077697 -13.328168
v -67.637878 -3.365975 -12.982883
v -67.625839 -3.654250 -12.637598
v -53.386589 0.388773 -18.002760
v -39.780022 0.395925 -20.244545
v -26.384796 0.403077 -24.740259
v -12.777439 0.410229 -30.267649
v 2.404076 0.417381 -34.519783
v 18.181673 0.424534 -33.515614
v 32.513538 0.431686 -31.219622
v 46.743866 0.438838 -31.145544
v 61.523876 0.445990 -31.007246
v 76.629868 0.453142 -29.964304
v 91.090813 0.460295 -27.436926
v 105.062119 0.467447 -26.529762
v 118.909798 0.474599 -28.819775
v -53.357124 0.107648 -17.669292
v -39.694771 0.121953 -19.931923
v -26.268238 0.136257 -24.449436
v -12.664986 0.150561 -29.986740
v 2.441727 0.164866 -34.230370
v 18.142157 0.179170 -33.237282
v 32.486973 0.193475 -30.950533
v 46.747101 0.207779 -30.885899
v 61.520958 0.222084 -30.758324
v 76.596481 0.236388 -29.728443
v 91.059662 0.250693 -27.211586
v 105.075539 0.264997 -26.313425
v 118.962708 0.279301 -28.620659
v -53.327667 -0.173476 -17.335827
v -39.609516 -0.152019 -19.619301
v -26.151695 -0.130563 -24.158609
v -12.552504 -0.109106 -29.705841
v 2.479376 -0.087650 -33.940956
v 18.102549 -0.066193 -32.958961
v 32.460407 -0.044736 -30.681446
v 46.750401 -0.023280 -30.626251
v 61.518040 -0.001823 -30.509401
v 76.563026 0.019633 -29.492592
v 91.028481 0.041090 -26.986252
v 105.088959 0.062547 -26.097088
v 119.015625 0.084004 -28.421543
v -53.298218 -0.454600 -17.002357
v -39.524265 -0.425991 -19.306679
v -26.035133 -0.397383 -23.867790
v -12.440094 -0.368774 -29.424915
v 2.517094 -0.340165 -33.651554
v 18.062956 -0.311556 -32.680637
v 32.433842 -0.282947 -30.412357
v 46.753666 -0.254338 -30.366604
v 61.515121 -0.225729 -30.260481
v 76.529625 -0.197121 -29.256735
v 90.997292 -0.168512 -26.760918
v 105.102432 -0.139903 -25.880751
v 119.068565 -0.111294 -28.222435
v -53.268753 -0.735725 -16.668892
v -39.439014 -0.699963 -18.994055
v -25.918591 -0.664203 -23.576962
v -12.327614 -0.628442 -29.144020
v 2.554691 -0.592680 -33.362133
v 18.023378 -0.556919 -32.402313
v 32.407261 -0.521158 -30.143272
v 46.756935 -0.485397 -30.106956
v 61.512203 -0.449636 -30.011559
v 76.496223 -0.413875 -29.020878
v 90.966110 -0.378114 -26.535582
v 105.115906 -0.342353 -25.664415
v 119.121445 -0.306592 -28.023312
v -53.239281 -1.016849 -16.335426
v -39.353764 -0.973936 -18.681435
v -25.802067 -0.931022 -23.286129
v -12.215162 -0.888109 -28.863110
v 2.592325 -0.845196 -33.072716
v 17.983799 -0.802282 -32.123989
v 32.380695 -0.759369 -29.874184
v 46.760201 -0.716456 -29.847309
v 61.509285 -0.673543 -29.762636
v 76.462784 -0.630629 -28.785025
v 90.934883 -0.587716 -26.310251
v 105.129326 -0.544803 -25.448078
v 119.174355 -0.501890 -27.824196
v -53.209824 -1.297973 -16.001957
v -39.268513 -1.247907 -18.368813
v -25.685501 -1.197842 -22.995308
v -12.102724 -1.147777 -28.582195
v 2.629974 -1.097711 -32.783302
v 17.944221 -1.047646 -31.845665
v 32.354141 -0.997580 -29.605095
v 46.763466 -0.947515 -29.587662
v 61.506332 -0.897450 -29.513714
v 76.429352 -0.847384 -28.549171
v 90.903694 -0.797319 -26.084917
v 105.142746 -0.747253 -25.231741
v 119.227264 -0.697187 -27.625080
v -53.180374 -1.579097 -15.668490
v -39.183258 -1.521880 -18.056190
v -25.568958 -1.464662 -22.704481
v -11.990257 -1.407445 -28.301292
v 2.667641 -1.350227 -32.493889
v 17.904659 -1.293009 -31.567339
v 32.327576 -1.235791 -29.336006
v 46.766731 -1.178573 -29.328014
v 61.503448 -1.121356 -29.264791
v 76.395966 -1.064138 -28.313313
v 90.872513 -1.006921 -25.859583
v 105.156219 -0.949703 -25.015404
v 119.280174 -0.892485 -27.425964
v -53.150902 -1.860222 -15.335024
v -39.098011 -1.795852 -17.743568
v -25.452415 -1.731482 -22.413654
v -11.877819 -1.667112 -28.020378
v 2.705274 -1.602742 -32.204472
v 17.865051 -1.538372 -31.289019
v 32.301010 -1.474002 -29.066919
v 46.769997 -1.409632 -29.068369
v 61.500496 -1.345263 -29.015869
v 76.362534 -1.280892 -28.077459
v 90.841362 -1.216522 -25.634243
v 105.169640 -1.152153 -24.799067
v 119.333061 -1.087783 -27.226841
v -53.121445 -2.141346 -15.001558
v -39.012760 -2.069824 -17.430944
v -25.335873 -1.998302 -22.122829
v -11.765366 -1.926780 -27.739470
v 2.742940 -1.855257 -31.915062
v 17.825487 -1.783735 -31.010693
v 32.274429 -1.712214 -28.797832
v 46.773266 -1.640691 -28.808722
v 61.497608 -1.569169 -28.766947
v 76.329132 -1.497646 -27.841600
v 90.810143 -1.426125 -25.408913
v 105.183121 -1.354602 -24.582729
v 119.386002 -1.283080 -27.027733
v -53.091988 -2.422470 -14.668089
v -38.927509 -2.343796 -17.118324
v -25.219326 -2.265122 -21.832001
v -11.652901 -2.186448 -27.458567
v 2.780589 -2.107773 -31.625648
v 17.785910 -2.029099 -30.732368
v 32.247879 -1.950424 -28.528744
v 46.776535 -1.871750 -28.549074
v 61.494690 -1.793076 -28.518024
v 76.295700 -1.714401 -27.605749
v 90.778992 -1.635727 -25.183573
v 105.196564 -1.557052 -24.366394
v 119.438911 -1.478378 -26.828617
v -53.062508 -2.703594 -14.334623
v -38.842255 -2.617768 -16.805702
v -25.102783 -2.531942 -21.541176
v -11.540461 -2.446115 -27.177652
v 2.818239 -2.360289 -31.336233
v 17.746332 -2.274462 -30.454044
v 32.221298 -2.188636 -28.259659
v 46.779800 -2.102809 -28.289427
v 61.491772 -2.016982 -28.269102
v 76.262299 -1.931155 -27.369890
v 90.747803 -1.845329 -24.958239
v 105.210014 -1.759502 -24.150057
v 119.491821 -1.673676 -26.629501
v -53.033058 -2.984719 -14.001157
v -38.757004 -2.891741 -16.493080
v -24.986240 -2.798762 -21.250347
v -11.428009 -2.705783 -26.896744
v 2.855888 -2.612804 -31.046820
v 17.706770 -2.519825 -30.175716
v 32.194733 -2.426846 -27.990570
v 46.783066 -2.333867 -28.029779
v 61.488869 -2.240889 -28.020180
v 76.228867 -2.147910 -27.134037
v 90.716621 -2.054931 -24.732903
v 105.223457 -1.961952 -23.933720
v 119.544731 -1.868973 -26.430386
v -53.003593 -3.265843 -13.667689
v -38.671753 -3.165713 -16.180458
v -24.869717 -3.065582 -20.959515
v -11.315556 -2.965451 -26.615835
v 2.893522 -2.865319 -30.757404
v 17.667175 -2.765188 -29.897396
v 32.168167 -2.665057 -27.721483
v 46.786331 -2.564926 -27.770134
v 61.485935 -2.464795 -27.771257
v 76.195450 -2.364664 -26.898182
v 90.685394 -2.264534 -24.507572
v 105.236908 -2.164402 -23.717382
v 119.597649 -2.064271 -26.231270
v -52.974136 -3.546968 -13.334223
v -38.586502 -3.439685 -15.867835
v -24.753155 -3.332402 -20.668694
v -11.203104 -3.225118 -26.334927
v 2.931188 -3.117835 -30.467991
v 17.627598 -3.010551 -29.619070
v 32.141602 -2.903269 -27.452394
v 46.789597 -2.795985 -27.510487
v 61.482986 -2.688702 -27.522337
v 76.162025 -2.581419 -26.662327
v 90.654251 -2.474136 -24.282234
v 105.250351 -2.366852 -23.501045
v 119.650558 -2.259569 -26.032154
v -52.915199 -3.546968 -12.667289
v -38.416000 -3.439685 -15.242591
v -24.520096 -3.332401 -20.087029
v -10.978199 -3.225118 -25.773109
v 3.006472 -3.117834 -29.889162
v 17.548428 -3.010551 -29.062424
v 32.088486 -2.903268 -26.914217
v 46.796135 -2.795985 -26.991192
v 61.477180 -2.688702 -27.024492
v 76.095177 -2.581419 -26.190619
v 90.591835 -2.474136 -23.831568
v 105.277275 -2.366853 -23.068375
v 119.756378 -2.259569 -25.633921
v -52.885742 -3.265843 -12.333822
v -38.330750 -3.165713 -14.929968
v -24.403542 -3.065582 -19.796207
v -10.865746 -2.965451 -25.492201
v 3.044122 -2.865319 -29.599747
v 17.508909 -2.765188 -28.784090
v 32.061920 -2.665057 -26.645130
v 46.799366 -2.564926 -26.731544
v 61.474262 -2.464795 -26.775570
v 76.061783 -2.364664 -25.954760
v 90.560692 -2.264533 -23.606228
v 105.290695 -2.164402 -22.852036
v 119.809288 -2.064271 -25.434805
v -52.856277 -2.984720 -12.000355
v -38.245499 -2.891741 -14.617346
v -24.286999 -2.798762 -19.505379
v -10.753265 -2.705782 -25.211304
v 3.081771 -2.612804 -29.310333
v 17.469301 -2.519825 -28.505772
v 32.035351 -2.426846 -26.376041
v 46.802666 -2.333867 -26.471897
v 61.471344 -2.240889 -26.526648
v 76.028336 -2.147911 -25.718908
v 90.529503 -2.054931 -23.380894
v 105.304115 -1.961952 -22.635698
v 119.862198 -1.868973 -25.235689
v -52.826836 -2.703594 -11.666887
v -38.160248 -2.617769 -14.304724
v -24.170433 -2.531942 -19.214560
v -10.640856 -2.446115 -24.930378
v 3.119480 -2.360288 -29.020929
v 17.429708 -2.274462 -28.227449
v 32.008785 -2.188636 -26.106955
v 46.805931 -2.102809 -26.212250
v 61.468426 -2.016983 -26.277725
v 75.994934 -1.931156 -25.483051
v 90.498322 -1.845330 -23.155560
v 105.317589 -1.759502 -22.419361
v 119.915146 -1.673676 -25.036581
v -52.797363 -2.422471 -11.333422
v -38.074997 -2.343796 -13.992102
v -24.053890 -2.265122 -18.923733
v -10.528376 -2.186448 -24.649479
v 3.157085 -2.107773 -28.731508
v 17.390131 -2.029099 -27.949123
v 31.982204 -1.950425 -25.837868
v 46.809196 -1.871750 -25.952602
v 61.465508 -1.793076 -26.028803
v 75.961533 -1.714401 -25.247192
v 90.467133 -1.635727 -22.930223
v 105.331070 -1.557053 -22.203026
v 119.968025 -1.478378 -24.837458
v -52.767891 -2.141346 -10.999954
v -37.989746 -2.069825 -13.679480
v -23.937366 -1.998302 -18.632898
v -10.415924 -1.926780 -24.368572
v 3.194720 -1.855258 -28.442093
v 17.350552 -1.783736 -27.670799
v 31.955639 -1.712214 -25.568781
v 46.812466 -1.640692 -25.692955
v 61.462585 -1.569169 -25.779881
v 75.928101 -1.497647 -25.011339
v 90.435905 -1.426125 -22.704893
v 105.344482 -1.354602 -21.986689
v 120.020935 -1.283080 -24.638342
v -52.738441 -1.860222 -10.666487
v -37.904491 -1.795852 -13.366858
v -23.820805 -1.731483 -18.342079
v -10.303484 -1.667112 -24.087658
v 3.232370 -1.602742 -28.152678
v 17.310974 -1.538372 -27.392475
v 31.929089 -1.474003 -25.299690
v 46.815735 -1.409632 -25.433310
v 61.459637 -1.345263 -25.530958
v 75.894669 -1.280893 -24.775486
v 90.404724 -1.216523 -22.479557
v 105.357903 -1.152153 -21.770351
v 120.073845 -1.087783 -24.439226
v -52.708984 -1.579098 -10.333019
v -37.819237 -1.521880 -13.054237
v -23.704258 -1.464662 -18.051250
v -10.191019 -1.407445 -23.806753
v 3.270034 -1.350226 -27.863266
v 17.271412 -1.293009 -27.114149
v 31.902523 -1.235792 -25.030603
v 46.819000 -1.178574 -25.173662
v 61.456749 -1.121356 -25.282036
v 75.861282 -1.064138 -24.539627
v 90.373535 -1.006921 -22.254223
v 105.371376 -0.949703 -21.554014
v 120.126755 -0.892485 -24.240110
v -52.679520 -1.297973 -9.999552
v -37.733990 -1.247908 -12.741613
v -23.587715 -1.197843 -17.760426
v -10.078579 -1.147777 -23.525841
v 3.307670 -1.097711 -27.573849
v 17.231804 -1.047646 -26.835829
v 31.875957 -0.997581 -24.761515
v 46.822266 -0.947515 -24.914015
v 61.453800 -0.897450 -25.033113
v 75.827850 -0.847384 -24.303774
v 90.342392 -0.797319 -22.028885
v 105.384796 -0.747253 -21.337677
v 120.179634 -0.697188 -24.040987
v -52.650055 -1.016850 -9.666086
v -37.648739 -0.973936 -12.428991
v -23.471172 -0.931023 -17.469597
v -9.966127 -0.888109 -23.244930
v 3.345333 -0.845196 -27.284439
v 17.192240 -0.802283 -26.557503
v 31.849373 -0.759370 -24.492428
v 46.825531 -0.716456 -24.654367
v 61.450912 -0.673543 -24.784191
v 75.794449 -0.630630 -24.067917
v 90.311165 -0.587717 -21.803555
v 105.398277 -0.544803 -21.121342
v 120.232582 -0.501890 -23.841877
v -52.620598 -0.735725 -9.332617
v -37.563488 -0.699964 -12.116369
v -23.354630 -0.664203 -17.178772
v -9.853662 -0.628442 -22.964027
v 3.382983 -0.592681 -26.995024
v 17.152662 -0.556919 -26.279179
v 31.822824 -0.521159 -24.223339
v 46.828796 -0.485398 -24.394720
v 61.447994 -0.449637 -24.535269
v 75.761017 -0.413875 -23.832062
v 90.280022 -0.378114 -21.578213
v 105.411720 -0.342353 -20.905005
v 120.285492 -0.306592 -23.642763
v -52.591125 -0.454601 -8.999151
v -37.478237 -0.425992 -11.803747
v -23.238087 -0.397383 -16.887943
v -9.741222 -0.368774 -22.683113
v 3.420632 -0.340165 -26.705610
v 17.113085 -0.311556 -26.000854
v 31.796242 -0.282948 -23.954252
v 46.832066 -0.254339 -24.135075
v 61.445076 -0.225730 -24.286346
v 75.727608 -0.197121 -23.596207
v 90.248833 -0.168512 -21.352879
v 105.425171 -0.139903 -20.688667
v 120.338402 -0.111294 -23.443645
v -52.561668 -0.173477 -8.665686
v -37.392986 -0.152020 -11.491125
v -23.121540 -0.130564 -16.597118
v -9.628771 -0.109106 -22.402205
v 3.458282 -0.087650 -26.416197
v 17.073521 -0.066193 -25.722527
v 31.769676 -0.044737 -23.685165
v 46.835331 -0.023280 -23.875427
v 61.442173 -0.001823 -24.037424
v 75.694176 0.019633 -23.360352
v 90.217644 0.041090 -21.127544
v 105.438614 0.062547 -20.472330
v 120.391312 0.084003 -23.244530
v -52.532204 0.107648 -8.332218
v -37.307735 0.121952 -11.178503
v -23.005016 0.136257 -16.306284
v -9.516317 0.150561 -22.121296
v 3.495918 0.164866 -26.126780
v 17.033928 0.179170 -25.444204
v 31.743111 0.193474 -23.416077
v 46.838600 0.207779 -23.615780
v 61.439240 0.222083 -23.788502
v 75.660759 0.236387 -23.124496
v 90.186424 0.250692 -20.902214
v 105.452065 0.264997 -20.255993
v 120.444221 0.279301 -23.045414
v -52.502747 0.388772 -7.998751
v -37.222485 0.395924 -10.865881
v -22.888454 0.403076 -16.015463
v -9.403866 0.410229 -21.840387
v 3.533581 0.417381 -25.837368
v 16.994350 0.424533 -25.165880
v 31.716545 0.431685 -23.146990
v 46.841866 0.438838 -23.356133
v 61.436291 0.445990 -23.539579
v 75.627342 0.453142 -22.888641
v 90.155273 0.460294 -20.676874
v 105.465508 0.467447 -20.039658
v 120.497131 0.474599 -22.846298
v -128.418030 -2.581419 -5.083464
v -122.402214 -2.688702 -6.297211
v -116.378593 -2.795986 -7.469200
v -110.345543 -2.903268 -8.585867
v -104.300133 -3.010551 -9.613939
v -98.230827 -3.117834 -10.420204
v -92.122879 -3.225119 -10.914347
v -85.999359 -3.332401 -11.260809
v -79.869995 -3.439684 -11.528990
v -73.737038 -3.546967 -11.747311
v -128.369812 -2.364664 -4.850187
v -122.353416 -2.464795 -6.053101
v -116.329720 -2.564927 -7.214172
v -110.297737 -2.665057 -8.319731
v -104.256683 -2.765188 -9.336193
v -98.200432 -2.865319 -10.129940
v -92.102104 -2.965450 -10.612482
v -85.983231 -3.065581 -10.947914
v -79.856789 -3.165712 -11.205223
v -73.725212 -3.265843 -11.412754
v -128.321564 -2.147910 -4.616913
v -122.304604 -2.240889 -5.808994
v -116.280861 -2.333868 -6.959145
v -110.249931 -2.426846 -8.053593
v -104.213242 -2.519825 -9.058447
v -98.170029 -2.612804 -9.839676
v -92.081314 -2.705783 -10.310616
v -85.967094 -2.798761 -10.635021
v -79.843559 -2.891740 -10.881454
v -73.713409 -2.984719 -11.078196
v -128.273315 -1.931156 -4.383636
v -122.255806 -2.016983 -5.564886
v -116.231972 -2.102809 -6.704115
v -110.202110 -2.188636 -7.787458
v -104.169800 -2.274462 -8.780699
v -98.139610 -2.360288 -9.549410
v -92.060509 -2.446115 -10.008749
v -85.950935 -2.531941 -10.322128
v -79.830338 -2.617768 -10.557688
v -73.701599 -2.703594 -10.743639
v -128.225098 -1.714401 -4.150356
v -122.207008 -1.793076 -5.320776
v -116.183128 -1.871751 -6.449087
v -110.154305 -1.950425 -7.521322
v -104.126350 -2.029099 -8.502953
v -98.109215 -2.107773 -9.259146
v -92.039719 -2.186448 -9.706882
v -85.934814 -2.265122 -10.009235
v -79.817108 -2.343796 -10.233919
v -73.689789 -2.422470 -10.409081
v -128.176880 -1.497647 -3.917078
v -122.158226 -1.569169 -5.076662
v -116.134254 -1.640692 -6.194059
v -110.106499 -1.712213 -7.255186
v -104.082909 -1.783736 -8.225204
v -98.078812 -1.855258 -8.968882
v -92.018929 -1.926780 -9.405018
v -85.918678 -1.998302 -9.696342
v -79.803879 -2.069824 -9.910152
v -73.677994 -2.141346 -10.074524
v -128.128632 -1.280892 -3.683804
v -122.109428 -1.345262 -4.832554
v -116.085396 -1.409632 -5.939030
v -110.058708 -1.474003 -6.989048
v -104.039467 -1.538372 -7.947456
v -98.048409 -1.602742 -8.678617
v -91.998138 -1.667112 -9.103151
v -85.902534 -1.731482 -9.383448
v -79.790657 -1.795851 -9.586386
v -73.666161 -1.860222 -9.739967
v -128.080383 -1.064138 -3.450529
v -122.060631 -1.121356 -4.588444
v -116.036537 -1.178574 -5.684000
v -110.010902 -1.235791 -6.722910
v -103.996017 -1.293009 -7.669710
v -98.018005 -1.350227 -8.388351
v -91.977348 -1.407444 -8.801285
v -85.886398 -1.464662 -9.070555
v -79.777428 -1.521880 -9.262617
v -73.654350 -1.579098 -9.405409
v -128.032166 -0.847384 -3.217253
v -122.011803 -0.897449 -4.344337
v -115.987663 -0.947515 -5.428972
v -109.963097 -0.997580 -6.456774
v -103.952576 -1.047646 -7.391964
v -97.987602 -1.097712 -8.098087
v -91.956551 -1.147777 -8.499418
v -85.870255 -1.197842 -8.757662
v -79.764198 -1.247908 -8.938850
v -73.642540 -1.297973 -9.070852
v -127.983940 -0.630629 -2.983973
v -121.963020 -0.673543 -4.100224
v -115.938805 -0.716456 -5.173944
v -109.915276 -0.759369 -6.190639
v -103.909134 -0.802283 -7.114216
v -97.957207 -0.845196 -7.807821
v -91.935760 -0.888110 -8.197554
v -85.854118 -0.931023 -8.444769
v -79.750977 -0.973935 -8.615082
v -73.630730 -1.016849 -8.736296
v -127.935692 -0.413875 -2.750698
v -121.914223 -0.449636 -3.856115
v -115.889946 -0.485398 -4.918917
v -109.867485 -0.521159 -5.924501
v -103.865685 -0.556920 -6.836468
v -97.926804 -0.592681 -7.517557
v -91.914970 -0.628442 -7.895687
v -85.837982 -0.664203 -8.131876
v -79.737747 -0.699964 -8.291315
v -73.618912 -0.735725 -8.401737
v -127.887459 -0.197121 -2.517422
v -121.865410 -0.225730 -3.612009
v -115.841057 -0.254339 -4.663887
v -109.819679 -0.282948 -5.658365
v -103.822227 -0.311557 -6.558723
v -97.896400 -0.340165 -7.227293
v -91.894180 -0.368774 -7.593822
v -85.821838 -0.397383 -7.818983
v -79.724518 -0.425992 -7.967548
v -73.607101 -0.454601 -8.067179
v -127.839241 0.019634 -2.284143
v -121.816612 -0.001823 -3.367899
v -115.792198 -0.023280 -4.408859
v -109.771858 -0.044736 -5.392231
v -103.778801 -0.066193 -6.280973
v -97.865997 -0.087650 -6.937029
v -91.873390 -0.109106 -7.291956
v -85.805687 -0.130563 -7.506090
v -79.711296 -0.152019 -7.643780
v -73.595291 -0.173476 -7.732622
v -127.791008 0.236388 -2.050865
v -121.767815 0.222084 -3.123789
v -115.743340 0.207779 -4.153830
v -109.724068 0.193474 -5.126093
v -103.735352 0.179170 -6.003227
v -97.835594 0.164865 -6.646763
v -91.852600 0.150561 -6.990089
v -85.789558 0.136257 -7.193195
v -79.698067 0.121952 -7.320013
v -73.583481 0.107648 -7.398066
v -127.742775 0.453142 -1.817589
v -121.719017 0.445990 -2.879681
v -115.694481 0.438838 -3.898802
v -109.676262 0.431685 -4.859955
v -103.691910 0.424533 -5.725481
v -97.805191 0.417381 -6.356499
v -91.831810 0.410229 -6.688225
v -85.773422 0.403077 -6.880302
v -79.684845 0.395925 -6.996244
v -73.571671 0.388772 -7.063507
v -123.182991 0.445990 -10.202963
v -117.160423 0.438838 -11.549656
v -111.110435 0.431686 -12.844049
v -104.995239 0.424534 -14.057893
v -98.717270 0.417381 -15.064441
v -92.455528 0.410229 -15.744202
v -86.257584 0.403077 -16.267099
v -80.081627 0.395925 -16.709270
v -73.926025 0.388773 -17.100229
v -123.134193 0.222084 -9.958855
v -117.111565 0.207779 -11.294628
v -111.062630 0.193475 -12.577913
v -104.951797 0.179170 -13.780146
v -98.686874 0.164866 -14.774176
v -92.434753 0.150562 -15.442333
v -86.241463 0.136258 -15.954206
v -80.068413 0.121952 -16.385502
v -73.914207 0.107648 -16.765671
v -123.085381 -0.001823 -9.714748
v -117.062691 -0.023280 -11.039600
v -111.014824 -0.044736 -12.311777
v -104.908348 -0.066192 -13.502401
v -98.656471 -0.087649 -14.483912
v -92.413963 -0.109106 -15.140468
v -86.225319 -0.130562 -15.641314
v -80.055183 -0.152019 -16.061735
v -73.902405 -0.173476 -16.431114
v -123.036583 -0.225730 -9.470638
v -117.013817 -0.254338 -10.784571
v -110.967003 -0.282947 -12.045641
v -104.864906 -0.311556 -13.224652
v -98.626053 -0.340165 -14.193646
v -92.393158 -0.368774 -14.838603
v -86.209167 -0.397382 -15.328421
v -80.041962 -0.425992 -15.737967
v -73.890594 -0.454600 -16.096558
v -122.987785 -0.449636 -9.226530
v -116.964958 -0.485397 -10.529543
v -110.919197 -0.521158 -11.779505
v -104.821465 -0.556919 -12.946907
v -98.595657 -0.592680 -13.903381
v -92.372368 -0.628442 -14.536737
v -86.193039 -0.664202 -15.015527
v -80.028732 -0.699964 -15.414200
v -73.878777 -0.735724 -15.762000
v -122.939003 -0.673543 -8.982416
v -116.916084 -0.716456 -10.274515
v -110.871391 -0.759369 -11.513369
v -104.778015 -0.802283 -12.669158
v -98.565254 -0.845195 -13.613117
v -92.351578 -0.888109 -14.234871
v -86.176903 -0.931022 -14.702633
v -80.015503 -0.973935 -15.090433
v -73.866982 -1.016849 -15.427443
v -122.890205 -0.897449 -8.738306
v -116.867241 -0.947515 -10.019485
v -110.823601 -0.997580 -11.247231
v -104.734573 -1.047646 -12.391411
v -98.534859 -1.097711 -13.322853
v -92.330788 -1.147777 -13.933005
v -86.160767 -1.197842 -14.389740
v -80.002281 -1.247908 -14.766665
v -73.855156 -1.297973 -15.092884
v -122.841408 -1.121356 -8.494196
v -116.818367 -1.178573 -9.764458
v -110.775795 -1.235791 -10.981094
v -104.691132 -1.293009 -12.113665
v -98.504456 -1.350226 -13.032587
v -92.309990 -1.407444 -13.631140
v -86.144623 -1.464662 -14.076847
v -79.989052 -1.521880 -14.442898
v -73.843346 -1.579097 -14.758327
v -122.792580 -1.345262 -8.250092
v -116.769508 -1.409632 -9.509428
v -110.727989 -1.474002 -10.714958
v -104.647682 -1.538372 -11.835918
v -98.474052 -1.602742 -12.742323
v -92.289200 -1.667112 -13.329273
v -86.128487 -1.731482 -13.763954
v -79.975822 -1.795852 -14.119130
v -73.831535 -1.860222 -14.423771
v -128.755676 -1.497647 -6.716402
v -122.743797 -1.569169 -8.005978
v -116.720634 -1.640692 -9.254400
v -110.680168 -1.712213 -10.448824
v -104.604240 -1.783736 -11.558168
v -98.443649 -1.855257 -12.452057
v -92.268410 -1.926780 -13.027408
v -86.112343 -1.998301 -13.451060
v -79.962601 -2.069824 -13.795362
v -73.819717 -2.141346 -14.089212
v -128.707428 -1.714401 -6.483128
v -122.695000 -1.793076 -7.761868
v -116.671776 -1.871750 -8.999372
v -110.632378 -1.950424 -10.182684
v -104.560799 -2.029099 -11.280422
v -98.413246 -2.107773 -12.161793
v -92.247620 -2.186448 -12.725542
v -86.096207 -2.265121 -13.138167
v -79.949371 -2.343796 -13.471595
v -73.807907 -2.422470 -13.754656
v -128.659180 -1.931156 -6.249851
v -122.646187 -2.016983 -7.517763
v -116.622902 -2.102808 -8.744343
v -110.584572 -2.188636 -9.916548
v -104.517334 -2.274462 -11.002678
v -98.382843 -2.360288 -11.871529
v -92.226830 -2.446115 -12.423676
v -86.080070 -2.531941 -12.825274
v -79.936150 -2.617768 -13.147827
v -73.796097 -2.703594 -13.420098
v -128.610962 -2.147910 -6.016571
v -122.597389 -2.240889 -7.273653
v -116.574028 -2.333867 -8.489315
v -110.536751 -2.426846 -9.650414
v -104.473907 -2.519825 -10.724928
v -98.352440 -2.612804 -11.581264
v -92.206039 -2.705783 -12.121809
v -86.063911 -2.798761 -12.512381
v -79.922920 -2.891740 -12.824060
v -73.784286 -2.984718 -13.085541
v -128.562744 -2.364664 -5.783295
v -122.548592 -2.464795 -7.029543
v -116.525169 -2.564926 -8.234285
v -110.488960 -2.665057 -9.384275
v -104.430466 -2.765188 -10.447182
v -98.322037 -2.865319 -11.290998
v -92.185249 -2.965451 -11.819944
v -86.047791 -3.065581 -12.199488
v -79.909691 -3.165712 -12.500292
v -73.772469 -3.265843 -12.750983
v -128.514496 -2.581418 -5.550018
v -122.499794 -2.688702 -6.785433
v -116.476311 -2.795985 -7.979258
v -110.441154 -2.903268 -9.118139
v -104.387016 -3.010551 -10.169434
v -98.291634 -3.117835 -11.000734
v -92.164459 -3.225119 -11.518078
v -86.031647 -3.332401 -11.886595
v -79.896469 -3.439684 -12.176525
v -73.760658 -3.546967 -12.416426
v 31.690228 0.667816 -22.880249
v 32.539871 0.667816 -31.486357
v 46.845100 0.667816 -23.098824
v 46.740631 0.667816 -31.402855
v 61.433430 0.667816 -23.292971
v 61.526783 0.667816 -31.253855
v 105.048782 0.667816 -26.743874
v 90.124405 0.667816 -20.453777
v 91.121727 0.667816 -27.660019
v 120.549484 0.667816 -22.649303
v 128.773911 0.667816 -25.541119
v 105.478821 0.667816 -19.825544
v 118.857452 0.667816 -29.016769
v 128.773911 0.667816 -32.248623
v 76.662979 0.667816 -30.197893
v 75.594254 0.667816 -22.655048
v -127.695007 0.667816 -1.586550
v -128.773911 0.667816 -1.391483
v -128.773911 0.667816 -9.154809
v -123.231323 0.667816 -10.444808
v -109.628876 0.667816 -4.596143
v -111.157806 0.667816 -13.107862
v -117.208839 0.667816 -11.802388
v -115.646065 0.667816 -3.646068
v -121.670670 0.667816 -2.637839
v -103.648834 0.667816 -5.450089
v -105.038315 0.667816 -14.333284
v -97.775040 0.667816 -6.068624
v -98.747421 0.667816 -15.352313
v -91.811188 0.667816 -6.388777
v -86.273598 0.667816 -16.577553
v -85.757408 0.667816 -6.569847
v -92.476151 0.667816 -16.043648
v -80.094765 0.667816 -17.030579
v -67.806320 0.667816 -17.814371
v -73.559937 0.667816 -6.731426
v -73.937759 0.667816 -17.432310
v -53.415844 0.667816 -18.333759
v -67.421265 0.667816 -6.770255
v -37.137882 0.667816 -10.555633
v -39.864624 0.667816 -20.554792
v -52.473499 0.667816 -7.667751
v -26.500401 0.667816 -25.028830
v -22.772820 0.667816 -15.726904
v -12.888989 0.667816 -30.546307
v -9.292314 0.667816 -21.561729
v 3.570920 0.667816 -25.550339
v 18.220917 0.667816 -33.791576
v 16.955093 0.667816 -24.889917
v 2.366754 0.667816 -34.806816
v -79.671715 0.667816 -6.674935
v 128.773911 0.478767 -25.750158
v 128.773911 0.096705 -26.172586
v 128.773911 0.287703 -25.961424
v 128.773911 -0.285095 -26.594608
v 128.773911 -0.094228 -26.383648
v 128.773911 -0.666630 -27.016233
v 128.773911 -0.475896 -26.805470
v 128.773911 -0.857297 -27.226887
v 128.773911 -1.047898 -27.437441
v 128.773911 -1.238431 -27.647892
v 128.773911 -1.428895 -27.858244
v 128.773911 -1.619293 -28.068485
v 128.773911 -1.809621 -28.278625
v 128.773911 -2.190073 -28.698595
v 128.773911 -2.380194 -28.908421
v 128.773911 -1.999881 -28.488663
v 128.773911 -2.189054 -29.118137
v 128.773911 -1.806972 -29.537260
v 128.773911 -1.997979 -29.327751
v 128.773911 -1.425159 -29.955944
v 128.773911 -0.852950 -30.583168
v 128.773911 -1.043618 -30.374205
v 128.773911 -1.234355 -30.165129
v 128.773911 -1.616032 -29.746656
v 128.773911 -0.471820 -31.000765
v 128.773911 -0.090967 -31.417921
v 128.773911 -0.281359 -31.209400
v 128.773911 0.289606 -31.834631
v 128.773911 0.479787 -32.042820
v 128.773911 0.099355 -31.626331
v 128.773911 -0.662350 -30.792021
v -128.773911 0.238724 -1.869609
v -128.773911 0.454368 -1.629313
v -128.773911 -0.192906 -2.350728
v -128.773911 -0.624994 -2.832548
v -128.773911 -0.408893 -2.591550
v -128.773911 0.022966 -2.110083
v -128.773911 -1.057540 -3.315066
v -128.773911 -1.707219 -4.040160
v -128.773911 -1.490545 -3.798288
v -128.773911 -1.273985 -3.556590
v -128.773911 -2.140912 -4.524437
v -128.773911 -2.575064 -5.009411
v -128.773911 -2.357931 -4.766839
v -128.773911 -1.924008 -4.282210
v -128.773911 -2.792313 -5.252166
v -128.773911 -0.841210 -3.073722
v -128.773911 -2.361144 -5.738198
v -128.773911 -2.576785 -5.495092
v -128.773911 -1.929516 -6.224931
v -128.773911 -2.145387 -5.981475
v -128.773911 -1.497430 -6.712375
v -128.773911 -1.713530 -6.468565
v -128.773911 -1.281214 -6.956167
v -128.773911 -1.415678 -6.804620
v -128.773911 -1.064883 -7.200018
v -128.773911 -0.848437 -7.444048
v -128.773911 -0.415202 -7.932634
v -128.773911 -0.198412 -8.177190
v -128.773911 -0.631877 -7.688255
v -128.773911 0.235513 -8.666838
v -128.773911 0.018493 -8.421927
v -128.773911 0.452647 -8.911920
vn -0.0000 1.0000 -0.0000
vn -0.0000 -1.0000 -0.0000
vn -0.0000 -0.0000 1.0000
vn 1.0000 -0.0000 -0.0000
vn -1.0000 -0.0000 -0.0000
vn -0.0000 -0.0000 -1.0000
vn 0.1047 0.7634 0.6373
vn 0.2057 0.7620 0.6141
vn 0.2442 0.7601 0.6021
vn 0.1766 0.7550 0.6315
vn -0.0423 0.7513 0.6587
vn -0.1046 0.7516 0.6513
vn -0.0038 0.7480 0.6637
vn -0.0065 0.7453 0.6667
vn -0.0465 0.7409 0.6700
vn -0.1166 0.7374 0.6653
vn -0.0445 0.7314 0.6805
vn 0.1118 0.7267 0.6778
vn 0.2142 0.7232 0.6566
vn 0.1048 0.7634 0.6373
vn 0.2058 0.7620 0.6140
vn 0.2443 0.7601 0.6021
vn 0.1768 0.7550 0.6315
vn -0.0424 0.7512 0.6587
vn -0.1045 0.7516 0.6513
vn -0.0037 0.7480 0.6637
vn -0.0064 0.7453 0.6667
vn -0.0464 0.7409 0.6700
vn -0.1164 0.7374 0.6654
vn -0.0443 0.7314 0.6805
vn 0.1119 0.7267 0.6778
vn 0.2144 0.7232 0.6565
vn 0.1050 0.7634 0.6373
vn 0.2059 0.7620 0.6140
vn 0.2444 0.7601 0.6021
vn 0.1769 0.7550 0.6314
vn -0.0425 0.7512 0.6587
vn -0.1044 0.7516 0.6513
vn -0.0063 0.7453 0.6667
vn -0.0463 0.7409 0.6700
vn -0.1163 0.7374 0.6654
vn -0.0441 0.7314 0.6806
vn 0.1121 0.7267 0.6778
vn 0.2145 0.7232 0.6565
vn 0.1051 0.7634 0.6373
vn 0.2060 0.7620 0.6140
vn 0.2445 0.7601 0.6020
vn 0.1771 0.7550 0.6314
vn -0.0426 0.7512 0.6586
vn -0.1042 0.7516 0.6513
vn -0.0036 0.7480 0.6637
vn -0.0062 0.7453 0.6667
vn -0.0461 0.7409 0.6700
vn -0.1162 0.7374 0.6654
vn -0.0438 0.7314 0.6806
vn 0.1122 0.7267 0.6778
vn 0.2147 0.7232 0.6564
vn 0.1052 0.7634 0.6372
vn 0.2061 0.7620 0.6139
vn 0.2446 0.7601 0.6020
vn 0.1772 0.7550 0.6314
vn -0.1041 0.7516 0.6514
vn -0.0035 0.7480 0.6637
vn -0.0061 0.7453 0.6667
vn -0.0460 0.7409 0.6700
vn -0.1160 0.7374 0.6654
vn -0.0436 0.7314 0.6806
vn 0.1124 0.7267 0.6777
vn 0.2148 0.7232 0.6563
vn 0.1054 0.7634 0.6372
vn 0.2062 0.7620 0.6139
vn 0.2447 0.7601 0.6019
vn 0.1774 0.7550 0.6313
vn -0.0427 0.7512 0.6587
vn -0.1040 0.7516 0.6514
vn -0.0034 0.7480 0.6637
vn -0.0059 0.7453 0.6667
vn -0.0459 0.7409 0.6700
vn -0.1159 0.7374 0.6655
vn -0.0435 0.7314 0.6806
vn 0.1125 0.7267 0.6777
vn 0.2150 0.7232 0.6563
vn 0.1055 0.7634 0.6372
vn 0.2063 0.7620 0.6139
vn 0.2448 0.7601 0.6019
vn 0.1775 0.7550 0.6313
vn -0.0428 0.7512 0.6586
vn -0.1038 0.7516 0.6514
vn -0.0058 0.7453 0.6667
vn -0.0457 0.7409 0.6700
vn -0.1158 0.7374 0.6655
vn -0.0433 0.7314 0.6806
vn 0.1126 0.7267 0.6777
vn 0.2151 0.7233 0.6562
vn 0.1056 0.7634 0.6372
vn 0.2064 0.7620 0.6138
vn 0.2449 0.7601 0.6019
vn 0.1777 0.7550 0.6312
vn -0.0429 0.7512 0.6586
vn -0.1037 0.7516 0.6514
vn -0.0033 0.7480 0.6637
vn -0.0057 0.7453 0.6667
vn -0.0456 0.7409 0.6701
vn -0.1156 0.7374 0.6655
vn -0.0431 0.7314 0.6806
vn 0.1128 0.7267 0.6777
vn 0.2153 0.7233 0.6562
vn 0.1058 0.7634 0.6371
vn 0.2065 0.7620 0.6138
vn 0.2450 0.7601 0.6018
vn 0.1779 0.7550 0.6312
vn -0.0430 0.7512 0.6586
vn -0.1036 0.7516 0.6514
vn -0.0032 0.7480 0.6637
vn -0.0056 0.7453 0.6667
vn -0.0454 0.7409 0.6701
vn -0.1155 0.7374 0.6655
vn -0.0429 0.7314 0.6806
vn 0.1129 0.7267 0.6777
vn 0.2154 0.7233 0.6561
vn 0.1059 0.7635 0.6371
vn 0.2066 0.7620 0.6138
vn 0.2451 0.7601 0.6018
vn 0.1780 0.7550 0.6311
vn -0.0431 0.7512 0.6586
vn -0.1034 0.7516 0.6515
vn -0.0055 0.7453 0.6667
vn -0.0453 0.7409 0.6701
vn -0.1154 0.7374 0.6655
vn -0.0427 0.7314 0.6806
vn 0.1131 0.7267 0.6776
vn 0.2156 0.7233 0.6560
vn 0.1060 0.7635 0.6371
vn 0.2067 0.7620 0.6137
vn 0.2452 0.7601 0.6017
vn 0.1782 0.7550 0.6311
vn -0.0432 0.7512 0.6586
vn -0.1033 0.7516 0.6515
vn -0.0031 0.7480 0.6637
vn -0.0053 0.7453 0.6667
vn -0.0452 0.7409 0.6701
vn -0.1152 0.7374 0.6656
vn -0.0425 0.7314 0.6806
vn 0.1132 0.7267 0.6776
vn 0.2157 0.7233 0.6560
vn 0.1062 0.7634 0.6371
vn 0.2068 0.7620 0.6137
vn 0.2453 0.7601 0.6017
vn 0.1783 0.7550 0.6311
vn -0.0433 0.7512 0.6586
vn -0.1032 0.7516 0.6515
vn -0.0030 0.7480 0.6637
vn -0.0052 0.7453 0.6667
vn -0.0450 0.7409 0.6701
vn -0.1151 0.7374 0.6656
vn -0.0423 0.7314 0.6806
vn 0.1133 0.7267 0.6776
vn 0.2159 0.7233 0.6559
vn 0.1063 0.7635 0.6371
vn 0.2069 0.7620 0.6137
vn 0.2454 0.7601 0.6017
vn 0.1785 0.7550 0.6310
vn -0.0434 0.7512 0.6586
vn -0.1030 0.7516 0.6515
vn -0.0029 0.7480 0.6637
vn -0.0051 0.7453 0.6667
vn -0.0449 0.7409 0.6701
vn -0.1150 0.7374 0.6656
vn -0.0421 0.7314 0.6807
vn 0.1135 0.7267 0.6776
vn 0.2160 0.7233 0.6559
vn 0.1064 0.7635 0.6370
vn 0.2070 0.7620 0.6136
vn 0.2455 0.7601 0.6016
vn 0.1787 0.7550 0.6310
vn -0.0435 0.7512 0.6586
vn -0.1029 0.7516 0.6515
vn -0.0050 0.7453 0.6667
vn -0.0447 0.7409 0.6701
vn -0.1148 0.7374 0.6656
vn -0.0419 0.7314 0.6807
vn 0.1136 0.7267 0.6775
vn 0.2161 0.7233 0.6558
vn 0.0232 0.7666 0.6417
vn 0.1045 0.7634 0.6374
vn 0.2056 0.7620 0.6141
vn 0.2442 0.7601 0.6022
vn 0.1765 0.7550 0.6316
vn -0.0422 0.7512 0.6587
vn -0.1048 0.7516 0.6513
vn -0.0039 0.7480 0.6637
vn -0.0067 0.7453 0.6667
vn -0.0467 0.7409 0.6700
vn -0.1167 0.7374 0.6653
vn -0.0447 0.7314 0.6805
vn 0.1116 0.7267 0.6779
vn 0.2141 0.7232 0.6567
vn 0.2163 0.7233 0.6557
vn 0.1137 0.7267 0.6775
vn -0.0417 0.7314 0.6807
vn -0.1147 0.7374 0.6656
vn -0.0446 0.7409 0.6701
vn -0.0048 0.7453 0.6667
vn -0.0028 0.7480 0.6637
vn -0.1028 0.7516 0.6516
vn -0.0436 0.7512 0.6586
vn 0.1789 0.7550 0.6309
vn 0.2456 0.7601 0.6016
vn 0.2071 0.7620 0.6136
vn 0.1065 0.7635 0.6370
vn 0.0249 0.7666 0.6416
vn 0.0248 0.7666 0.6416
vn 0.0247 0.7666 0.6416
vn 0.0246 0.7666 0.6416
vn 0.0245 0.7666 0.6416
vn 0.0244 0.7666 0.6416
vn 0.0243 0.7666 0.6416
vn 0.0241 0.7666 0.6416
vn 0.0240 0.7666 0.6416
vn 0.0239 0.7666 0.6417
vn 0.0238 0.7666 0.6417
vn 0.0237 0.7666 0.6417
vn 0.0236 0.7666 0.6417
vn 0.0235 0.7666 0.6417
vn 0.0233 0.7666 0.6417
vn -0.1185 0.7635 -0.6349
vn -0.2185 0.7619 -0.6097
vn -0.2568 0.7600 -0.5970
vn -0.1907 0.7548 -0.6277
vn 0.0319 0.7515 -0.6589
vn 0.0909 0.7518 -0.6531
vn -0.0090 0.7477 -0.6640
vn -0.0070 0.7453 -0.6667
vn 0.0328 0.7408 -0.6709
vn 0.1031 0.7375 -0.6674
vn 0.0300 0.7315 -0.6812
vn -0.1251 0.7266 -0.6756
vn -0.2273 0.7232 -0.6522
vn -0.2569 0.7600 -0.5970
vn -0.1909 0.7548 -0.6276
vn 0.0320 0.7515 -0.6589
vn 0.0908 0.7518 -0.6531
vn -0.0071 0.7453 -0.6667
vn 0.0326 0.7408 -0.6709
vn 0.1029 0.7375 -0.6674
vn 0.0298 0.7315 -0.6812
vn -0.1252 0.7266 -0.6756
vn -0.2274 0.7232 -0.6521
vn -0.1186 0.7635 -0.6349
vn -0.2186 0.7619 -0.6097
vn -0.2570 0.7600 -0.5969
vn -0.1911 0.7548 -0.6275
vn 0.0906 0.7518 -0.6532
vn -0.0073 0.7453 -0.6667
vn 0.0324 0.7408 -0.6709
vn 0.1028 0.7375 -0.6674
vn 0.0297 0.7315 -0.6812
vn -0.1253 0.7266 -0.6756
vn -0.2275 0.7232 -0.6520
vn -0.1187 0.7635 -0.6349
vn -0.2187 0.7619 -0.6097
vn -0.2571 0.7600 -0.5969
vn -0.1914 0.7548 -0.6275
vn 0.0905 0.7518 -0.6532
vn -0.0091 0.7477 -0.6640
vn -0.0074 0.7453 -0.6667
vn 0.0322 0.7408 -0.6710
vn 0.1027 0.7375 -0.6674
vn 0.0295 0.7315 -0.6812
vn -0.1254 0.7266 -0.6756
vn -0.2277 0.7232 -0.6520
vn -0.1188 0.7635 -0.6348
vn -0.2187 0.7619 -0.6096
vn -0.2572 0.7600 -0.5969
vn -0.1916 0.7548 -0.6274
vn 0.0321 0.7515 -0.6589
vn 0.0904 0.7518 -0.6532
vn -0.0075 0.7453 -0.6667
vn 0.0321 0.7408 -0.6710
vn 0.1025 0.7375 -0.6675
vn 0.0294 0.7315 -0.6812
vn -0.1255 0.7265 -0.6755
vn -0.2278 0.7232 -0.6519
vn -0.2188 0.7619 -0.6096
vn -0.2572 0.7600 -0.5968
vn -0.1918 0.7548 -0.6273
vn 0.0903 0.7518 -0.6532
vn -0.0092 0.7477 -0.6640
vn -0.0077 0.7453 -0.6667
vn 0.0319 0.7408 -0.6710
vn 0.1024 0.7375 -0.6675
vn 0.0292 0.7315 -0.6812
vn -0.1256 0.7265 -0.6755
vn -0.2279 0.7233 -0.6519
vn -0.1189 0.7635 -0.6348
vn -0.2189 0.7619 -0.6096
vn -0.2573 0.7600 -0.5968
vn -0.1921 0.7548 -0.6273
vn 0.0322 0.7515 -0.6589
vn 0.0901 0.7518 -0.6532
vn -0.0078 0.7453 -0.6667
vn 0.0317 0.7408 -0.6710
vn 0.1023 0.7375 -0.6675
vn 0.0291 0.7315 -0.6813
vn -0.1257 0.7266 -0.6755
vn -0.2280 0.7233 -0.6518
vn -0.1190 0.7635 -0.6348
vn -0.2574 0.7600 -0.5968
vn -0.1923 0.7547 -0.6272
vn 0.0900 0.7518 -0.6532
vn -0.0093 0.7477 -0.6640
vn -0.0079 0.7453 -0.6667
vn 0.0316 0.7408 -0.6710
vn 0.1021 0.7375 -0.6675
vn 0.0289 0.7315 -0.6813
vn -0.1258 0.7266 -0.6755
vn -0.2281 0.7233 -0.6518
vn -0.1191 0.7635 -0.6348
vn -0.2190 0.7619 -0.6096
vn -0.2575 0.7600 -0.5967
vn -0.1926 0.7547 -0.6271
vn 0.0899 0.7518 -0.6532
vn -0.0080 0.7453 -0.6667
vn 0.0314 0.7408 -0.6710
vn 0.1020 0.7375 -0.6676
vn 0.0288 0.7315 -0.6813
vn -0.1259 0.7266 -0.6755
vn -0.2283 0.7233 -0.6517
vn -0.2191 0.7619 -0.6095
vn -0.2576 0.7600 -0.5967
vn -0.1929 0.7547 -0.6270
vn 0.0323 0.7515 -0.6589
vn 0.0898 0.7518 -0.6533
vn -0.0082 0.7453 -0.6667
vn 0.0312 0.7408 -0.6710
vn 0.1019 0.7375 -0.6676
vn 0.0287 0.7315 -0.6813
vn -0.1260 0.7265 -0.6755
vn -0.2284 0.7233 -0.6517
vn -0.1192 0.7635 -0.6348
vn -0.2577 0.7600 -0.5966
vn -0.1931 0.7547 -0.6270
vn 0.0897 0.7518 -0.6533
vn -0.0094 0.7477 -0.6640
vn -0.0083 0.7453 -0.6667
vn 0.0310 0.7408 -0.6710
vn 0.1017 0.7375 -0.6676
vn 0.0285 0.7315 -0.6813
vn -0.1261 0.7265 -0.6754
vn -0.2285 0.7233 -0.6516
vn -0.1193 0.7635 -0.6348
vn -0.2192 0.7619 -0.6095
vn -0.2578 0.7600 -0.5966
vn -0.1934 0.7547 -0.6269
vn 0.0324 0.7515 -0.6589
vn 0.0895 0.7518 -0.6533
vn -0.0084 0.7453 -0.6667
vn 0.0309 0.7408 -0.6710
vn 0.1016 0.7375 -0.6676
vn 0.0284 0.7315 -0.6813
vn -0.1262 0.7266 -0.6754
vn -0.2286 0.7233 -0.6516
vn -0.1193 0.7635 -0.6347
vn -0.2579 0.7600 -0.5966
vn -0.1936 0.7547 -0.6268
vn 0.0894 0.7518 -0.6533
vn -0.0095 0.7477 -0.6640
vn -0.0086 0.7453 -0.6667
vn 0.0307 0.7408 -0.6711
vn 0.1015 0.7375 -0.6676
vn 0.0282 0.7315 -0.6813
vn -0.1263 0.7265 -0.6754
vn -0.2287 0.7233 -0.6515
vn -0.1194 0.7635 -0.6347
vn -0.2193 0.7619 -0.6095
vn -0.2580 0.7600 -0.5965
vn -0.1939 0.7547 -0.6267
vn 0.0893 0.7518 -0.6533
vn -0.0087 0.7453 -0.6667
vn 0.0305 0.7408 -0.6711
vn 0.1013 0.7375 -0.6676
vn 0.0281 0.7315 -0.6813
vn -0.1264 0.7265 -0.6754
vn -0.2289 0.7233 -0.6515
vn -0.0370 0.7667 -0.6409
vn -0.1184 0.7635 -0.6349
vn -0.2184 0.7619 -0.6098
vn -0.2567 0.7600 -0.5971
vn -0.1904 0.7548 -0.6277
vn 0.0910 0.7518 -0.6531
vn -0.0089 0.7477 -0.6640
vn -0.0069 0.7453 -0.6667
vn 0.0329 0.7408 -0.6709
vn 0.1032 0.7375 -0.6674
vn 0.0301 0.7315 -0.6812
vn -0.1250 0.7266 -0.6756
vn -0.2272 0.7232 -0.6522
vn -0.2290 0.7233 -0.6514
vn -0.1265 0.7265 -0.6754
vn 0.0279 0.7315 -0.6813
vn 0.1012 0.7375 -0.6677
vn 0.0303 0.7408 -0.6711
vn -0.0088 0.7453 -0.6667
vn -0.0096 0.7477 -0.6640
vn 0.0892 0.7518 -0.6533
vn 0.0325 0.7515 -0.6589
vn -0.1942 0.7547 -0.6267
vn -0.2581 0.7600 -0.5965
vn -0.2194 0.7619 -0.6094
vn -0.1195 0.7635 -0.6347
vn -0.0384 0.7667 -0.6408
vn -0.0383 0.7667 -0.6408
vn -0.0382 0.7667 -0.6409
vn -0.0381 0.7667 -0.6409
vn -0.0380 0.7667 -0.6409
vn -0.0379 0.7667 -0.6409
vn -0.0378 0.7667 -0.6409
vn -0.0377 0.7667 -0.6409
vn -0.0376 0.7667 -0.6409
vn -0.0375 0.7667 -0.6409
vn -0.0374 0.7667 -0.6409
vn -0.0373 0.7667 -0.6409
vn -0.0372 0.7667 -0.6409
vn -0.0371 0.7667 -0.6409
vn -0.1243 0.7394 -0.6616
vn -0.1198 0.7415 -0.6601
vn -0.1144 0.7452 -0.6569
vn -0.1076 0.7487 -0.6542
vn -0.0974 0.7518 -0.6521
vn -0.0731 0.7547 -0.6520
vn -0.0393 0.7574 -0.6518
vn -0.0233 0.7600 -0.6495
vn -0.0148 0.7624 -0.6469
vn -0.0094 0.7646 -0.6444
vn -0.1240 0.7394 -0.6617
vn -0.1195 0.7415 -0.6602
vn -0.1141 0.7452 -0.6570
vn -0.1073 0.7487 -0.6542
vn -0.0971 0.7518 -0.6522
vn -0.0728 0.7547 -0.6520
vn -0.0390 0.7574 -0.6518
vn -0.0230 0.7600 -0.6495
vn -0.0146 0.7624 -0.6469
vn -0.0092 0.7646 -0.6444
vn -0.1237 0.7394 -0.6618
vn -0.1192 0.7415 -0.6603
vn -0.1138 0.7452 -0.6570
vn -0.1070 0.7487 -0.6543
vn -0.0968 0.7518 -0.6522
vn -0.0725 0.7547 -0.6521
vn -0.0387 0.7574 -0.6518
vn -0.0228 0.7600 -0.6495
vn -0.0143 0.7624 -0.6469
vn -0.0090 0.7646 -0.6444
vn -0.1234 0.7394 -0.6619
vn -0.1189 0.7415 -0.6603
vn -0.1135 0.7452 -0.6571
vn -0.1068 0.7487 -0.6543
vn -0.0966 0.7518 -0.6523
vn -0.0722 0.7547 -0.6521
vn -0.0384 0.7574 -0.6518
vn -0.0225 0.7600 -0.6495
vn -0.0141 0.7624 -0.6469
vn -0.0087 0.7646 -0.6444
vn -0.1231 0.7394 -0.6620
vn -0.1186 0.7415 -0.6604
vn -0.1132 0.7452 -0.6571
vn -0.1065 0.7487 -0.6544
vn -0.0963 0.7518 -0.6523
vn -0.0719 0.7547 -0.6521
vn -0.0381 0.7574 -0.6518
vn -0.0222 0.7600 -0.6495
vn -0.0138 0.7624 -0.6470
vn -0.0085 0.7646 -0.6444
vn -0.1228 0.7393 -0.6620
vn -0.1183 0.7415 -0.6604
vn -0.1129 0.7452 -0.6572
vn -0.1062 0.7486 -0.6544
vn -0.0960 0.7518 -0.6523
vn -0.0716 0.7547 -0.6522
vn -0.0378 0.7574 -0.6519
vn -0.0220 0.7600 -0.6496
vn -0.0136 0.7624 -0.6470
vn -0.0082 0.7646 -0.6444
vn -0.1225 0.7393 -0.6621
vn -0.1180 0.7415 -0.6605
vn -0.1126 0.7452 -0.6572
vn -0.1059 0.7486 -0.6545
vn -0.0957 0.7518 -0.6524
vn -0.0713 0.7547 -0.6522
vn -0.0375 0.7574 -0.6519
vn -0.0217 0.7600 -0.6496
vn -0.0133 0.7624 -0.6470
vn -0.0080 0.7646 -0.6444
vn -0.1221 0.7393 -0.6622
vn -0.1177 0.7415 -0.6605
vn -0.1123 0.7452 -0.6573
vn -0.1056 0.7486 -0.6545
vn -0.0954 0.7518 -0.6524
vn -0.0710 0.7547 -0.6523
vn -0.0372 0.7574 -0.6519
vn -0.0214 0.7600 -0.6496
vn -0.0131 0.7624 -0.6470
vn -0.0078 0.7646 -0.6444
vn -0.1218 0.7393 -0.6623
vn -0.1173 0.7415 -0.6606
vn -0.1120 0.7452 -0.6573
vn -0.1053 0.7486 -0.6546
vn -0.0951 0.7518 -0.6525
vn -0.0707 0.7547 -0.6523
vn -0.0369 0.7574 -0.6519
vn -0.0212 0.7600 -0.6496
vn -0.0128 0.7624 -0.6470
vn -0.0075 0.7646 -0.6444
vn -0.1215 0.7393 -0.6624
vn -0.1170 0.7415 -0.6607
vn -0.1117 0.7452 -0.6574
vn -0.1050 0.7486 -0.6546
vn -0.0948 0.7518 -0.6525
vn -0.0704 0.7547 -0.6523
vn -0.0367 0.7574 -0.6519
vn -0.0209 0.7600 -0.6496
vn -0.0126 0.7624 -0.6470
vn -0.0073 0.7646 -0.6444
vn -0.1212 0.7393 -0.6624
vn -0.1167 0.7415 -0.6607
vn -0.1114 0.7452 -0.6575
vn -0.1047 0.7486 -0.6547
vn -0.0945 0.7518 -0.6526
vn -0.0701 0.7547 -0.6524
vn -0.0364 0.7574 -0.6520
vn -0.0206 0.7600 -0.6496
vn -0.0123 0.7624 -0.6470
vn -0.0070 0.7646 -0.6445
vn -0.1209 0.7392 -0.6625
vn -0.1164 0.7415 -0.6608
vn -0.1111 0.7452 -0.6575
vn -0.1044 0.7486 -0.6547
vn -0.0942 0.7518 -0.6526
vn -0.0698 0.7547 -0.6524
vn -0.0361 0.7574 -0.6520
vn -0.0204 0.7600 -0.6496
vn -0.0121 0.7624 -0.6470
vn -0.0068 0.7646 -0.6445
vn -0.1206 0.7392 -0.6626
vn -0.1161 0.7415 -0.6608
vn -0.1108 0.7452 -0.6576
vn -0.1041 0.7486 -0.6548
vn -0.0939 0.7518 -0.6527
vn -0.0695 0.7546 -0.6524
vn -0.0358 0.7574 -0.6520
vn -0.0201 0.7600 -0.6496
vn -0.0118 0.7624 -0.6470
vn -0.0066 0.7646 -0.6445
vn -0.1203 0.7392 -0.6627
vn -0.1158 0.7415 -0.6609
vn -0.1105 0.7452 -0.6576
vn -0.1038 0.7486 -0.6548
vn -0.0937 0.7518 -0.6527
vn -0.0692 0.7546 -0.6525
vn -0.0355 0.7574 -0.6520
vn -0.0198 0.7600 -0.6497
vn -0.0116 0.7624 -0.6470
vn -0.0063 0.7646 -0.6445
vn -0.1246 0.7395 -0.6616
vn -0.1201 0.7415 -0.6601
vn -0.1147 0.7452 -0.6569
vn -0.1079 0.7487 -0.6541
vn -0.0977 0.7518 -0.6521
vn -0.0734 0.7547 -0.6520
vn -0.0396 0.7574 -0.6517
vn -0.0236 0.7600 -0.6495
vn -0.0151 0.7624 -0.6469
vn -0.0097 0.7646 -0.6444
vn -0.0076 0.7667 -0.6419
vn -0.0074 0.7667 -0.6419
vn -0.0071 0.7667 -0.6419
vn -0.0069 0.7667 -0.6419
vn -0.0067 0.7667 -0.6419
vn -0.0065 0.7667 -0.6419
vn -0.0062 0.7667 -0.6419
vn -0.0060 0.7667 -0.6420
vn -0.0058 0.7667 -0.6420
vn -0.0055 0.7667 -0.6420
vn -0.0053 0.7667 -0.6420
vn -0.0051 0.7667 -0.6420
vn -0.0049 0.7667 -0.6420
vn -0.0046 0.7667 -0.6420
vn -0.0044 0.7667 -0.6420
vn -0.0042 0.7667 -0.6420
vn -0.0061 0.7646 -0.6445
vn -0.0113 0.7624 -0.6470
vn -0.0196 0.7600 -0.6497
vn -0.0352 0.7574 -0.6521
vn -0.0689 0.7546 -0.6525
vn -0.0934 0.7518 -0.6528
vn -0.1035 0.7486 -0.6549
vn -0.1102 0.7452 -0.6577
vn -0.1155 0.7415 -0.6610
vn -0.1200 0.7392 -0.6627
vn 0.1516 0.7416 0.6535
vn 0.1462 0.7452 0.6506
vn 0.1394 0.7486 0.6482
vn 0.1291 0.7517 0.6467
vn 0.1046 0.7546 0.6478
vn 0.0712 0.7574 0.6490
vn 0.0554 0.7600 0.6476
vn 0.0470 0.7624 0.6454
vn 0.0416 0.7646 0.6431
vn 0.1513 0.7416 0.6536
vn 0.1459 0.7452 0.6507
vn 0.1392 0.7486 0.6483
vn 0.1289 0.7517 0.6468
vn 0.1044 0.7546 0.6478
vn 0.0710 0.7574 0.6490
vn 0.0552 0.7600 0.6476
vn 0.0467 0.7624 0.6454
vn 0.0414 0.7646 0.6432
vn 0.1510 0.7416 0.6536
vn 0.1457 0.7452 0.6507
vn 0.1389 0.7486 0.6483
vn 0.1286 0.7517 0.6468
vn 0.1042 0.7546 0.6479
vn 0.0708 0.7574 0.6491
vn 0.0549 0.7600 0.6476
vn 0.0465 0.7624 0.6454
vn 0.0412 0.7646 0.6432
vn 0.1508 0.7416 0.6537
vn 0.1454 0.7452 0.6508
vn 0.1386 0.7486 0.6484
vn 0.1284 0.7517 0.6468
vn 0.1040 0.7546 0.6479
vn 0.0705 0.7574 0.6491
vn 0.0547 0.7600 0.6476
vn 0.0463 0.7624 0.6455
vn 0.0409 0.7646 0.6432
vn 0.1505 0.7416 0.6538
vn 0.1451 0.7452 0.6509
vn 0.1383 0.7486 0.6484
vn 0.1281 0.7517 0.6469
vn 0.1038 0.7546 0.6479
vn 0.0703 0.7574 0.6491
vn 0.0545 0.7600 0.6476
vn 0.0461 0.7624 0.6455
vn 0.0407 0.7646 0.6432
vn 0.1502 0.7415 0.6539
vn 0.1448 0.7452 0.6509
vn 0.1381 0.7486 0.6485
vn 0.1279 0.7517 0.6469
vn 0.1036 0.7546 0.6480
vn 0.0701 0.7574 0.6491
vn 0.0542 0.7600 0.6476
vn 0.0458 0.7624 0.6455
vn 0.0405 0.7646 0.6432
vn 0.1499 0.7415 0.6540
vn 0.1445 0.7452 0.6510
vn 0.1378 0.7486 0.6485
vn 0.1276 0.7518 0.6470
vn 0.1033 0.7546 0.6480
vn 0.0698 0.7575 0.6491
vn 0.0540 0.7600 0.6476
vn 0.0456 0.7624 0.6455
vn 0.0402 0.7646 0.6432
vn 0.1496 0.7415 0.6540
vn 0.1442 0.7452 0.6510
vn 0.1375 0.7486 0.6486
vn 0.1274 0.7518 0.6470
vn 0.1031 0.7546 0.6480
vn 0.0696 0.7575 0.6492
vn 0.0538 0.7600 0.6477
vn 0.0454 0.7624 0.6455
vn 0.0400 0.7646 0.6432
vn 0.1536 0.7397 0.6551
vn 0.1493 0.7415 0.6541
vn 0.1440 0.7452 0.6511
vn 0.1373 0.7486 0.6486
vn 0.1271 0.7518 0.6471
vn 0.1029 0.7546 0.6481
vn 0.0694 0.7575 0.6492
vn 0.0535 0.7600 0.6477
vn 0.0451 0.7624 0.6455
vn 0.0398 0.7646 0.6432
vn 0.1533 0.7396 0.6554
vn 0.1490 0.7415 0.6542
vn 0.1437 0.7452 0.6512
vn 0.1370 0.7486 0.6487
vn 0.1269 0.7518 0.6471
vn 0.1027 0.7546 0.6481
vn 0.0691 0.7575 0.6492
vn 0.0533 0.7600 0.6477
vn 0.0449 0.7624 0.6455
vn 0.0396 0.7646 0.6432
vn 0.1531 0.7395 0.6555
vn 0.1487 0.7415 0.6542
vn 0.1434 0.7452 0.6512
vn 0.1367 0.7486 0.6487
vn 0.1266 0.7518 0.6472
vn 0.1025 0.7546 0.6481
vn 0.0689 0.7575 0.6492
vn 0.0530 0.7600 0.6477
vn 0.0447 0.7624 0.6455
vn 0.0393 0.7646 0.6433
vn 0.1528 0.7395 0.6556
vn 0.1484 0.7415 0.6543
vn 0.1431 0.7452 0.6513
vn 0.1364 0.7486 0.6488
vn 0.1264 0.7518 0.6472
vn 0.1022 0.7546 0.6482
vn 0.0687 0.7575 0.6493
vn 0.0528 0.7600 0.6477
vn 0.0444 0.7624 0.6456
vn 0.0391 0.7646 0.6433
vn 0.1525 0.7395 0.6557
vn 0.1481 0.7415 0.6544
vn 0.1428 0.7452 0.6513
vn 0.1362 0.7486 0.6488
vn 0.1261 0.7518 0.6473
vn 0.1020 0.7546 0.6482
vn 0.0684 0.7575 0.6493
vn 0.0526 0.7600 0.6478
vn 0.0442 0.7624 0.6456
vn 0.0389 0.7647 0.6433
vn 0.1522 0.7395 0.6558
vn 0.1478 0.7415 0.6544
vn 0.1425 0.7452 0.6514
vn 0.1359 0.7486 0.6489
vn 0.1259 0.7518 0.6473
vn 0.1018 0.7546 0.6482
vn 0.0682 0.7575 0.6493
vn 0.0523 0.7600 0.6478
vn 0.0440 0.7624 0.6456
vn 0.0386 0.7647 0.6433
vn 0.1519 0.7416 0.6534
vn 0.1465 0.7452 0.6506
vn 0.1397 0.7486 0.6481
vn 0.1294 0.7517 0.6467
vn 0.1048 0.7546 0.6478
vn 0.0714 0.7574 0.6490
vn 0.0556 0.7600 0.6475
vn 0.0472 0.7624 0.6454
vn 0.0418 0.7646 0.6431
vn 0.0398 0.7667 0.6408
vn 0.0396 0.7667 0.6408
vn 0.0394 0.7667 0.6408
vn 0.0391 0.7667 0.6408
vn 0.0389 0.7667 0.6408
vn 0.0387 0.7667 0.6408
vn 0.0384 0.7667 0.6408
vn 0.0382 0.7667 0.6408
vn 0.0380 0.7667 0.6408
vn 0.0378 0.7667 0.6408
vn 0.0375 0.7667 0.6409
vn 0.0373 0.7667 0.6409
vn 0.0371 0.7667 0.6409
vn 0.0369 0.7667 0.6409
vn 0.0366 0.7667 0.6409
vn 0.0364 0.7667 0.6409
vn 0.0384 0.7647 0.6433
vn 0.0437 0.7624 0.6456
vn 0.0521 0.7600 0.6478
vn 0.0680 0.7575 0.6493
vn 0.1016 0.7546 0.6482
vn 0.1256 0.7518 0.6473
vn 0.1356 0.7486 0.6489
vn 0.1422 0.7452 0.6515
vn 0.1475 0.7415 0.6545
vn 0.1519 0.7394 0.6559
vt 0.120362 0.523563
vt 0.097555 0.521161
vt 0.074336 0.517846
vt 0.050972 0.514157
vt 0.027580 0.510242
vt 0.004189 0.506160
vt 0.000000 0.505403
vt 0.000000 0.000000
vt 1.000000 0.000000
vt 1.000000 0.599170
vt 0.968066 0.587942
vt 0.909550 0.576978
vt 0.849933 0.579417
vt 0.793515 0.587964
vt 0.738532 0.590441
vt 0.681889 0.589687
vt 0.623046 0.588839
vt 0.565833 0.596642
vt 0.513865 0.599206
vt 0.463920 0.583719
vt 0.411578 0.561064
vt 0.355802 0.540985
vt 0.296257 0.529772
vt 0.238218 0.526287
vt 0.214383 0.526137
vt 0.190653 0.525917
vt 0.167023 0.525509
vt 0.143518 0.524806
vt 0.345215 0.579810
vt 0.397105 0.597181
vt 0.449955 0.618604
vt 0.509190 0.635147
vt 0.570748 0.631205
vt 0.626345 0.622254
vt 0.681483 0.621930
vt 0.738895 0.621352
vt 0.797665 0.617252
vt 0.853805 0.607398
vt 0.907881 0.603840
vt 0.961497 0.612666
vt 1.000000 0.625214
vt 1.000000 1.000000
vt 0.000000 1.000000
vt 0.000000 0.535546
vt 0.021521 0.540555
vt 0.044905 0.545826
vt 0.068399 0.550895
vt 0.092160 0.555653
vt 0.116586 0.559610
vt 0.140936 0.562294
vt 0.165019 0.564367
vt 0.189010 0.566126
vt 0.212916 0.567686
vt 0.236723 0.569169
vt 0.292598 0.571186
vt 1.000000 0.624415
vt 1.000000 0.623607
vt 1.000000 0.622798
vt 1.000000 0.621989
vt 1.000000 0.621179
vt 1.000000 0.620369
vt 1.000000 0.619558
vt 1.000000 0.618748
vt 1.000000 0.617936
vt 1.000000 0.617124
vt 1.000000 0.616312
vt 1.000000 0.615499
vt 1.000000 0.614686
vt 1.000000 0.613873
vt 1.000000 0.613059
vt 1.000000 0.612245
vt 1.000000 0.611430
vt 1.000000 0.610615
vt 1.000000 0.609800
vt 1.000000 0.608984
vt 1.000000 0.608167
vt 1.000000 0.607351
vt 1.000000 0.606533
vt 1.000000 0.605716
vt 1.000000 0.604898
vt 1.000000 0.604080
vt 1.000000 0.603261
vt 1.000000 0.602442
vt 1.000000 0.601622
vt 1.000000 0.600802
vt 1.000000 0.599982
vt 1.000000 0.599170
vt 0.000000 0.527009
vt 0.000000 0.527956
vt 0.000000 0.528903
vt 0.000000 0.529852
vt 0.000000 0.530801
vt 0.000000 0.531750
vt 0.000000 0.532700
vt 0.000000 0.533651
vt 0.000000 0.534603
vt 0.000000 0.506326
vt 0.000000 0.507259
vt 0.000000 0.508193
vt 0.000000 0.509127
vt 0.000000 0.510062
vt 0.000000 0.510998
vt 0.000000 0.511935
vt 0.000000 0.512872
vt 0.000000 0.513809
vt 0.000000 0.514748
vt 0.000000 0.515687
vt 0.000000 0.516627
vt 0.000000 0.517567
vt 0.000000 0.518509
vt 0.000000 0.519450
vt 0.000000 0.520393
vt 0.000000 0.521336
vt 0.000000 0.522280
vt 0.000000 0.523225
vt 0.000000 0.524170
vt 0.000000 0.525116
vt 0.000000 0.526063
vt 0.000000 0.526421
s 0
usemtl Ground
f 771/1/1 769/2/1 764/3/1 767/4/1 768/5/1 760/6/1 761/7/1 1/8/1 2/9/1 754/10/1 753/11/1 755/12/1 751/13/1 759/14/1 748/15/1 746/16/1 744/17/1 792/18/1 790/19/1 789/20/1 787/21/1 783/22/1 785/23/1 782/24/1 779/25/1 794/26/1 775/27/1 773/28/1
f 784/29/1 786/30/1 788/31/1 793/32/1 791/33/1 745/34/1 747/35/1 749/36/1 758/37/1 752/38/1 750/39/1 756/40/1 757/41/1 4/42/1 3/43/1 762/44/1 763/45/1 766/46/1 765/47/1 770/48/1 772/49/1 776/50/1 774/51/1 777/52/1 780/53/1 778/54/1 781/55/1
f 5/8/2 7/43/2 8/42/2 6/9/2
f 1/8/3 5/8/3 6/9/3 2/9/3
f 823/56/4 822/57/4 824/58/4 820/59/4 821/60/4 819/61/4 825/62/4 815/63/4 816/64/4 817/65/4 814/66/4 818/67/4 812/68/4 813/69/4 811/70/4 809/71/4 808/72/4 810/73/4 807/74/4 806/75/4 805/76/4 804/77/4 803/78/4 802/79/4 800/80/4 801/81/4 798/82/4 799/83/4 796/84/4 797/85/4 795/86/4 754/87/4 2/9/4 6/9/4 8/42/4 4/42/4 757/41/4
f 848/88/5 850/89/5 851/90/5 854/91/5 852/92/5 853/93/5 856/94/5 855/95/5 857/96/5 762/44/5 3/43/5 7/43/5 5/8/5 1/8/5 761/7/5 827/97/5 826/98/5 831/99/5 828/100/5 830/101/5 829/102/5 841/103/5 832/104/5 835/105/5 834/106/5 833/107/5 839/108/5 836/109/5 838/110/5 837/111/5 840/112/5 843/113/5 842/114/5 845/115/5 844/116/5 847/117/5 846/118/5 849/119/5
f 4/42/6 8/42/6 7/43/6 3/43/6
f 63/8/7 76/8/7 77/8/7 64/8/7
f 64/8/8 77/8/8 78/8/8 65/8/8
f 65/8/9 78/8/9 79/8/9 66/8/9
f 66/8/10 79/8/10 80/8/10 67/8/10
f 67/8/11 80/8/11 81/8/11 68/8/11
f 68/8/12 81/8/12 82/8/12 69/8/12
f 69/8/13 82/8/13 83/8/13 70/8/13
f 70/8/14 83/8/14 84/8/14 71/8/14
f 71/8/15 84/8/15 85/8/15 72/8/15
f 72/8/16 85/8/16 86/8/16 73/8/16
f 73/8/17 86/8/17 87/8/17 74/8/17
f 74/8/18 87/8/18 88/8/18 75/8/18
f 75/8/19 88/8/19 822/8/19 823/8/19
f 76/8/20 89/8/20 90/8/20 77/8/20
f 77/8/21 90/8/21 91/8/21 78/8/21
f 78/8/22 91/8/22 92/8/22 79/8/22
f 79/8/23 92/8/23 93/8/23 80/8/23
f 80/8/24 93/8/24 94/8/24 81/8/24
f 81/8/25 94/8/25 95/8/25 82/8/25
f 82/8/26 95/8/26 96/8/26 83/8/26
f 83/8/27 96/8/27 97/8/27 84/8/27
f 84/8/28 97/8/28 98/8/28 85/8/28
f 85/8/29 98/8/29 99/8/29 86/8/29
f 86/8/30 99/8/30 100/8/30 87/8/30
f 87/8/31 100/8/31 101/8/31 88/8/31
f 88/8/32 101/8/32 824/8/32 822/8/32
f 89/8/33 102/8/33 103/8/33 90/8/33
f 90/8/34 103/8/34 104/8/34 91/8/34
f 91/8/35 104/8/35 105/8/35 92/8/35
f 92/8/36 105/8/36 106/8/36 93/8/36
f 93/8/37 106/8/37 107/8/37 94/8/37
f 94/8/38 107/8/38 108/8/38 95/8/38
f 95/8/26 108/8/26 109/8/26 96/8/26
f 96/8/39 109/8/39 110/8/39 97/8/39
f 97/8/40 110/8/40 111/8/40 98/8/40
f 98/8/41 111/8/41 112/8/41 99/8/41
f 99/8/42 112/8/42 113/8/42 100/8/42
f 100/8/43 113/8/43 114/8/43 101/8/43
f 101/8/44 114/8/44 820/8/44 824/8/44
f 102/8/45 115/8/45 116/8/45 103/8/45
f 103/8/46 116/8/46 117/8/46 104/8/46
f 104/8/47 117/8/47 118/8/47 105/8/47
f 105/8/48 118/8/48 119/8/48 106/8/48
f 106/8/49 119/8/49 120/8/49 107/8/49
f 107/8/50 120/8/50 121/8/50 108/8/50
f 108/8/51 121/8/51 122/8/51 109/8/51
f 109/8/52 122/8/52 123/8/52 110/8/52
f 110/8/53 123/8/53 124/8/53 111/8/53
f 111/8/54 124/8/54 125/8/54 112/8/54
f 112/8/55 125/8/55 126/8/55 113/8/55
f 113/8/56 126/8/56 127/8/56 114/8/56
f 114/8/57 127/8/57 821/8/57 820/8/57
f 115/8/58 128/8/58 129/8/58 116/8/58
f 116/8/59 129/8/59 130/8/59 117/8/59
f 117/8/60 130/8/60 131/8/60 118/8/60
f 118/8/61 131/8/61 132/8/61 119/8/61
f 119/8/49 132/8/49 133/8/49 120/8/49
f 120/8/62 133/8/62 134/8/62 121/8/62
f 121/8/63 134/8/63 135/8/63 122/8/63
f 122/8/64 135/8/64 136/8/64 123/8/64
f 123/8/65 136/8/65 137/8/65 124/8/65
f 124/8/66 137/8/66 138/8/66 125/8/66
f 125/8/67 138/8/67 139/8/67 126/8/67
f 126/8/68 139/8/68 140/8/68 127/8/68
f 127/8/69 140/8/69 819/8/69 821/8/69
f 128/8/70 141/8/70 142/8/70 129/8/70
f 129/8/71 142/8/71 143/8/71 130/8/71
f 130/8/72 143/8/72 144/8/72 131/8/72
f 131/8/73 144/8/73 145/8/73 132/8/73
f 132/8/74 145/8/74 146/8/74 133/8/74
f 133/8/75 146/8/75 147/8/75 134/8/75
f 134/8/76 147/8/76 148/8/76 135/8/76
f 135/8/77 148/8/77 149/8/77 136/8/77
f 136/8/78 149/8/78 150/8/78 137/8/78
f 137/8/79 150/8/79 151/8/79 138/8/79
f 138/8/80 151/8/80 152/8/80 139/8/80
f 139/8/81 152/8/81 153/8/81 140/8/81
f 140/8/82 153/8/82 825/8/82 819/8/82
f 141/8/83 154/8/83 155/8/83 142/8/83
f 142/8/84 155/8/84 156/8/84 143/8/84
f 143/8/85 156/8/85 157/8/85 144/8/85
f 144/8/86 157/8/86 158/8/86 145/8/86
f 145/8/87 158/8/87 159/8/87 146/8/87
f 146/8/88 159/8/88 160/8/88 147/8/88
f 147/8/76 160/8/76 161/8/76 148/8/76
f 148/8/89 161/8/89 162/8/89 149/8/89
f 149/8/90 162/8/90 163/8/90 150/8/90
f 150/8/91 163/8/91 164/8/91 151/8/91
f 151/8/92 164/8/92 165/8/92 152/8/92
f 152/8/93 165/8/93 166/8/93 153/8/93
f 153/8/94 166/8/94 815/8/94 825/8/94
f 154/8/95 167/8/95 168/8/95 155/8/95
f 155/8/96 168/8/96 169/8/96 156/8/96
f 156/8/97 169/8/97 170/8/97 157/8/97
f 157/8/98 170/8/98 171/8/98 158/8/98
f 158/8/99 171/8/99 172/8/99 159/8/99
f 159/8/100 172/8/100 173/8/100 160/8/100
f 160/8/101 173/8/101 174/8/101 161/8/101
f 161/8/102 174/8/102 175/8/102 162/8/102
f 162/8/103 175/8/103 176/8/103 163/8/103
f 163/8/104 176/8/104 177/8/104 164/8/104
f 164/8/105 177/8/105 178/8/105 165/8/105
f 165/8/106 178/8/106 179/8/106 166/8/106
f 166/8/107 179/8/107 816/8/107 815/8/107
f 167/8/108 180/8/108 181/8/108 168/8/108
f 168/8/109 181/8/109 182/8/109 169/8/109
f 169/8/110 182/8/110 183/8/110 170/8/110
f 170/8/111 183/8/111 184/8/111 171/8/111
f 171/8/112 184/8/112 185/8/112 172/8/112
f 172/8/113 185/8/113 186/8/113 173/8/113
f 173/8/114 186/8/114 187/8/114 174/8/114
f 174/8/115 187/8/115 188/8/115 175/8/115
f 175/8/116 188/8/116 189/8/116 176/8/116
f 176/8/117 189/8/117 190/8/117 177/8/117
f 177/8/118 190/8/118 191/8/118 178/8/118
f 178/8/119 191/8/119 192/8/119 179/8/119
f 179/8/120 192/8/120 817/8/120 816/8/120
f 180/8/121 193/8/121 194/8/121 181/8/121
f 181/8/122 194/8/122 195/8/122 182/8/122
f 182/8/123 195/8/123 196/8/123 183/8/123
f 183/8/124 196/8/124 197/8/124 184/8/124
f 184/8/125 197/8/125 198/8/125 185/8/125
f 185/8/126 198/8/126 199/8/126 186/8/126
f 186/8/114 199/8/114 200/8/114 187/8/114
f 187/8/127 200/8/127 201/8/127 188/8/127
f 188/8/128 201/8/128 202/8/128 189/8/128
f 189/8/129 202/8/129 203/8/129 190/8/129
f 190/8/130 203/8/130 204/8/130 191/8/130
f 191/8/131 204/8/131 205/8/131 192/8/131
f 192/8/132 205/8/132 814/8/132 817/8/132
f 193/8/133 206/8/133 207/8/133 194/8/133
f 194/8/134 207/8/134 208/8/134 195/8/134
f 195/8/135 208/8/135 209/8/135 196/8/135
f 196/8/136 209/8/136 210/8/136 197/8/136
f 197/8/137 210/8/137 211/8/137 198/8/137
f 198/8/138 211/8/138 212/8/138 199/8/138
f 199/8/139 212/8/139 213/8/139 200/8/139
f 200/8/140 213/8/140 214/8/140 201/8/140
f 201/8/141 214/8/141 215/8/141 202/8/141
f 202/8/142 215/8/142 216/8/142 203/8/142
f 203/8/143 216/8/143 217/8/143 204/8/143
f 204/8/144 217/8/144 218/8/144 205/8/144
f 205/8/145 218/8/145 818/8/145 814/8/145
f 206/8/146 219/8/146 220/8/146 207/8/146
f 207/8/147 220/8/147 221/8/147 208/8/147
f 208/8/148 221/8/148 222/8/148 209/8/148
f 209/8/149 222/8/149 223/8/149 210/8/149
f 210/8/150 223/8/150 224/8/150 211/8/150
f 211/8/151 224/8/151 225/8/151 212/8/151
f 212/8/152 225/8/152 226/8/152 213/8/152
f 213/8/153 226/8/153 227/8/153 214/8/153
f 214/8/154 227/8/154 228/8/154 215/8/154
f 215/8/155 228/8/155 229/8/155 216/8/155
f 216/8/156 229/8/156 230/8/156 217/8/156
f 217/8/157 230/8/157 231/8/157 218/8/157
f 218/8/158 231/8/158 812/8/158 818/8/158
f 219/8/159 232/8/159 233/8/159 220/8/159
f 220/8/160 233/8/160 234/8/160 221/8/160
f 221/8/161 234/8/161 235/8/161 222/8/161
f 222/8/162 235/8/162 236/8/162 223/8/162
f 223/8/163 236/8/163 237/8/163 224/8/163
f 224/8/164 237/8/164 238/8/164 225/8/164
f 225/8/165 238/8/165 239/8/165 226/8/165
f 226/8/166 239/8/166 240/8/166 227/8/166
f 227/8/167 240/8/167 241/8/167 228/8/167
f 228/8/168 241/8/168 242/8/168 229/8/168
f 229/8/169 242/8/169 243/8/169 230/8/169
f 230/8/170 243/8/170 244/8/170 231/8/170
f 231/8/171 244/8/171 813/8/171 812/8/171
f 232/8/172 245/8/172 246/8/172 233/8/172
f 233/8/173 246/8/173 247/8/173 234/8/173
f 234/8/174 247/8/174 248/8/174 235/8/174
f 235/8/175 248/8/175 249/8/175 236/8/175
f 236/8/176 249/8/176 250/8/176 237/8/176
f 237/8/177 250/8/177 251/8/177 238/8/177
f 238/8/165 251/8/165 252/8/165 239/8/165
f 239/8/178 252/8/178 253/8/178 240/8/178
f 240/8/179 253/8/179 254/8/179 241/8/179
f 241/8/180 254/8/180 255/8/180 242/8/180
f 242/8/181 255/8/181 256/8/181 243/8/181
f 243/8/182 256/8/182 257/8/182 244/8/182
f 244/8/183 257/8/183 811/8/183 813/8/183
f 48/8/184 63/8/184 781/8/184 778/8/184
f 63/8/185 64/8/185 784/8/185 781/8/185
f 64/8/186 65/8/186 786/8/186 784/8/186
f 65/8/187 66/8/187 788/8/187 786/8/187
f 66/8/188 67/8/188 793/8/188 788/8/188
f 67/8/189 68/8/189 791/8/189 793/8/189
f 791/8/190 68/8/190 69/8/190 745/8/190
f 745/8/191 69/8/191 70/8/191 747/8/191
f 70/8/192 71/8/192 749/8/192 747/8/192
f 749/8/193 71/8/193 72/8/193 758/8/193
f 758/8/194 72/8/194 73/8/194 752/8/194
f 752/8/195 73/8/195 74/8/195 750/8/195
f 74/8/196 75/8/196 756/8/196 750/8/196
f 756/8/197 75/8/197 823/8/197 757/8/197
f 257/8/198 20/8/198 809/8/198 811/8/198
f 256/8/199 21/8/199 20/8/199 257/8/199
f 255/8/200 22/8/200 21/8/200 256/8/200
f 254/8/201 23/8/201 22/8/201 255/8/201
f 253/8/202 24/8/202 23/8/202 254/8/202
f 252/8/203 25/8/203 24/8/203 253/8/203
f 251/8/204 26/8/204 25/8/204 252/8/204
f 250/8/205 27/8/205 26/8/205 251/8/205
f 249/8/206 28/8/206 27/8/206 250/8/206
f 248/8/207 29/8/207 28/8/207 249/8/207
f 247/8/208 30/8/208 29/8/208 248/8/208
f 246/8/209 31/8/209 30/8/209 247/8/209
f 245/8/210 32/8/210 31/8/210 246/8/210
f 62/8/211 9/8/211 32/8/211 245/8/211
f 61/8/212 62/8/212 245/8/212 232/8/212
f 60/8/213 61/8/213 232/8/213 219/8/213
f 59/8/214 60/8/214 219/8/214 206/8/214
f 58/8/215 59/8/215 206/8/215 193/8/215
f 57/8/216 58/8/216 193/8/216 180/8/216
f 56/8/217 57/8/217 180/8/217 167/8/217
f 55/8/218 56/8/218 167/8/218 154/8/218
f 54/8/219 55/8/219 154/8/219 141/8/219
f 53/8/220 54/8/220 141/8/220 128/8/220
f 52/8/221 53/8/221 128/8/221 115/8/221
f 51/8/222 52/8/222 115/8/222 102/8/222
f 50/8/223 51/8/223 102/8/223 89/8/223
f 49/8/224 50/8/224 89/8/224 76/8/224
f 48/8/225 49/8/225 76/8/225 63/8/225
f 258/8/226 271/8/226 272/8/226 259/8/226
f 259/8/227 272/8/227 273/8/227 260/8/227
f 260/8/228 273/8/228 274/8/228 261/8/228
f 261/8/229 274/8/229 275/8/229 262/8/229
f 262/8/230 275/8/230 276/8/230 263/8/230
f 263/8/231 276/8/231 277/8/231 264/8/231
f 264/8/232 277/8/232 278/8/232 265/8/232
f 265/8/233 278/8/233 279/8/233 266/8/233
f 266/8/234 279/8/234 280/8/234 267/8/234
f 267/8/235 280/8/235 281/8/235 268/8/235
f 268/8/236 281/8/236 282/8/236 269/8/236
f 269/8/237 282/8/237 283/8/237 270/8/237
f 270/8/238 283/8/238 810/8/238 808/8/238
f 271/8/226 284/8/226 285/8/226 272/8/226
f 272/8/227 285/8/227 286/8/227 273/8/227
f 273/8/239 286/8/239 287/8/239 274/8/239
f 274/8/240 287/8/240 288/8/240 275/8/240
f 275/8/241 288/8/241 289/8/241 276/8/241
f 276/8/242 289/8/242 290/8/242 277/8/242
f 277/8/232 290/8/232 291/8/232 278/8/232
f 278/8/243 291/8/243 292/8/243 279/8/243
f 279/8/244 292/8/244 293/8/244 280/8/244
f 280/8/245 293/8/245 294/8/245 281/8/245
f 281/8/246 294/8/246 295/8/246 282/8/246
f 282/8/247 295/8/247 296/8/247 283/8/247
f 283/8/248 296/8/248 807/8/248 810/8/248
f 284/8/249 297/8/249 298/8/249 285/8/249
f 285/8/250 298/8/250 299/8/250 286/8/250
f 286/8/251 299/8/251 300/8/251 287/8/251
f 287/8/252 300/8/252 301/8/252 288/8/252
f 288/8/241 301/8/241 302/8/241 289/8/241
f 289/8/253 302/8/253 303/8/253 290/8/253
f 290/8/232 303/8/232 304/8/232 291/8/232
f 291/8/254 304/8/254 305/8/254 292/8/254
f 292/8/255 305/8/255 306/8/255 293/8/255
f 293/8/256 306/8/256 307/8/256 294/8/256
f 294/8/257 307/8/257 308/8/257 295/8/257
f 295/8/258 308/8/258 309/8/258 296/8/258
f 296/8/259 309/8/259 806/8/259 807/8/259
f 297/8/260 310/8/260 311/8/260 298/8/260
f 298/8/261 311/8/261 312/8/261 299/8/261
f 299/8/262 312/8/262 313/8/262 300/8/262
f 300/8/263 313/8/263 314/8/263 301/8/263
f 301/8/241 314/8/241 315/8/241 302/8/241
f 302/8/264 315/8/264 316/8/264 303/8/264
f 303/8/265 316/8/265 317/8/265 304/8/265
f 304/8/266 317/8/266 318/8/266 305/8/266
f 305/8/267 318/8/267 319/8/267 306/8/267
f 306/8/268 319/8/268 320/8/268 307/8/268
f 307/8/269 320/8/269 321/8/269 308/8/269
f 308/8/270 321/8/270 322/8/270 309/8/270
f 309/8/271 322/8/271 805/8/271 806/8/271
f 310/8/272 323/8/272 324/8/272 311/8/272
f 311/8/273 324/8/273 325/8/273 312/8/273
f 312/8/274 325/8/274 326/8/274 313/8/274
f 313/8/275 326/8/275 327/8/275 314/8/275
f 314/8/276 327/8/276 328/8/276 315/8/276
f 315/8/277 328/8/277 329/8/277 316/8/277
f 316/8/265 329/8/265 330/8/265 317/8/265
f 317/8/278 330/8/278 331/8/278 318/8/278
f 318/8/279 331/8/279 332/8/279 319/8/279
f 319/8/280 332/8/280 333/8/280 320/8/280
f 320/8/281 333/8/281 334/8/281 321/8/281
f 321/8/282 334/8/282 335/8/282 322/8/282
f 322/8/283 335/8/283 804/8/283 805/8/283
f 323/8/272 336/8/272 337/8/272 324/8/272
f 324/8/284 337/8/284 338/8/284 325/8/284
f 325/8/285 338/8/285 339/8/285 326/8/285
f 326/8/286 339/8/286 340/8/286 327/8/286
f 327/8/276 340/8/276 341/8/276 328/8/276
f 328/8/287 341/8/287 342/8/287 329/8/287
f 329/8/288 342/8/288 343/8/288 330/8/288
f 330/8/289 343/8/289 344/8/289 331/8/289
f 331/8/290 344/8/290 345/8/290 332/8/290
f 332/8/291 345/8/291 346/8/291 333/8/291
f 333/8/292 346/8/292 347/8/292 334/8/292
f 334/8/293 347/8/293 348/8/293 335/8/293
f 335/8/294 348/8/294 803/8/294 804/8/294
f 336/8/295 349/8/295 350/8/295 337/8/295
f 337/8/296 350/8/296 351/8/296 338/8/296
f 338/8/297 351/8/297 352/8/297 339/8/297
f 339/8/298 352/8/298 353/8/298 340/8/298
f 340/8/299 353/8/299 354/8/299 341/8/299
f 341/8/300 354/8/300 355/8/300 342/8/300
f 342/8/288 355/8/288 356/8/288 343/8/288
f 343/8/301 356/8/301 357/8/301 344/8/301
f 344/8/302 357/8/302 358/8/302 345/8/302
f 345/8/303 358/8/303 359/8/303 346/8/303
f 346/8/304 359/8/304 360/8/304 347/8/304
f 347/8/305 360/8/305 361/8/305 348/8/305
f 348/8/306 361/8/306 802/8/306 803/8/306
f 349/8/307 362/8/307 363/8/307 350/8/307
f 350/8/296 363/8/296 364/8/296 351/8/296
f 351/8/308 364/8/308 365/8/308 352/8/308
f 352/8/309 365/8/309 366/8/309 353/8/309
f 353/8/299 366/8/299 367/8/299 354/8/299
f 354/8/310 367/8/310 368/8/310 355/8/310
f 355/8/311 368/8/311 369/8/311 356/8/311
f 356/8/312 369/8/312 370/8/312 357/8/312
f 357/8/313 370/8/313 371/8/313 358/8/313
f 358/8/314 371/8/314 372/8/314 359/8/314
f 359/8/315 372/8/315 373/8/315 360/8/315
f 360/8/316 373/8/316 374/8/316 361/8/316
f 361/8/317 374/8/317 800/8/317 802/8/317
f 362/8/318 375/8/318 376/8/318 363/8/318
f 363/8/319 376/8/319 377/8/319 364/8/319
f 364/8/320 377/8/320 378/8/320 365/8/320
f 365/8/321 378/8/321 379/8/321 366/8/321
f 366/8/299 379/8/299 380/8/299 367/8/299
f 367/8/322 380/8/322 381/8/322 368/8/322
f 368/8/311 381/8/311 382/8/311 369/8/311
f 369/8/323 382/8/323 383/8/323 370/8/323
f 370/8/324 383/8/324 384/8/324 371/8/324
f 371/8/325 384/8/325 385/8/325 372/8/325
f 372/8/326 385/8/326 386/8/326 373/8/326
f 373/8/327 386/8/327 387/8/327 374/8/327
f 374/8/328 387/8/328 801/8/328 800/8/328
f 375/8/318 388/8/318 389/8/318 376/8/318
f 376/8/329 389/8/329 390/8/329 377/8/329
f 377/8/330 390/8/330 391/8/330 378/8/330
f 378/8/331 391/8/331 392/8/331 379/8/331
f 379/8/332 392/8/332 393/8/332 380/8/332
f 380/8/333 393/8/333 394/8/333 381/8/333
f 381/8/311 394/8/311 395/8/311 382/8/311
f 382/8/334 395/8/334 396/8/334 383/8/334
f 383/8/335 396/8/335 397/8/335 384/8/335
f 384/8/336 397/8/336 398/8/336 385/8/336
f 385/8/337 398/8/337 399/8/337 386/8/337
f 386/8/338 399/8/338 400/8/338 387/8/338
f 387/8/339 400/8/339 798/8/339 801/8/339
f 388/8/340 401/8/340 402/8/340 389/8/340
f 389/8/329 402/8/329 403/8/329 390/8/329
f 390/8/341 403/8/341 404/8/341 391/8/341
f 391/8/342 404/8/342 405/8/342 392/8/342
f 392/8/332 405/8/332 406/8/332 393/8/332
f 393/8/343 406/8/343 407/8/343 394/8/343
f 394/8/344 407/8/344 408/8/344 395/8/344
f 395/8/345 408/8/345 409/8/345 396/8/345
f 396/8/346 409/8/346 410/8/346 397/8/346
f 397/8/347 410/8/347 411/8/347 398/8/347
f 398/8/348 411/8/348 412/8/348 399/8/348
f 399/8/349 412/8/349 413/8/349 400/8/349
f 400/8/350 413/8/350 799/8/350 798/8/350
f 401/8/351 414/8/351 415/8/351 402/8/351
f 402/8/352 415/8/352 416/8/352 403/8/352
f 403/8/353 416/8/353 417/8/353 404/8/353
f 404/8/354 417/8/354 418/8/354 405/8/354
f 405/8/355 418/8/355 419/8/355 406/8/355
f 406/8/356 419/8/356 420/8/356 407/8/356
f 407/8/344 420/8/344 421/8/344 408/8/344
f 408/8/357 421/8/357 422/8/357 409/8/357
f 409/8/358 422/8/358 423/8/358 410/8/358
f 410/8/359 423/8/359 424/8/359 411/8/359
f 411/8/360 424/8/360 425/8/360 412/8/360
f 412/8/361 425/8/361 426/8/361 413/8/361
f 413/8/362 426/8/362 796/8/362 799/8/362
f 414/8/363 427/8/363 428/8/363 415/8/363
f 415/8/352 428/8/352 429/8/352 416/8/352
f 416/8/364 429/8/364 430/8/364 417/8/364
f 417/8/365 430/8/365 431/8/365 418/8/365
f 418/8/355 431/8/355 432/8/355 419/8/355
f 419/8/366 432/8/366 433/8/366 420/8/366
f 420/8/367 433/8/367 434/8/367 421/8/367
f 421/8/368 434/8/368 435/8/368 422/8/368
f 422/8/369 435/8/369 436/8/369 423/8/369
f 423/8/370 436/8/370 437/8/370 424/8/370
f 424/8/371 437/8/371 438/8/371 425/8/371
f 425/8/372 438/8/372 439/8/372 426/8/372
f 426/8/373 439/8/373 797/8/373 796/8/373
f 427/8/374 440/8/374 441/8/374 428/8/374
f 428/8/375 441/8/375 442/8/375 429/8/375
f 429/8/376 442/8/376 443/8/376 430/8/376
f 430/8/377 443/8/377 444/8/377 431/8/377
f 431/8/355 444/8/355 445/8/355 432/8/355
f 432/8/378 445/8/378 446/8/378 433/8/378
f 433/8/367 446/8/367 447/8/367 434/8/367
f 434/8/379 447/8/379 448/8/379 435/8/379
f 435/8/380 448/8/380 449/8/380 436/8/380
f 436/8/381 449/8/381 450/8/381 437/8/381
f 437/8/382 450/8/382 451/8/382 438/8/382
f 438/8/383 451/8/383 452/8/383 439/8/383
f 439/8/384 452/8/384 795/8/384 797/8/384
f 9/8/385 33/8/385 258/8/385 32/8/385
f 32/8/386 258/8/386 259/8/386 31/8/386
f 31/8/387 259/8/387 260/8/387 30/8/387
f 30/8/388 260/8/388 261/8/388 29/8/388
f 29/8/389 261/8/389 262/8/389 28/8/389
f 28/8/230 262/8/230 263/8/230 27/8/230
f 27/8/390 263/8/390 264/8/390 26/8/390
f 26/8/391 264/8/391 265/8/391 25/8/391
f 25/8/392 265/8/392 266/8/392 24/8/392
f 24/8/393 266/8/393 267/8/393 23/8/393
f 23/8/394 267/8/394 268/8/394 22/8/394
f 22/8/395 268/8/395 269/8/395 21/8/395
f 21/8/396 269/8/396 270/8/396 20/8/396
f 20/8/397 270/8/397 808/8/397 809/8/397
f 452/8/398 753/8/398 754/8/398 795/8/398
f 753/8/399 452/8/399 451/8/399 755/8/399
f 755/8/400 451/8/400 450/8/400 751/8/400
f 751/8/401 450/8/401 449/8/401 759/8/401
f 759/8/402 449/8/402 448/8/402 748/8/402
f 748/8/403 448/8/403 447/8/403 746/8/403
f 746/8/404 447/8/404 446/8/404 744/8/404
f 744/8/405 446/8/405 445/8/405 792/8/405
f 792/8/406 445/8/406 444/8/406 790/8/406
f 790/8/407 444/8/407 443/8/407 789/8/407
f 789/8/408 443/8/408 442/8/408 787/8/408
f 787/8/409 442/8/409 441/8/409 783/8/409
f 783/8/410 441/8/410 440/8/410 785/8/410
f 785/8/411 440/8/411 47/8/411 782/8/411
f 46/8/412 47/8/412 440/8/412 427/8/412
f 45/8/413 46/8/413 427/8/413 414/8/413
f 44/8/414 45/8/414 414/8/414 401/8/414
f 43/8/414 44/8/414 401/8/414 388/8/414
f 42/8/415 43/8/415 388/8/415 375/8/415
f 41/8/416 42/8/416 375/8/416 362/8/416
f 40/8/417 41/8/417 362/8/417 349/8/417
f 39/8/418 40/8/418 349/8/418 336/8/418
f 38/8/419 39/8/419 336/8/419 323/8/419
f 37/8/420 38/8/420 323/8/420 310/8/420
f 36/8/421 37/8/421 310/8/421 297/8/421
f 35/8/422 36/8/422 297/8/422 284/8/422
f 34/8/423 35/8/423 284/8/423 271/8/423
f 33/8/424 34/8/424 271/8/424 258/8/424
f 838/8/425 463/8/425 453/8/425 837/8/425
f 453/8/426 463/8/426 464/8/426 454/8/426
f 454/8/427 464/8/427 465/8/427 455/8/427
f 455/8/428 465/8/428 466/8/428 456/8/428
f 456/8/429 466/8/429 467/8/429 457/8/429
f 457/8/430 467/8/430 468/8/430 458/8/430
f 458/8/431 468/8/431 469/8/431 459/8/431
f 459/8/432 469/8/432 470/8/432 460/8/432
f 460/8/433 470/8/433 471/8/433 461/8/433
f 461/8/434 471/8/434 472/8/434 462/8/434
f 836/8/435 473/8/435 463/8/435 838/8/435
f 463/8/436 473/8/436 474/8/436 464/8/436
f 464/8/437 474/8/437 475/8/437 465/8/437
f 465/8/438 475/8/438 476/8/438 466/8/438
f 466/8/439 476/8/439 477/8/439 467/8/439
f 467/8/440 477/8/440 478/8/440 468/8/440
f 468/8/441 478/8/441 479/8/441 469/8/441
f 469/8/442 479/8/442 480/8/442 470/8/442
f 470/8/443 480/8/443 481/8/443 471/8/443
f 471/8/444 481/8/444 482/8/444 472/8/444
f 839/8/445 483/8/445 473/8/445 836/8/445
f 473/8/446 483/8/446 484/8/446 474/8/446
f 474/8/447 484/8/447 485/8/447 475/8/447
f 475/8/448 485/8/448 486/8/448 476/8/448
f 476/8/449 486/8/449 487/8/449 477/8/449
f 477/8/450 487/8/450 488/8/450 478/8/450
f 478/8/451 488/8/451 489/8/451 479/8/451
f 479/8/452 489/8/452 490/8/452 480/8/452
f 480/8/453 490/8/453 491/8/453 481/8/453
f 481/8/454 491/8/454 492/8/454 482/8/454
f 833/8/455 493/8/455 483/8/455 839/8/455
f 483/8/456 493/8/456 494/8/456 484/8/456
f 484/8/457 494/8/457 495/8/457 485/8/457
f 485/8/458 495/8/458 496/8/458 486/8/458
f 486/8/459 496/8/459 497/8/459 487/8/459
f 487/8/460 497/8/460 498/8/460 488/8/460
f 488/8/461 498/8/461 499/8/461 489/8/461
f 489/8/462 499/8/462 500/8/462 490/8/462
f 490/8/463 500/8/463 501/8/463 491/8/463
f 491/8/464 501/8/464 502/8/464 492/8/464
f 834/8/465 503/8/465 493/8/465 833/8/465
f 493/8/466 503/8/466 504/8/466 494/8/466
f 494/8/467 504/8/467 505/8/467 495/8/467
f 495/8/468 505/8/468 506/8/468 496/8/468
f 496/8/469 506/8/469 507/8/469 497/8/469
f 497/8/470 507/8/470 508/8/470 498/8/470
f 498/8/471 508/8/471 509/8/471 499/8/471
f 499/8/472 509/8/472 510/8/472 500/8/472
f 500/8/473 510/8/473 511/8/473 501/8/473
f 501/8/474 511/8/474 512/8/474 502/8/474
f 835/8/475 513/8/475 503/8/475 834/8/475
f 503/8/476 513/8/476 514/8/476 504/8/476
f 504/8/477 514/8/477 515/8/477 505/8/477
f 505/8/478 515/8/478 516/8/478 506/8/478
f 506/8/479 516/8/479 517/8/479 507/8/479
f 507/8/480 517/8/480 518/8/480 508/8/480
f 508/8/481 518/8/481 519/8/481 509/8/481
f 509/8/482 519/8/482 520/8/482 510/8/482
f 510/8/483 520/8/483 521/8/483 511/8/483
f 511/8/484 521/8/484 522/8/484 512/8/484
f 832/8/485 523/8/485 513/8/485 835/8/485
f 513/8/486 523/8/486 524/8/486 514/8/486
f 514/8/487 524/8/487 525/8/487 515/8/487
f 515/8/488 525/8/488 526/8/488 516/8/488
f 516/8/489 526/8/489 527/8/489 517/8/489
f 517/8/490 527/8/490 528/8/490 518/8/490
f 518/8/491 528/8/491 529/8/491 519/8/491
f 519/8/492 529/8/492 530/8/492 520/8/492
f 520/8/493 530/8/493 531/8/493 521/8/493
f 521/8/494 531/8/494 532/8/494 522/8/494
f 841/8/495 533/8/495 523/8/495 832/8/495
f 523/8/496 533/8/496 534/8/496 524/8/496
f 524/8/497 534/8/497 535/8/497 525/8/497
f 525/8/498 535/8/498 536/8/498 526/8/498
f 526/8/499 536/8/499 537/8/499 527/8/499
f 527/8/500 537/8/500 538/8/500 528/8/500
f 528/8/501 538/8/501 539/8/501 529/8/501
f 529/8/502 539/8/502 540/8/502 530/8/502
f 530/8/503 540/8/503 541/8/503 531/8/503
f 531/8/504 541/8/504 542/8/504 532/8/504
f 829/8/505 543/8/505 533/8/505 841/8/505
f 533/8/506 543/8/506 544/8/506 534/8/506
f 534/8/507 544/8/507 545/8/507 535/8/507
f 535/8/508 545/8/508 546/8/508 536/8/508
f 536/8/509 546/8/509 547/8/509 537/8/509
f 537/8/510 547/8/510 548/8/510 538/8/510
f 538/8/511 548/8/511 549/8/511 539/8/511
f 539/8/512 549/8/512 550/8/512 540/8/512
f 540/8/513 550/8/513 551/8/513 541/8/513
f 541/8/514 551/8/514 552/8/514 542/8/514
f 830/8/515 553/8/515 543/8/515 829/8/515
f 543/8/516 553/8/516 554/8/516 544/8/516
f 544/8/517 554/8/517 555/8/517 545/8/517
f 545/8/518 555/8/518 556/8/518 546/8/518
f 546/8/519 556/8/519 557/8/519 547/8/519
f 547/8/520 557/8/520 558/8/520 548/8/520
f 548/8/521 558/8/521 559/8/521 549/8/521
f 549/8/522 559/8/522 560/8/522 550/8/522
f 550/8/523 560/8/523 561/8/523 551/8/523
f 551/8/524 561/8/524 562/8/524 552/8/524
f 828/8/525 563/8/525 553/8/525 830/8/525
f 553/8/526 563/8/526 564/8/526 554/8/526
f 554/8/527 564/8/527 565/8/527 555/8/527
f 555/8/528 565/8/528 566/8/528 556/8/528
f 556/8/529 566/8/529 567/8/529 557/8/529
f 557/8/530 567/8/530 568/8/530 558/8/530
f 558/8/531 568/8/531 569/8/531 559/8/531
f 559/8/532 569/8/532 570/8/532 560/8/532
f 560/8/533 570/8/533 571/8/533 561/8/533
f 561/8/534 571/8/534 572/8/534 562/8/534
f 831/8/535 573/8/535 563/8/535 828/8/535
f 563/8/536 573/8/536 574/8/536 564/8/536
f 564/8/537 574/8/537 575/8/537 565/8/537
f 565/8/538 575/8/538 576/8/538 566/8/538
f 566/8/539 576/8/539 577/8/539 567/8/539
f 567/8/540 577/8/540 578/8/540 568/8/540
f 568/8/541 578/8/541 579/8/541 569/8/541
f 569/8/542 579/8/542 580/8/542 570/8/542
f 570/8/543 580/8/543 581/8/543 571/8/543
f 571/8/544 581/8/544 582/8/544 572/8/544
f 826/8/545 583/8/545 573/8/545 831/8/545
f 573/8/546 583/8/546 584/8/546 574/8/546
f 574/8/547 584/8/547 585/8/547 575/8/547
f 575/8/548 585/8/548 586/8/548 576/8/548
f 576/8/549 586/8/549 587/8/549 577/8/549
f 577/8/550 587/8/550 588/8/550 578/8/550
f 578/8/551 588/8/551 589/8/551 579/8/551
f 579/8/552 589/8/552 590/8/552 580/8/552
f 580/8/553 590/8/553 591/8/553 581/8/553
f 581/8/554 591/8/554 592/8/554 582/8/554
f 827/8/555 593/8/555 583/8/555 826/8/555
f 583/8/556 593/8/556 594/8/556 584/8/556
f 584/8/557 594/8/557 595/8/557 585/8/557
f 585/8/558 595/8/558 596/8/558 586/8/558
f 586/8/559 596/8/559 597/8/559 587/8/559
f 587/8/560 597/8/560 598/8/560 588/8/560
f 588/8/561 598/8/561 599/8/561 589/8/561
f 589/8/562 599/8/562 600/8/562 590/8/562
f 590/8/563 600/8/563 601/8/563 591/8/563
f 591/8/564 601/8/564 602/8/564 592/8/564
f 837/8/565 453/8/565 19/8/565 840/8/565
f 19/8/566 453/8/566 454/8/566 18/8/566
f 18/8/567 454/8/567 455/8/567 17/8/567
f 17/8/568 455/8/568 456/8/568 16/8/568
f 16/8/569 456/8/569 457/8/569 15/8/569
f 15/8/570 457/8/570 458/8/570 14/8/570
f 14/8/571 458/8/571 459/8/571 13/8/571
f 13/8/572 459/8/572 460/8/572 12/8/572
f 12/8/573 460/8/573 461/8/573 11/8/573
f 11/8/574 461/8/574 462/8/574 10/8/574
f 10/8/575 462/8/575 33/8/575 9/8/575
f 462/8/576 472/8/576 34/8/576 33/8/576
f 472/8/577 482/8/577 35/8/577 34/8/577
f 482/8/578 492/8/578 36/8/578 35/8/578
f 492/8/579 502/8/579 37/8/579 36/8/579
f 502/8/580 512/8/580 38/8/580 37/8/580
f 512/8/581 522/8/581 39/8/581 38/8/581
f 522/8/582 532/8/582 40/8/582 39/8/582
f 532/8/583 542/8/583 41/8/583 40/8/583
f 542/8/584 552/8/584 42/8/584 41/8/584
f 552/8/585 562/8/585 43/8/585 42/8/585
f 562/8/586 572/8/586 44/8/586 43/8/586
f 572/8/587 582/8/587 45/8/587 44/8/587
f 582/8/588 592/8/588 46/8/588 45/8/588
f 592/8/589 602/8/589 47/8/589 46/8/589
f 782/8/590 47/8/590 602/8/590 779/8/590
f 779/8/591 602/8/591 601/8/591 794/8/591
f 794/8/592 601/8/592 600/8/592 775/8/592
f 775/8/593 600/8/593 599/8/593 773/8/593
f 773/8/594 599/8/594 598/8/594 771/8/594
f 771/8/595 598/8/595 597/8/595 769/8/595
f 769/8/596 597/8/596 596/8/596 764/8/596
f 764/8/597 596/8/597 595/8/597 767/8/597
f 767/8/598 595/8/598 594/8/598 768/8/598
f 768/8/599 594/8/599 593/8/599 760/8/599
f 593/8/600 827/8/600 761/8/600 760/8/600
f 855/8/601 612/8/601 603/8/601 857/8/601
f 603/8/602 612/8/602 613/8/602 604/8/602
f 604/8/603 613/8/603 614/8/603 605/8/603
f 605/8/604 614/8/604 615/8/604 606/8/604
f 606/8/605 615/8/605 616/8/605 607/8/605
f 607/8/606 616/8/606 617/8/606 608/8/606
f 608/8/607 617/8/607 618/8/607 609/8/607
f 609/8/608 618/8/608 619/8/608 610/8/608
f 610/8/609 619/8/609 620/8/609 611/8/609
f 856/8/610 621/8/610 612/8/610 855/8/610
f 612/8/611 621/8/611 622/8/611 613/8/611
f 613/8/612 622/8/612 623/8/612 614/8/612
f 614/8/613 623/8/613 624/8/613 615/8/613
f 615/8/614 624/8/614 625/8/614 616/8/614
f 616/8/615 625/8/615 626/8/615 617/8/615
f 617/8/616 626/8/616 627/8/616 618/8/616
f 618/8/617 627/8/617 628/8/617 619/8/617
f 619/8/618 628/8/618 629/8/618 620/8/618
f 853/8/619 630/8/619 621/8/619 856/8/619
f 621/8/620 630/8/620 631/8/620 622/8/620
f 622/8/621 631/8/621 632/8/621 623/8/621
f 623/8/622 632/8/622 633/8/622 624/8/622
f 624/8/623 633/8/623 634/8/623 625/8/623
f 625/8/624 634/8/624 635/8/624 626/8/624
f 626/8/625 635/8/625 636/8/625 627/8/625
f 627/8/626 636/8/626 637/8/626 628/8/626
f 628/8/627 637/8/627 638/8/627 629/8/627
f 852/8/628 639/8/628 630/8/628 853/8/628
f 630/8/629 639/8/629 640/8/629 631/8/629
f 631/8/630 640/8/630 641/8/630 632/8/630
f 632/8/631 641/8/631 642/8/631 633/8/631
f 633/8/632 642/8/632 643/8/632 634/8/632
f 634/8/633 643/8/633 644/8/633 635/8/633
f 635/8/634 644/8/634 645/8/634 636/8/634
f 636/8/635 645/8/635 646/8/635 637/8/635
f 637/8/636 646/8/636 647/8/636 638/8/636
f 854/8/637 648/8/637 639/8/637 852/8/637
f 639/8/638 648/8/638 649/8/638 640/8/638
f 640/8/639 649/8/639 650/8/639 641/8/639
f 641/8/640 650/8/640 651/8/640 642/8/640
f 642/8/641 651/8/641 652/8/641 643/8/641
f 643/8/642 652/8/642 653/8/642 644/8/642
f 644/8/643 653/8/643 654/8/643 645/8/643
f 645/8/644 654/8/644 655/8/644 646/8/644
f 646/8/645 655/8/645 656/8/645 647/8/645
f 851/8/646 657/8/646 648/8/646 854/8/646
f 648/8/647 657/8/647 658/8/647 649/8/647
f 649/8/648 658/8/648 659/8/648 650/8/648
f 650/8/649 659/8/649 660/8/649 651/8/649
f 651/8/650 660/8/650 661/8/650 652/8/650
f 652/8/651 661/8/651 662/8/651 653/8/651
f 653/8/652 662/8/652 663/8/652 654/8/652
f 654/8/653 663/8/653 664/8/653 655/8/653
f 655/8/654 664/8/654 665/8/654 656/8/654
f 850/8/655 666/8/655 657/8/655 851/8/655
f 657/8/656 666/8/656 667/8/656 658/8/656
f 658/8/657 667/8/657 668/8/657 659/8/657
f 659/8/658 668/8/658 669/8/658 660/8/658
f 660/8/659 669/8/659 670/8/659 661/8/659
f 661/8/660 670/8/660 671/8/660 662/8/660
f 662/8/661 671/8/661 672/8/661 663/8/661
f 663/8/662 672/8/662 673/8/662 664/8/662
f 664/8/663 673/8/663 674/8/663 665/8/663
f 848/8/664 675/8/664 666/8/664 850/8/664
f 666/8/665 675/8/665 676/8/665 667/8/665
f 667/8/666 676/8/666 677/8/666 668/8/666
f 668/8/667 677/8/667 678/8/667 669/8/667
f 669/8/668 678/8/668 679/8/668 670/8/668
f 670/8/669 679/8/669 680/8/669 671/8/669
f 671/8/670 680/8/670 681/8/670 672/8/670
f 672/8/671 681/8/671 682/8/671 673/8/671
f 673/8/672 682/8/672 683/8/672 674/8/672
f 846/8/673 684/8/673 849/8/673
f 684/8/674 685/8/674 675/8/674 848/8/674 849/8/674
f 675/8/675 685/8/675 686/8/675 676/8/675
f 676/8/676 686/8/676 687/8/676 677/8/676
f 677/8/677 687/8/677 688/8/677 678/8/677
f 678/8/678 688/8/678 689/8/678 679/8/678
f 679/8/679 689/8/679 690/8/679 680/8/679
f 680/8/680 690/8/680 691/8/680 681/8/680
f 681/8/681 691/8/681 692/8/681 682/8/681
f 682/8/682 692/8/682 693/8/682 683/8/682
f 847/8/683 694/8/683 684/8/683 846/8/683
f 684/8/684 694/8/684 695/8/684 685/8/684
f 685/8/685 695/8/685 696/8/685 686/8/685
f 686/8/686 696/8/686 697/8/686 687/8/686
f 687/8/687 697/8/687 698/8/687 688/8/687
f 688/8/688 698/8/688 699/8/688 689/8/688
f 689/8/689 699/8/689 700/8/689 690/8/689
f 690/8/690 700/8/690 701/8/690 691/8/690
f 691/8/691 701/8/691 702/8/691 692/8/691
f 692/8/692 702/8/692 703/8/692 693/8/692
f 844/8/693 704/8/693 694/8/693 847/8/693
f 694/8/694 704/8/694 705/8/694 695/8/694
f 695/8/695 705/8/695 706/8/695 696/8/695
f 696/8/696 706/8/696 707/8/696 697/8/696
f 697/8/697 707/8/697 708/8/697 698/8/697
f 698/8/698 708/8/698 709/8/698 699/8/698
f 699/8/699 709/8/699 710/8/699 700/8/699
f 700/8/700 710/8/700 711/8/700 701/8/700
f 701/8/701 711/8/701 712/8/701 702/8/701
f 702/8/702 712/8/702 713/8/702 703/8/702
f 845/8/703 714/8/703 704/8/703 844/8/703
f 704/8/704 714/8/704 715/8/704 705/8/704
f 705/8/705 715/8/705 716/8/705 706/8/705
f 706/8/706 716/8/706 717/8/706 707/8/706
f 707/8/707 717/8/707 718/8/707 708/8/707
f 708/8/708 718/8/708 719/8/708 709/8/708
f 709/8/709 719/8/709 720/8/709 710/8/709
f 710/8/710 720/8/710 721/8/710 711/8/710
f 711/8/711 721/8/711 722/8/711 712/8/711
f 712/8/712 722/8/712 723/8/712 713/8/712
f 842/8/713 724/8/713 714/8/713 845/8/713
f 714/8/714 724/8/714 725/8/714 715/8/714
f 715/8/715 725/8/715 726/8/715 716/8/715
f 716/8/716 726/8/716 727/8/716 717/8/716
f 717/8/717 727/8/717 728/8/717 718/8/717
f 718/8/718 728/8/718 729/8/718 719/8/718
f 719/8/719 729/8/719 730/8/719 720/8/719
f 720/8/720 730/8/720 731/8/720 721/8/720
f 721/8/721 731/8/721 732/8/721 722/8/721
f 722/8/722 732/8/722 733/8/722 723/8/722
f 843/8/723 734/8/723 724/8/723 842/8/723
f 724/8/724 734/8/724 735/8/724 725/8/724
f 725/8/725 735/8/725 736/8/725 726/8/725
f 726/8/726 736/8/726 737/8/726 727/8/726
f 727/8/727 737/8/727 738/8/727 728/8/727
f 728/8/728 738/8/728 739/8/728 729/8/728
f 729/8/729 739/8/729 740/8/729 730/8/729
f 730/8/730 740/8/730 741/8/730 731/8/730
f 731/8/731 741/8/731 742/8/731 732/8/731
f 732/8/732 742/8/732 743/8/732 733/8/732
f 857/8/733 603/8/733 763/8/733 762/8/733
f 603/8/734 604/8/734 766/8/734 763/8/734
f 604/8/735 605/8/735 765/8/735 766/8/735
f 605/8/736 606/8/736 770/8/736 765/8/736
f 606/8/737 607/8/737 772/8/737 770/8/737
f 607/8/738 608/8/738 776/8/738 772/8/738
f 608/8/739 609/8/739 774/8/739 776/8/739
f 609/8/740 610/8/740 777/8/740 774/8/740
f 610/8/741 611/8/741 780/8/741 777/8/741
f 611/8/742 48/8/742 778/8/742 780/8/742
f 611/8/743 620/8/743 49/8/743 48/8/743
f 620/8/744 629/8/744 50/8/744 49/8/744
f 629/8/745 638/8/745 51/8/745 50/8/745
f 638/8/746 647/8/746 52/8/746 51/8/746
f 647/8/747 656/8/747 53/8/747 52/8/747
f 656/8/748 665/8/748 54/8/748 53/8/748
f 665/8/749 674/8/749 55/8/749 54/8/749
f 674/8/750 683/8/750 56/8/750 55/8/750
f 683/8/751 693/8/751 57/8/751 56/8/751
f 693/8/752 703/8/752 58/8/752 57/8/752
f 703/8/753 713/8/753 59/8/753 58/8/753
f 713/8/754 723/8/754 60/8/754 59/8/754
f 723/8/755 733/8/755 61/8/755 60/8/755
f 733/8/756 743/8/756 62/8/756 61/8/756
f 743/8/757 10/8/757 9/8/757 62/8/757
f 742/8/758 11/8/758 10/8/758 743/8/758
f 741/8/759 12/8/759 11/8/759 742/8/759
f 740/8/760 13/8/760 12/8/760 741/8/760
f 739/8/761 14/8/761 13/8/761 740/8/761
f 738/8/762 15/8/762 14/8/762 739/8/762
f 737/8/763 16/8/763 15/8/763 738/8/763
f 736/8/764 17/8/764 16/8/764 737/8/764
f 735/8/765 18/8/765 17/8/765 736/8/765
f 734/8/766 19/8/766 18/8/766 735/8/766
f 840/8/767 19/8/767 734/8/767 843/8/767
o OuterWall
v 101.143501 5.667816 20.247162
v 104.132683 5.667815 20.501701
v 101.401772 5.667816 14.745746
v 104.401756 5.667815 14.737423
v 101.098396 5.667816 8.969693
v 104.086708 5.667815 8.705108
v 100.354698 5.667816 3.021073
v 103.321007 5.667815 2.572722
v 99.292976 5.667816 -2.956900
v 102.237160 5.667815 -3.532915
v 98.038033 5.667816 -8.824373
v 100.965157 5.667815 -9.481619
v 96.715668 5.667816 -14.444757
v 99.634003 5.667815 -15.139948
v 95.451836 5.667816 -19.685364
v 98.372536 5.667815 -20.370560
v 94.372314 5.667816 -24.420139
v 97.309784 5.667815 -25.029469
v 93.603470 5.667816 -28.538742
v 96.574173 5.667815 -28.956978
v 93.282990 5.667816 -31.979000
v 96.282806 5.667815 -31.945232
v 93.669113 5.667816 -34.816734
v 96.432251 5.667815 -33.648376
v 95.022194 5.667817 -36.544544
v 97.016960 5.667815 -34.303799
v 98.074966 5.667816 -38.488106
v 100.059952 5.667815 -36.238701
v 99.952621 5.667816 -40.760872
v 102.515259 5.667815 -39.201096
v 101.153282 5.667816 -43.597736
v 104.031975 5.667815 -42.753269
v 101.721924 5.667816 -46.965153
v 104.712372 5.667815 -46.725941
v 101.685463 5.667816 -50.775642
v 104.676781 5.667815 -51.003761
v 101.086777 5.667816 -54.914959
v 104.029541 5.667815 -55.498150
v 99.984703 5.667816 -59.265156
v 102.859062 5.667816 -60.124241
v 98.446915 5.667816 -63.711567
v 101.244888 5.667815 -64.793869
v 96.545372 5.667816 -68.143158
v 99.262306 5.667816 -69.415253
v 94.354179 5.667816 -72.451355
v 96.984459 5.667815 -73.894150
v 91.949020 5.667816 -76.528900
v 94.482880 5.667815 -78.134995
v 89.402390 5.667816 -80.275665
v 91.832321 5.667815 -82.035049
v 85.889236 5.667816 -84.835770
v 88.213654 5.667815 -86.732361
v 82.477142 5.667816 -88.786880
v 84.685226 5.667815 -90.817734
v 79.155998 5.667816 -92.178909
v 81.226418 5.667815 -94.349930
v 75.910263 5.667816 -95.068832
v 77.822037 5.667815 -97.380783
v 72.722984 5.667816 -97.514221
v 74.458321 5.667815 -99.961380
v 69.575447 5.667816 -99.572861
v 71.123268 5.667816 -102.142731
v 66.447365 5.667816 -101.301910
v 67.806435 5.667815 -103.976410
v 63.317513 5.667816 -102.757324
v 64.498314 5.667815 -105.515167
v 60.164753 5.667816 -103.993607
v 61.189312 5.667815 -106.813232
v 56.968994 5.667816 -105.064133
v 57.868805 5.667815 -107.926010
v 53.711704 5.667816 -106.021652
v 54.524593 5.667815 -108.909424
v 50.411198 5.667816 -106.910187
v 51.107616 5.667815 -109.828232
v 42.221359 5.667816 -108.620712
v 42.680733 5.667815 -111.585327
v 34.386570 5.667816 -109.420486
v 34.536770 5.667815 -112.416718
v 26.799273 5.667816 -109.408463
v 26.648745 5.667815 -112.404678
v 19.383320 5.667816 -108.672714
v 18.958260 5.667815 -111.642441
v 12.064834 5.667816 -107.298996
v 11.404660 5.667815 -110.225449
v 4.773026 5.667816 -105.372421
v 3.924200 5.667815 -108.249832
v -2.560170 5.667817 -102.978836
v -3.549596 5.667815 -105.810974
v -10.001047 5.667816 -100.205536
v -11.084970 5.667815 -103.002869
v -17.615074 5.667816 -97.141296
v -18.750990 5.667815 -99.917923
v -25.467520 5.667817 -93.876236
v -26.616926 5.667815 -96.647308
v -33.623760 5.667816 -90.501404
v -34.751945 5.667815 -93.281189
v -42.142124 5.667816 -87.111343
v -43.232227 5.667815 -89.906281
v -48.938091 5.667816 -84.514389
v -50.006786 5.667815 -87.317581
v -55.718285 5.667817 -81.935501
v -56.793907 5.667815 -84.736038
v -62.407360 5.667816 -79.341476
v -63.512890 5.667815 -82.130356
v -68.926590 5.667816 -76.700882
v -70.086426 5.667815 -79.467606
v -75.196716 5.667817 -73.982864
v -76.437729 5.667815 -76.714142
v -81.138000 5.667817 -71.157593
v -82.490494 5.667815 -73.835419
v -86.670288 5.667816 -68.196564
v -88.168823 5.667815 -70.795486
v -91.713417 5.667817 -65.073257
v -93.396858 5.667815 -67.556412
v -96.188217 5.667816 -61.763805
v -98.097717 5.667815 -64.077637
v -100.018661 5.667817 -58.247150
v -102.191376 5.667815 -60.315800
v -103.135498 5.667816 -54.503147
v -105.591049 5.667815 -56.226597
v -105.487648 5.667816 -50.489113
v -108.191734 5.667815 -51.788311
v -107.881126 5.667816 -44.234097
v -110.746544 5.667815 -45.122593
v -109.529335 5.667816 -37.364491
v -112.480354 5.667815 -37.904362
v -110.470345 5.667816 -29.946888
v -113.460564 5.667815 -30.188892
v -110.748413 5.667816 -22.043655
v -113.748398 5.667815 -22.035683
v -110.410347 5.667816 -13.718914
v -113.402534 5.667815 -13.502472
v -109.505058 5.667816 -5.037102
v -112.479546 5.667816 -4.646690
v -108.082878 5.667816 3.937671
v -111.034569 5.667815 4.473908
v -106.195114 5.667816 13.141805
v -109.121780 5.667815 13.801060
v -103.893631 5.667816 22.512218
v -106.794785 5.667815 23.275978
v -101.230682 5.667816 31.986280
v -104.106812 5.667815 32.839432
v -98.258720 5.667816 41.501709
v -101.110893 5.667815 42.431839
v -95.025673 5.667816 51.010014
v -97.864586 5.667815 51.979832
v -92.918762 5.667816 57.148621
v -95.760239 5.667815 58.110916
v -90.904228 5.667816 63.178162
v -93.746773 5.667815 64.137283
v -88.909454 5.667816 69.032852
v -91.738739 5.667815 70.030411
v -86.856941 5.667816 74.664032
v -89.655571 5.667815 75.744637
v -84.670609 5.667816 80.023132
v -87.415283 5.667815 81.234238
v -82.275970 5.667816 85.062302
v -84.934280 5.667815 86.452774
v -79.600075 5.667816 89.735596
v -82.127449 5.667815 91.351883
v -76.570488 5.667816 94.000626
v -78.909157 5.667815 95.879608
v -73.112823 5.667816 97.820007
v -75.195724 5.667815 99.979065
v -69.147263 5.667816 101.160690
v -70.908890 5.667816 103.588989
v -64.586128 5.667816 103.990158
v -65.978264 5.667815 106.647598
v -59.328117 5.667816 106.273636
v -60.347092 5.667815 109.095291
v -52.083107 5.667816 108.381760
v -52.754890 5.667815 111.305573
v -44.907295 5.667816 109.601929
v -45.246811 5.667815 112.582657
v -37.766960 5.667816 110.018845
v -37.791321 5.667815 113.018753
v -30.621275 5.667816 109.717133
v -30.363993 5.667816 112.706085
v -23.432625 5.667816 108.779800
v -22.937195 5.667815 111.738602
v -16.166567 5.667816 107.289810
v -15.480113 5.667815 110.210220
v -8.790926 5.667816 105.331238
v -7.959666 5.667815 108.213776
v -1.274709 5.667816 102.989517
v -0.341594 5.667815 105.840714
v 6.412704 5.667816 100.351379
v 7.408735 5.667815 103.181213
v 14.302039 5.667816 97.504547
v 15.325854 5.667815 100.324448
v 22.424318 5.667816 94.537491
v 23.443991 5.667815 97.358887
v 30.788122 5.667816 91.547272
v 31.819799 5.667816 94.364304
v 36.749054 5.667816 89.312302
v 37.860199 5.667816 92.098938
v 42.557583 5.667816 86.855865
v 43.777134 5.667816 89.596802
v 48.209099 5.667816 84.214523
v 49.524498 5.667816 86.910767
v 53.677433 5.667816 81.432724
v 55.077740 5.667815 84.085861
v 58.936523 5.667816 78.554977
v 60.412201 5.667816 81.166946
v 63.960419 5.667816 75.625916
v 65.503113 5.667816 78.198868
v 68.723267 5.667816 72.690170
v 70.325607 5.667816 75.226410
v 73.199295 5.667816 69.792404
v 74.854721 5.667816 72.294312
v 77.362839 5.667816 66.977295
v 79.065414 5.667816 69.447357
v 81.188324 5.667816 64.289474
v 82.932541 5.667816 66.730316
v 84.650299 5.667816 61.773544
v 86.430832 5.667816 64.188026
v 87.669220 5.667816 59.517101
v 89.589096 5.667815 61.822323
v 89.287926 5.667816 58.023151
v 91.491402 5.667815 60.059002
v 90.822998 5.667816 56.072079
v 93.283035 5.667816 57.789120
v 92.304810 5.667816 53.659985
v 94.927216 5.667815 55.117023
v 93.711021 5.667816 50.841827
v 96.439857 5.667815 52.088219
v 95.027420 5.667816 47.673637
v 97.828781 5.667816 48.747124
v 96.244446 5.667816 44.210533
v 99.097137 5.667816 45.139072
v 97.355179 5.667816 40.506512
v 100.245438 5.667815 41.310524
v 98.354149 5.667816 36.614655
v 101.272728 5.667816 37.308853
v 99.236748 5.667816 32.587406
v 102.177223 5.667815 33.182068
v 99.998878 5.667816 28.476784
v 102.956612 5.667816 28.978603
v 100.636765 5.667816 24.334568
v 103.608261 5.667815 24.747135
v 101.143501 0.667817 20.247162
v 104.132683 0.667815 20.501701
v 101.401772 0.667816 14.745746
v 104.401756 0.667815 14.737423
v 101.098396 0.667816 8.969694
v 104.086708 0.667815 8.705109
v 100.354698 0.667816 3.021073
v 103.321007 0.667815 2.572722
v 99.292976 0.667816 -2.956899
v 102.237160 0.667816 -3.532915
v 98.038033 0.667816 -8.824373
v 100.965157 0.667815 -9.481619
v 96.715668 0.667816 -14.444757
v 99.634003 0.667815 -15.139948
v 95.451836 0.667816 -19.685364
v 98.372536 0.667815 -20.370560
v 94.372314 0.667816 -24.420139
v 97.309784 0.667815 -25.029469
v 93.603470 0.667816 -28.538742
v 96.574173 0.667815 -28.956978
v 93.282990 0.667817 -31.979000
v 96.282806 0.667815 -31.945232
v 93.669113 0.667816 -34.816734
v 96.432251 0.667815 -33.648376
v 95.022194 0.667816 -36.544544
v 97.016960 0.667815 -34.303799
v 98.074966 0.667816 -38.488106
v 100.059952 0.667815 -36.238701
v 99.952621 0.667816 -40.760872
v 102.515259 0.667816 -39.201096
v 101.153282 0.667816 -43.597736
v 104.031975 0.667816 -42.753269
v 101.721924 0.667816 -46.965153
v 104.712372 0.667816 -46.725941
v 101.685463 0.667816 -50.775642
v 104.676781 0.667816 -51.003761
v 101.086777 0.667816 -54.914959
v 104.029541 0.667816 -55.498150
v 99.984703 0.667816 -59.265156
v 102.859062 0.667816 -60.124241
v 98.446915 0.667816 -63.711567
v 101.244888 0.667816 -64.793869
v 96.545372 0.667816 -68.143158
v 99.262306 0.667816 -69.415253
v 94.354179 0.667816 -72.451355
v 96.984459 0.667815 -73.894150
v 91.949020 0.667816 -76.528900
v 94.482880 0.667815 -78.134995
v 89.402390 0.667816 -80.275665
v 91.832321 0.667815 -82.035049
v 85.889236 0.667816 -84.835770
v 88.213654 0.667815 -86.732361
v 82.477142 0.667816 -88.786880
v 84.685226 0.667815 -90.817734
v 79.155998 0.667816 -92.178909
v 81.226418 0.667815 -94.349930
v 75.910263 0.667816 -95.068832
v 77.822037 0.667815 -97.380783
v 72.722984 0.667816 -97.514221
v 74.458321 0.667815 -99.961380
v 69.575447 0.667816 -99.572861
v 71.123268 0.667816 -102.142731
v 66.447365 0.667816 -101.301910
v 67.806435 0.667815 -103.976410
v 63.317513 0.667816 -102.757324
v 64.498314 0.667815 -105.515167
v 60.164753 0.667816 -103.993607
v 61.189312 0.667815 -106.813232
v 56.968994 0.667816 -105.064133
v 57.868805 0.667815 -107.926010
v 53.711704 0.667816 -106.021652
v 54.524593 0.667815 -108.909424
v 50.411198 0.667816 -106.910187
v 51.107616 0.667815 -109.828232
v 42.221359 0.667816 -108.620712
v 42.680733 0.667815 -111.585327
v 34.386570 0.667816 -109.420486
v 34.536770 0.667815 -112.416718
v 26.799273 0.667816 -109.408463
v 26.648745 0.667815 -112.404678
v 19.383320 0.667816 -108.672714
v 18.958260 0.667815 -111.642441
v 12.064834 0.667816 -107.298996
v 11.404660 0.667815 -110.225449
v 4.773026 0.667816 -105.372421
v 3.924200 0.667815 -108.249832
v -2.560169 0.667817 -102.978836
v -3.549595 0.667815 -105.810974
v -10.001046 0.667816 -100.205536
v -11.084970 0.667815 -103.002869
v -17.615072 0.667817 -97.141296
v -18.750990 0.667815 -99.917923
v -25.467520 0.667817 -93.876236
v -26.616926 0.667815 -96.647308
v -33.623760 0.667817 -90.501404
v -34.751945 0.667815 -93.281189
v -42.142124 0.667817 -87.111343
v -43.232227 0.667815 -89.906281
v -48.938091 0.667817 -84.514389
v -50.006786 0.667815 -87.317581
v -55.718285 0.667817 -81.935501
v -56.793907 0.667815 -84.736038
v -62.407360 0.667817 -79.341476
v -63.512890 0.667815 -82.130356
v -68.926590 0.667817 -76.700882
v -70.086426 0.667815 -79.467606
v -75.196716 0.667817 -73.982864
v -76.437729 0.667815 -76.714142
v -81.138000 0.667816 -71.157593
v -82.490494 0.667815 -73.835419
v -86.670288 0.667817 -68.196564
v -88.168823 0.667815 -70.795486
v -91.713417 0.667817 -65.073257
v -93.396858 0.667815 -67.556412
v -96.188217 0.667816 -61.763805
v -98.097717 0.667815 -64.077637
v -100.018661 0.667816 -58.247150
v -102.191376 0.667815 -60.315800
v -103.135498 0.667816 -54.503147
v -105.591049 0.667815 -56.226597
v -105.487648 0.667816 -50.489113
v -108.191734 0.667815 -51.788311
v -107.881126 0.667816 -44.234097
v -110.746544 0.667815 -45.122593
v -109.529335 0.667816 -37.364491
v -112.480354 0.667815 -37.904362
v -110.470345 0.667816 -29.946888
v -113.460564 0.667815 -30.188892
v -110.748413 0.667816 -22.043655
v -113.748398 0.667815 -22.035683
v -110.410347 0.667816 -13.718914
v -113.402534 0.667815 -13.502472
v -109.505058 0.667816 -5.037102
v -112.479546 0.667816 -4.646690
v -108.082878 0.667816 3.937671
v -111.034569 0.667815 4.473908
v -106.195114 0.667816 13.141805
v -109.121780 0.667816 13.801059
v -103.893631 0.667816 22.512218
v -106.794785 0.667815 23.275978
v -101.230682 0.667816 31.986280
v -104.106812 0.667815 32.839432
v -98.258720 0.667816 41.501709
v -101.110893 0.667815 42.431839
v -95.025673 0.667816 51.010014
v -97.864586 0.667815 51.979832
v -92.918762 0.667816 57.148621
v -95.760239 0.667815 58.110916
v -90.904228 0.667816 63.178162
v -93.746773 0.667815 64.137283
v -88.909454 0.667816 69.032852
v -91.738739 0.667815 70.030411
v -86.856941 0.667816 74.664032
v -89.655571 0.667816 75.744637
v -84.670609 0.667816 80.023132
v -87.415283 0.667815 81.234238
v -82.275970 0.667816 85.062302
v -84.934280 0.667815 86.452774
v -79.600075 0.667816 89.735596
v -82.127449 0.667815 91.351883
v -76.570488 0.667816 94.000626
v -78.909157 0.667815 95.879608
v -73.112823 0.667816 97.820007
v -75.195724 0.667815 99.979065
v -69.147263 0.667816 101.160690
v -70.908890 0.667816 103.588989
v -64.586128 0.667816 103.990158
v -65.978264 0.667816 106.647598
v -59.328117 0.667816 106.273636
v -60.347092 0.667816 109.095291
v -52.083107 0.667816 108.381760
v -52.754890 0.667816 111.305573
v -44.907295 0.667816 109.601929
v -45.246811 0.667815 112.582657
v -37.766960 0.667816 110.018845
v -37.791321 0.667815 113.018753
v -30.621275 0.667816 109.717133
v -30.363993 0.667816 112.706085
v -23.432625 0.667816 108.779800
v -22.937195 0.667815 111.738602
v -16.166567 0.667816 107.289810
v -15.480113 0.667816 110.210220
v -8.790926 0.667816 105.331238
v -7.959666 0.667815 108.213776
v -1.274709 0.667816 102.989517
v -0.341595 0.667816 105.840714
v 6.412704 0.667816 100.351379
v 7.408735 0.667815 103.181213
v 14.302039 0.667816 97.504547
v 15.325854 0.667816 100.324448
v 22.424318 0.667816 94.537491
v 23.443991 0.667816 97.358887
v 30.788122 0.667816 91.547272
v 31.819799 0.667815 94.364304
v 36.749054 0.667816 89.312302
v 37.860199 0.667816 92.098938
v 42.557583 0.667816 86.855865
v 43.777134 0.667816 89.596802
v 48.209099 0.667816 84.214523
v 49.524498 0.667816 86.910767
v 53.677433 0.667816 81.432724
v 55.077740 0.667816 84.085861
v 58.936523 0.667816 78.554977
v 60.412201 0.667816 81.166946
v 63.960419 0.667816 75.625916
v 65.503113 0.667816 78.198868
v 68.723267 0.667816 72.690170
v 70.325607 0.667816 75.226410
v 73.199295 0.667816 69.792404
v 74.854721 0.667816 72.294312
v 77.362839 0.667816 66.977295
v 79.065414 0.667816 69.447357
v 81.188324 0.667816 64.289474
v 82.932541 0.667816 66.730316
v 84.650299 0.667816 61.773544
v 86.430832 0.667816 64.188026
v 87.669220 0.667816 59.517101
v 89.589096 0.667816 61.822323
v 89.287926 0.667816 58.023151
v 91.491402 0.667815 60.059002
v 90.822998 0.667816 56.072079
v 93.283035 0.667816 57.789120
v 92.304810 0.667816 53.659985
v 94.927216 0.667816 55.117023
v 93.711021 0.667816 50.841827
v 96.439857 0.667816 52.088219
v 95.027420 0.667816 47.673637
v 97.828781 0.667816 48.747124
v 96.244446 0.667816 44.210533
v 99.097137 0.667816 45.139072
v 97.355179 0.667816 40.506512
v 100.245438 0.667816 41.310524
v 98.354149 0.667816 36.614655
v 101.272728 0.667816 37.308853
v 99.236748 0.667816 32.587406
v 102.177223 0.667816 33.182068
v 99.998878 0.667816 28.476784
v 102.956612 0.667816 28.978603
v 100.636765 0.667816 24.334568
v 103.608261 0.667815 24.747135
vn -0.0000 1.0000 -0.0000
vn -0.0000 -1.0000 -0.0000
vn 1.0000 -0.0000 -0.0028
vn 0.9964 -0.0000 0.0847
vn -0.9964 -0.0000 -0.0850
vn -1.0000 -0.0000 0.0028
vn 0.9961 -0.0000 -0.0881
vn -0.9961 -0.0000 0.0883
vn 0.9888 -0.0000 -0.1494
vn -0.9888 -0.0000 0.1495
vn 0.9814 -0.0000 -0.1920
vn -0.9814 -0.0000 0.1920
vn 0.9757 -0.0000 -0.2191
vn -0.9757 -0.0000 0.2191
vn 0.9728 -0.0000 -0.2317
vn -0.9728 -0.0000 0.2317
vn 0.9736 -0.0000 -0.2284
vn -0.9736 -0.0000 0.2284
vn 0.9791 -0.0000 -0.2033
vn -0.9792 -0.0000 0.2029
vn 0.9901 -0.0000 -0.1407
vn -0.9904 -0.0000 0.1383
vn 1.0000 -0.0000 -0.0048
vn -0.9998 -0.0000 -0.0212
vn 0.9962 -0.0000 0.0874
vn -0.9909 -0.0000 -0.1348
vn 0.6475 -0.0000 0.7620
vn 0.7462 -0.0000 0.6657
vn -0.7873 -0.0000 -0.6166
vn -0.6718 -0.0000 -0.7407
vn 0.6613 -0.0000 0.7501
vn -0.6621 -0.0000 -0.7494
vn 0.8537 -0.0000 0.5208
vn -0.8549 -0.0000 -0.5188
vn 0.9592 -0.0000 0.2827
vn -0.9600 -0.0000 -0.2800
vn 0.9967 -0.0000 0.0806
vn -0.9969 -0.0000 -0.0788
vn 0.9971 -0.0000 -0.0756
vn -0.9971 -0.0000 0.0765
vn 0.9810 -0.0000 -0.1942
vn -0.9809 -0.0000 0.1946
vn 0.9582 -0.0000 -0.2863
vn -0.9581 -0.0000 0.2865
vn 0.9327 -0.0000 -0.3607
vn -0.9326 -0.0000 0.3608
vn 0.9057 -0.0000 -0.4240
vn -0.9056 -0.0000 0.4241
vn 0.8768 -0.0000 -0.4809
vn -0.8768 -0.0000 0.4809
vn 0.8446 -0.0000 -0.5354
vn -0.8446 -0.0000 0.5354
vn 0.8100 -0.0000 -0.5864
vn -0.8100 -0.0000 0.5865
vn 0.7748 -0.0000 -0.6322
vn -0.7748 -0.0000 0.6322
vn 0.7360 -0.0000 -0.6770
vn -0.7360 -0.0000 0.6769
vn 0.6901 -0.0000 -0.7237
vn -0.6902 -0.0000 0.7237
vn 0.6372 -0.0000 -0.7707
vn -0.6373 -0.0000 0.7706
vn 0.5784 -0.0000 -0.8157
vn -0.5785 -0.0000 0.8157
vn 0.5160 -0.0000 -0.8566
vn -0.5159 -0.0000 0.8566
vn 0.4531 -0.0000 -0.8915
vn -0.4530 -0.0000 0.8915
vn 0.3937 -0.0000 -0.9193
vn -0.3935 -0.0000 0.9193
vn 0.3416 -0.0000 -0.9399
vn -0.3415 -0.0000 0.9399
vn 0.3000 -0.0000 -0.9539
vn -0.2999 -0.0000 0.9540
vn 0.2709 -0.0000 -0.9626
vn -0.2710 -0.0000 0.9626
vn 0.2320 -0.0000 -0.9727
vn -0.2323 -0.0000 0.9726
vn 0.1530 -0.0000 -0.9882
vn -0.1532 -0.0000 0.9882
vn 0.0501 -0.0000 -0.9987
vn -0.0501 -0.0000 0.9987
vn -0.0501 -0.0000 -0.9987
vn 0.0502 -0.0000 0.9987
vn -0.1416 -0.0000 -0.9899
vn 0.1417 -0.0000 0.9899
vn -0.2200 -0.0000 -0.9755
vn 0.2201 -0.0000 0.9755
vn -0.2829 -0.0000 -0.9591
vn 0.2830 -0.0000 0.9591
vn -0.3298 -0.0000 -0.9441
vn 0.3298 -0.0000 0.9440
vn -0.3613 -0.0000 -0.9325
vn 0.3613 -0.0000 0.9324
vn -0.3786 -0.0000 -0.9255
vn 0.3786 -0.0000 0.9255
vn -0.3831 -0.0000 -0.9237
vn 0.3831 -0.0000 0.9237
vn -0.3761 -0.0000 -0.9266
vn 0.3761 -0.0000 0.9266
vn -0.3634 -0.0000 -0.9316
vn 0.3634 -0.0000 0.9316
vn -0.3562 -0.0000 -0.9344
vn 0.3562 -0.0000 0.9344
vn -0.3585 -0.0000 -0.9335
vn 0.3585 -0.0000 0.9335
vn -0.3685 -0.0000 -0.9296
vn 0.3685 -0.0000 0.9296
vn -0.3866 -0.0000 -0.9222
vn 0.3866 -0.0000 0.9222
vn -0.4137 -0.0000 -0.9104
vn 0.4136 -0.0000 0.9104
vn -0.4509 -0.0000 -0.8926
vn 0.4508 -0.0000 0.8926
vn -0.4996 -0.0000 -0.8663
vn 0.4995 -0.0000 0.8663
vn -0.5612 -0.0000 -0.8277
vn 0.5610 -0.0000 0.8278
vn -0.6366 -0.0000 -0.7712
vn 0.6363 -0.0000 0.7714
vn -0.7244 -0.0000 -0.6894
vn 0.7240 -0.0000 0.6898
vn -0.8186 -0.0000 -0.5743
vn -0.8186 -0.0000 -0.5744
vn 0.8184 -0.0000 0.5746
vn -0.9013 -0.0000 -0.4332
vn 0.9014 -0.0000 0.4329
vn -0.9551 -0.0000 -0.2964
vn 0.9552 -0.0000 0.2960
vn -0.9837 -0.0000 -0.1801
vn 0.9837 -0.0000 0.1798
vn -0.9967 -0.0000 -0.0807
vn -1.0000 -0.0000 0.0026
vn 1.0000 -0.0000 -0.0027
vn -0.9974 -0.0000 0.0721
vn 0.9974 -0.0000 -0.0722
vn -0.9915 -0.0000 0.1301
vn 0.9915 -0.0000 -0.1302
vn -0.9839 -0.0000 0.1787
vn 0.9839 -0.0000 -0.1788
vn -0.9756 -0.0000 0.2197
vn 0.9756 -0.0000 -0.2198
vn -0.9671 -0.0000 0.2546
vn 0.9670 -0.0000 -0.2546
vn -0.9587 -0.0000 0.2844
vn 0.9587 -0.0000 -0.2844
vn -0.9507 -0.0000 0.3100
vn 0.9507 -0.0000 -0.3100
vn -0.9463 -0.0000 0.3233
vn 0.9463 -0.0000 -0.3233
vn -0.9472 -0.0000 0.3208
vn 0.9472 -0.0000 -0.3208
vn -0.9475 -0.0000 0.3197
vn 0.9475 -0.0000 -0.3197
vn -0.9431 -0.0000 0.3325
vn 0.9431 -0.0000 -0.3325
vn -0.9329 -0.0000 0.3602
vn 0.9329 -0.0000 -0.3602
vn -0.9149 -0.0000 0.4038
vn 0.9149 -0.0000 -0.4036
vn -0.8861 -0.0000 0.4636
vn 0.8862 -0.0000 -0.4634
vn -0.8424 -0.0000 0.5389
vn 0.8425 -0.0000 -0.5386
vn -0.7795 -0.0000 0.6264
vn 0.7797 -0.0000 -0.6262
vn -0.6942 -0.0000 0.7198
vn 0.6944 -0.0000 -0.7196
vn -0.5872 -0.0000 0.8095
vn 0.5873 -0.0000 -0.8094
vn -0.4641 -0.0000 0.8858
vn 0.4640 -0.0000 -0.8858
vn -0.3398 -0.0000 0.9405
vn 0.3395 -0.0000 -0.9406
vn -0.2240 -0.0000 0.9746
vn 0.2239 -0.0000 -0.9746
vn -0.1132 -0.0000 0.9936
vn 0.1131 -0.0000 -0.9936
vn -0.0082 -0.0000 1.0000
vn 0.0081 -0.0000 -1.0000
vn 0.0857 -0.0000 0.9963
vn -0.0858 -0.0000 -0.9963
vn 0.1651 -0.0000 0.9863
vn -0.1652 -0.0000 -0.9863
vn 0.2288 -0.0000 0.9735
vn -0.2289 -0.0000 -0.9735
vn 0.2771 -0.0000 0.9609
vn -0.2771 -0.0000 -0.9608
vn 0.3110 -0.0000 0.9504
vn -0.3111 -0.0000 -0.9504
vn 0.3320 -0.0000 0.9433
vn -0.3320 -0.0000 -0.9433
vn 0.3413 -0.0000 0.9400
vn -0.3413 -0.0000 -0.9400
vn 0.3399 -0.0000 0.9405
vn -0.3399 -0.0000 -0.9405
vn 0.3439 -0.0000 0.9390
vn -0.3439 -0.0000 -0.9390
vn 0.3704 -0.0000 0.9289
vn -0.3704 -0.0000 -0.9289
vn 0.4065 -0.0000 0.9136
vn -0.4065 -0.0000 -0.9136
vn 0.4385 -0.0000 0.8988
vn -0.4385 -0.0000 -0.8987
vn 0.4668 -0.0000 0.8844
vn -0.4668 -0.0000 -0.8844
vn 0.4919 -0.0000 0.8707
vn -0.4919 -0.0000 -0.8707
vn 0.5142 -0.0000 0.8577
vn -0.5142 -0.0000 -0.8577
vn 0.5341 -0.0000 0.8454
vn -0.5341 -0.0000 -0.8454
vn 0.5518 -0.0000 0.8340
vn -0.5518 -0.0000 -0.8340
vn 0.5675 -0.0000 0.8234
vn -0.5675 -0.0000 -0.8234
vn 0.5814 -0.0000 0.8136
vn -0.5814 -0.0000 -0.8136
vn 0.5937 -0.0000 0.8047
vn -0.5933 -0.0000 -0.8050
vn 0.6405 -0.0000 0.7679
vn -0.6393 -0.0000 -0.7690
vn 0.7346 -0.0000 0.6785
vn -0.7344 -0.0000 -0.6787
vn 0.8197 -0.0000 0.5728
vn -0.8204 -0.0000 -0.5718
vn 0.8740 -0.0000 0.4859
vn -0.8743 -0.0000 -0.4854
vn 0.9096 -0.0000 0.4156
vn -0.9097 -0.0000 -0.4153
vn 0.9338 -0.0000 0.3579
vn -0.9338 -0.0000 -0.3578
vn 0.9509 -0.0000 0.3095
vn -0.9509 -0.0000 -0.3095
vn 0.9634 -0.0000 0.2680
vn -0.9634 -0.0000 -0.2680
vn 0.9729 -0.0000 0.2314
vn -0.9729 -0.0000 -0.2314
vn 0.9802 -0.0000 0.1982
vn -0.9802 -0.0000 -0.1982
vn 0.9859 -0.0000 0.1673
vn -0.9859 -0.0000 -0.1673
vn 0.9905 -0.0000 0.1374
vn -0.9905 -0.0000 -0.1376
vt 0.000000 1.000000
vt 0.008333 1.000000
vt 0.008333 0.000000
vt 0.000000 0.000000
vt 0.016667 1.000000
vt 0.016667 0.000000
vt 0.025000 1.000000
vt 0.025000 0.000000
vt 0.033333 1.000000
vt 0.033333 0.000000
vt 0.041667 1.000000
vt 0.041667 0.000000
vt 0.050000 1.000000
vt 0.050000 0.000000
vt 0.058333 1.000000
vt 0.058333 0.000000
vt 0.066667 1.000000
vt 0.066667 0.000000
vt 0.075000 1.000000
vt 0.075000 0.000000
vt 0.083333 1.000000
vt 0.083333 0.000000
vt 0.091667 1.000000
vt 0.091667 0.000000
vt 0.100000 1.000000
vt 0.100000 0.000000
vt 0.108333 1.000000
vt 0.108333 0.000000
vt 0.116667 1.000000
vt 0.116667 0.000000
vt 0.125000 1.000000
vt 0.125000 0.000000
vt 0.133333 1.000000
vt 0.133333 0.000000
vt 0.141667 1.000000
vt 0.141667 0.000000
vt 0.150000 1.000000
vt 0.150000 0.000000
vt 0.158333 1.000000
vt 0.158333 0.000000
vt 0.166667 1.000000
vt 0.166667 0.000000
vt 0.175000 1.000000
vt 0.175000 0.000000
vt 0.183333 1.000000
vt 0.183333 0.000000
vt 0.191667 1.000000
vt 0.191667 0.000000
vt 0.200000 1.000000
vt 0.200000 0.000000
vt 0.208333 1.000000
vt 0.208333 0.000000
vt 0.216667 1.000000
vt 0.216667 0.000000
vt 0.225000 1.000000
vt 0.225000 0.000000
vt 0.233333 1.000000
vt 0.233333 0.000000
vt 0.241667 1.000000
vt 0.241667 0.000000
vt 0.250000 1.000000
vt 0.250000 0.000000
vt 0.258333 1.000000
vt 0.258333 0.000000
vt 0.266667 1.000000
vt 0.266667 0.000000
vt 0.275000 1.000000
vt 0.275000 0.000000
vt 0.283333 1.000000
vt 0.283333 0.000000
vt 0.291667 1.000000
vt 0.291667 0.000000
vt 0.300000 1.000000
vt 0.300000 0.000000
vt 0.308333 1.000000
vt 0.308333 0.000000
vt 0.316667 1.000000
vt 0.316667 0.000000
vt 0.325000 1.000000
vt 0.325000 0.000000
vt 0.333333 1.000000
vt 0.333333 0.000000
vt 0.341667 1.000000
vt 0.341667 0.000000
vt 0.350000 1.000000
vt 0.350000 0.000000
vt 0.358333 1.000000
vt 0.358333 0.000000
vt 0.366667 1.000000
vt 0.366667 0.000000
vt 0.375000 1.000000
vt 0.375000 0.000000
vt 0.383333 1.000000
vt 0.383333 0.000000
vt 0.391667 1.000000
vt 0.391667 0.000000
vt 0.400000 1.000000
vt 0.400000 0.000000
vt 0.408333 1.000000
vt 0.408333 0.000000
vt 0.416667 1.000000
vt 0.416667 0.000000
vt 0.425000 1.000000
vt 0.425000 0.000000
vt 0.433333 1.000000
vt 0.433333 0.000000
vt 0.441667 1.000000
vt 0.441667 0.000000
vt 0.450000 1.000000
vt 0.450000 0.000000
vt 0.458333 1.000000
vt 0.458333 0.000000
vt 0.466667 1.000000
vt 0.466667 0.000000
vt 0.475000 1.000000
vt 0.475000 0.000000
vt 0.483333 1.000000
vt 0.483333 0.000000
vt 0.491667 1.000000
vt 0.491667 0.000000
vt 0.500000 1.000000
vt 0.500000 0.000000
vt 0.508333 1.000000
vt 0.508333 0.000000
vt 0.516667 1.000000
vt 0.516667 0.000000
vt 0.525000 1.000000
vt 0.525000 0.000000
vt 0.533333 1.000000
vt 0.533333 0.000000
vt 0.541667 1.000000
vt 0.541667 0.000000
vt 0.550000 1.000000
vt 0.550000 0.000000
vt 0.558333 1.000000
vt 0.558333 0.000000
vt 0.566667 1.000000
vt 0.566667 0.000000
vt 0.575000 1.000000
vt 0.575000 0.000000
vt 0.583333 1.000000
vt 0.583333 0.000000
vt 0.591667 1.000000
vt 0.591667 0.000000
vt 0.600000 1.000000
vt 0.600000 0.000000
vt 0.608333 1.000000
vt 0.608333 0.000000
vt 0.616667 1.000000
vt 0.616667 0.000000
vt 0.625000 1.000000
vt 0.625000 0.000000
vt 0.633333 1.000000
vt 0.633333 0.000000
vt 0.641667 1.000000
vt 0.641667 0.000000
vt 0.650000 1.000000
vt 0.650000 0.000000
vt 0.658333 1.000000
vt 0.658333 0.000000
vt 0.666667 1.000000
vt 0.666667 0.000000
vt 0.675000 1.000000
vt 0.675000 0.000000
vt 0.683333 1.000000
vt 0.683333 0.000000
vt 0.691667 1.000000
vt 0.691667 0.000000
vt 0.700000 1.000000
vt 0.700000 0.000000
vt 0.708333 1.000000
vt 0.708333 0.000000
vt 0.716667 1.000000
vt 0.716667 0.000000
vt 0.725000 1.000000
vt 0.725000 0.000000
vt 0.733333 1.000000
vt 0.733333 0.000000
vt 0.741667 1.000000
vt 0.741667 0.000000
vt 0.750000 1.000000
vt 0.750000 0.000000
vt 0.758333 1.000000
vt 0.758333 0.000000
vt 0.766667 1.000000
vt 0.766667 0.000000
vt 0.775000 1.000000
vt 0.775000 0.000000
vt 0.783333 1.000000
vt 0.783333 0.000000
vt 0.791667 1.000000
vt 0.791667 0.000000
vt 0.800000 1.000000
vt 0.800000 0.000000
vt 0.808333 1.000000
vt 0.808333 0.000000
vt 0.816667 1.000000
vt 0.816667 0.000000
vt 0.825000 1.000000
vt 0.825000 0.000000
vt 0.833333 1.000000
vt 0.833333 0.000000
vt 0.841667 1.000000
vt 0.841667 0.000000
vt 0.850000 1.000000
vt 0.850000 0.000000
vt 0.858333 1.000000
vt 0.858333 0.000000
vt 0.866667 1.000000
vt 0.866667 0.000000
vt 0.875000 1.000000
vt 0.875000 0.000000
vt 0.883333 1.000000
vt 0.883333 0.000000
vt 0.891667 1.000000
vt 0.891667 0.000000
vt 0.900000 1.000000
vt 0.900000 0.000000
vt 0.908333 1.000000
vt 0.908333 0.000000
vt 0.916667 1.000000
vt 0.916667 0.000000
vt 0.925000 1.000000
vt 0.925000 0.000000
vt 0.933333 1.000000
vt 0.933333 0.000000
vt 0.941667 1.000000
vt 0.941667 0.000000
vt 0.950000 1.000000
vt 0.950000 0.000000
vt 0.958333 1.000000
vt 0.958333 0.000000
vt 0.966667 1.000000
vt 0.966667 0.000000
vt 0.975000 1.000000
vt 0.975000 0.000000
vt 0.983333 1.000000
vt 0.983333 0.000000
vt 0.991667 1.000000
vt 0.991667 0.000000
vt 1.000000 1.000000
vt 1.000000 0.000000
s 1
usemtl Wall
f 859/120/768 861/121/768 860/122/768 858/123/768
f 861/121/768 863/124/768 862/125/768 860/122/768
f 863/124/768 865/126/768 864/127/768 862/125/768
f 865/126/768 867/128/768 866/129/768 864/127/768
f 867/128/768 869/130/768 868/131/768 866/129/768
f 869/130/768 871/132/768 870/133/768 868/131/768
f 871/132/768 873/134/768 872/135/768 870/133/768
f 873/134/768 875/136/768 874/137/768 872/135/768
f 875/136/768 877/138/768 876/139/768 874/137/768
f 877/138/768 879/140/768 878/141/768 876/139/768
f 879/140/768 881/142/768 880/143/768 878/141/768
f 881/142/768 883/144/768 882/145/768 880/143/768
f 883/144/768 885/146/768 884/147/768 882/145/768
f 885/146/768 887/148/768 886/149/768 884/147/768
f 887/148/768 889/150/768 888/151/768 886/149/768
f 889/150/768 891/152/768 890/153/768 888/151/768
f 891/152/768 893/154/768 892/155/768 890/153/768
f 893/154/768 895/156/768 894/157/768 892/155/768
f 895/156/768 897/158/768 896/159/768 894/157/768
f 897/158/768 899/160/768 898/161/768 896/159/768
f 899/160/768 901/162/768 900/163/768 898/161/768
f 901/162/768 903/164/768 902/165/768 900/163/768
f 903/164/768 905/166/768 904/167/768 902/165/768
f 905/166/768 907/168/768 906/169/768 904/167/768
f 907/168/768 909/170/768 908/171/768 906/169/768
f 909/170/768 911/172/768 910/173/768 908/171/768
f 911/172/768 913/174/768 912/175/768 910/173/768
f 913/174/768 915/176/768 914/177/768 912/175/768
f 915/176/768 917/178/768 916/179/768 914/177/768
f 917/178/768 919/180/768 918/181/768 916/179/768
f 919/180/768 921/182/768 920/183/768 918/181/768
f 921/182/768 923/184/768 922/185/768 920/183/768
f 923/184/768 925/186/768 924/187/768 922/185/768
f 925/186/768 927/188/768 926/189/768 924/187/768
f 927/188/768 929/190/768 928/191/768 926/189/768
f 929/190/768 931/192/768 930/193/768 928/191/768
f 931/192/768 933/194/768 932/195/768 930/193/768
f 933/194/768 935/196/768 934/197/768 932/195/768
f 935/196/768 937/198/768 936/199/768 934/197/768
f 937/198/768 939/200/768 938/201/768 936/199/768
f 939/200/768 941/202/768 940/203/768 938/201/768
f 941/202/768 943/204/768 942/205/768 940/203/768
f 943/204/768 945/206/768 944/207/768 942/205/768
f 945/206/768 947/208/768 946/209/768 944/207/768
f 947/208/768 949/210/768 948/211/768 946/209/768
f 949/210/768 951/212/768 950/213/768 948/211/768
f 951/212/768 953/214/768 952/215/768 950/213/768
f 953/214/768 955/216/768 954/217/768 952/215/768
f 955/216/768 957/218/768 956/219/768 954/217/768
f 957/218/768 959/220/768 958/221/768 956/219/768
f 959/220/768 961/222/768 960/223/768 958/221/768
f 961/222/768 963/224/768 962/225/768 960/223/768
f 963/224/768 965/226/768 964/227/768 962/225/768
f 965/226/768 967/228/768 966/229/768 964/227/768
f 967/228/768 969/230/768 968/231/768 966/229/768
f 969/230/768 971/232/768 970/233/768 968/231/768
f 971/232/768 973/234/768 972/235/768 970/233/768
f 973/234/768 975/236/768 974/237/768 972/235/768
f 975/236/768 977/238/768 976/239/768 974/237/768
f 977/238/768 979/240/768 978/241/768 976/239/768
f 979/240/768 981/242/768 980/243/768 978/241/768
f 981/242/768 983/244/768 982/245/768 980/243/768
f 983/244/768 985/246/768 984/247/768 982/245/768
f 985/246/768 987/248/768 986/249/768 984/247/768
f 987/248/768 989/250/768 988/251/768 986/249/768
f 989/250/768 991/252/768 990/253/768 988/251/768
f 991/252/768 993/254/768 992/255/768 990/253/768
f 993/254/768 995/256/768 994/257/768 992/255/768
f 995/256/768 997/258/768 996/259/768 994/257/768
f 997/258/768 999/260/768 998/261/768 996/259/768
f 999/260/768 1001/262/768 1000/263/768 998/261/768
f 1001/262/768 1003/264/768 1002/265/768 1000/263/768
f 1003/264/768 1005/266/768 1004/267/768 1002/265/768
f 1005/266/768 1007/268/768 1006/269/768 1004/267/768
f 1007/268/768 1009/270/768 1008/271/768 1006/269/768
f 1009/270/768 1011/272/768 1010/273/768 1008/271/768
f 1011/272/768 1013/274/768 1012/275/768 1010/273/768
f 1013/274/768 1015/276/768 1014/277/768 1012/275/768
f 1015/276/768 1017/278/768 1016/279/768 1014/277/768
f 1017/278/768 1019/280/768 1018/281/768 1016/279/768
f 1019/280/768 1021/282/768 1020/283/768 1018/281/768
f 1021/282/768 1023/284/768 1022/285/768 1020/283/768
f 1023/284/768 1025/286/768 1024/287/768 1022/285/768
f 1025/286/768 1027/288/768 1026/289/768 1024/287/768
f 1027/288/768 1029/290/768 1028/291/768 1026/289/768
f 1029/290/768 1031/292/768 1030/293/768 1028/291/768
f 1031/292/768 1033/294/768 1032/295/768 1030/293/768
f 1033/294/768 1035/296/768 1034/297/768 1032/295/768
f 1035/296/768 1037/298/768 1036/299/768 1034/297/768
f 1037/298/768 1039/300/768 1038/301/768 1036/299/768
f 1039/300/768 1041/302/768 1040/303/768 1038/301/768
f 1041/302/768 1043/304/768 1042/305/768 1040/303/768
f 1043/304/768 1045/306/768 1044/307/768 1042/305/768
f 1045/306/768 1047/308/768 1046/309/768 1044/307/768
f 1047/308/768 1049/310/768 1048/311/768 1046/309/768
f 1049/310/768 1051/312/768 1050/313/768 1048/311/768
f 1051/312/768 1053/314/768 1052/315/768 1050/313/768
f 1053/314/768 1055/316/768 1054/317/768 1052/315/768
f 1055/316/768 1057/318/768 1056/319/768 1054/317/768
f 1057/318/768 1059/320/768 1058/321/768 1056/319/768
f 1059/320/768 1061/322/768 1060/323/768 1058/321/768
f 1061/322/768 1063/324/768 1062/325/768 1060/323/768
f 1063/324/768 1065/326/768 1064/327/768 1062/325/768
f 1065/326/768 1067/328/768 1066/329/768 1064/327/768
f 1067/328/768 1069/330/768 1068/331/768 1066/329/768
f 1069/330/768 1071/332/768 1070/333/768 1068/331/768
f 1071/332/768 1073/334/768 1072/335/768 1070/333/768
f 1073/334/768 1075/336/768 1074/337/768 1072/335/768
f 1075/336/768 1077/338/768 1076/339/768 1074/337/768
f 1077/338/768 1079/340/768 1078/341/768 1076/339/768
f 1079/340/768 1081/342/768 1080/343/768 1078/341/768
f 1081/342/768 1083/344/768 1082/345/768 1080/343/768
f 1083/344/768 1085/346/768 1084/347/768 1082/345/768
f 1085/346/768 1087/348/768 1086/349/768 1084/347/768
f 1087/348/768 1089/350/768 1088/351/768 1086/349/768
f 1089/350/768 1091/352/768 1090/353/768 1088/351/768
f 1091/352/768 1093/354/768 1092/355/768 1090/353/768
f 1093/354/768 1095/356/768 1094/357/768 1092/355/768
f 1095/356/768 1097/358/768 1096/359/768 1094/357/768
f 1097/358/768 859/360/768 858/361/768 1096/359/768
f 1099/120/769 1098/123/769 1100/122/769 1101/121/769
f 1101/121/769 1100/122/769 1102/125/769 1103/124/769
f 1103/124/769 1102/125/769 1104/127/769 1105/126/769
f 1105/126/769 1104/127/769 1106/129/769 1107/128/769
f 1107/128/769 1106/129/769 1108/131/769 1109/130/769
f 1109/130/769 1108/131/769 1110/133/769 1111/132/769
f 1111/132/769 1110/133/769 1112/135/769 1113/134/769
f 1113/134/769 1112/135/769 1114/137/769 1115/136/769
f 1115/136/769 1114/137/769 1116/139/769 1117/138/769
f 1117/138/769 1116/139/769 1118/141/769 1119/140/769
f 1119/140/769 1118/141/769 1120/143/769 1121/142/769
f 1121/142/769 1120/143/769 1122/145/769 1123/144/769
f 1123/144/769 1122/145/769 1124/147/769 1125/146/769
f 1125/146/769 1124/147/769 1126/149/769 1127/148/769
f 1127/148/769 1126/149/769 1128/151/769 1129/150/769
f 1129/150/769 1128/151/769 1130/153/769 1131/152/769
f 1131/152/769 1130/153/769 1132/155/769 1133/154/769
f 1133/154/769 1132/155/769 1134/157/769 1135/156/769
f 1135/156/769 1134/157/769 1136/159/769 1137/158/769
f 1137/158/769 1136/159/769 1138/161/769 1139/160/769
f 1139/160/769 1138/161/769 1140/163/769 1141/162/769
f 1141/162/769 1140/163/769 1142/165/769 1143/164/769
f 1143/164/769 1142/165/769 1144/167/769 1145/166/769
f 1145/166/769 1144/167/769 1146/169/769 1147/168/769
f 1147/168/769 1146/169/769 1148/171/769 1149/170/769
f 1149/170/769 1148/171/769 1150/173/769 1151/172/769
f 1151/172/769 1150/173/769 1152/175/769 1153/174/769
f 1153/174/769 1152/175/769 1154/177/769 1155/176/769
f 1155/176/769 1154/177/769 1156/179/769 1157/178/769
f 1157/178/769 1156/179/769 1158/181/769 1159/180/769
f 1159/180/769 1158/181/769 1160/183/769 1161/182/769
f 1161/182/769 1160/183/769 1162/185/769 1163/184/769
f 1163/184/769 1162/185/769 1164/187/769 1165/186/769
f 1165/186/769 1164/187/769 1166/189/769 1167/188/769
f 1167/188/769 1166/189/769 1168/191/769 1169/190/769
f 1169/190/769 1168/191/769 1170/193/769 1171/192/769
f 1171/192/769 1170/193/769 1172/195/769 1173/194/769
f 1173/194/769 1172/195/769 1174/197/769 1175/196/769
f 1175/196/769 1174/197/769 1176/199/769 1177/198/769
f 1177/198/769 1176/199/769 1178/201/769 1179/200/769
f 1179/200/769 1178/201/769 1180/203/769 1181/202/769
f 1181/202/769 1180/203/769 1182/205/769 1183/204/769
f 1183/204/769 1182/205/769 1184/207/769 1185/206/769
f 1185/206/769 1184/207/769 1186/209/769 1187/208/769
f 1187/208/769 1186/209/769 1188/211/769 1189/210/769
f 1189/210/769 1188/211/769 1190/213/769 1191/212/769
f 1191/212/769 1190/213/769 1192/215/769 1193/214/769
f 1193/214/769 1192/215/769 1194/217/769 1195/216/769
f 1195/216/769 1194/217/769 1196/219/769 1197/218/769
f 1197/218/769 1196/219/769 1198/221/769 1199/220/769
f 1199/220/769 1198/221/769 1200/223/769 1201/222/769
f 1201/222/769 1200/223/769 1202/225/769 1203/224/769
f 1203/224/769 1202/225/769 1204/227/769 1205/226/769
f 1205/226/769 1204/227/769 1206/229/769 1207/228/769
f 1207/228/769 1206/229/769 1208/231/769 1209/230/769
f 1209/230/769 1208/231/769 1210/233/769 1211/232/769
f 1211/232/769 1210/233/769 1212/235/769 1213/234/769
f 1213/234/769 1212/235/769 1214/237/769 1215/236/769
f 1215/236/769 1214/237/769 1216/239/769 1217/238/769
f 1217/238/769 1216/239/769 1218/241/769 1219/240/769
f 1219/240/769 1218/241/769 1220/243/769 1221/242/769
f 1221/242/769 1220/243/769 1222/245/769 1223/244/769
f 1223/244/769 1222/245/769 1224/247/769 1225/246/769
f 1225/246/769 1224/247/769 1226/249/769 1227/248/769
f 1227/248/769 1226/249/769 1228/251/769 1229/250/769
f 1229/250/769 1228/251/769 1230/253/769 1231/252/769
f 1231/252/769 1230/253/769 1232/255/769 1233/254/769
f 1233/254/769 1232/255/769 1234/257/769 1235/256/769
f 1235/256/769 1234/257/769 1236/259/769 1237/258/769
f 1237/258/769 1236/259/769 1238/261/769 1239/260/769
f 1239/260/769 1238/261/769 1240/263/769 1241/262/769
f 1241/262/769 1240/263/769 1242/265/769 1243/264/769
f 1243/264/769 1242/265/769 1244/267/769 1245/266/769
f 1245/266/769 1244/267/769 1246/269/769 1247/268/769
f 1247/268/769 1246/269/769 1248/271/769 1249/270/769
f 1249/270/769 1248/271/769 1250/273/769 1251/272/769
f 1251/272/769 1250/273/769 1252/275/769 1253/274/769
f 1253/274/769 1252/275/769 1254/277/769 1255/276/769
f 1255/276/769 1254/277/769 1256/279/769 1257/278/769
f 1257/278/769 1256/279/769 1258/281/769 1259/280/769
f 1259/280/769 1258/281/769 1260/283/769 1261/282/769
f 1261/282/769 1260/283/769 1262/285/769 1263/284/769
f 1263/284/769 1262/285/769 1264/287/769 1265/286/769
f 1265/286/769 1264/287/769 1266/289/769 1267/288/769
f 1267/288/769 1266/289/769 1268/291/769 1269/290/769
f 1269/290/769 1268/291/769 1270/293/769 1271/292/769
f 1271/292/769 1270/293/769 1272/295/769 1273/294/769
f 1273/294/769 1272/295/769 1274/297/769 1275/296/769
f 1275/296/769 1274/297/769 1276/299/769 1277/298/769
f 1277/298/769 1276/299/769 1278/301/769 1279/300/769
f 1279/300/769 1278/301/769 1280/303/769 1281/302/769
f 1281/302/769 1280/303/769 1282/305/769 1283/304/769
f 1283/304/769 1282/305/769 1284/307/769 1285/306/769
f 1285/306/769 1284/307/769 1286/309/769 1287/308/769
f 1287/308/769 1286/309/769 1288/311/769 1289/310/769
f 1289/310/769 1288/311/769 1290/313/769 1291/312/769
f 1291/312/769 1290/313/769 1292/315/769 1293/314/769
f 1293/314/769 1292/315/769 1294/317/769 1295/316/769
f 1295/316/769 1294/317/769 1296/319/769 1297/318/769
f 1297/318/769 1296/319/769 1298/321/769 1299/320/769
f 1299/320/769 1298/321/769 1300/323/769 1301/322/769
f 1301/322/769 1300/323/769 1302/325/769 1303/324/769
f 1303/324/769 1302/325/769 1304/327/769 1305/326/769
f 1305/326/769 1304/327/769 1306/329/769 1307/328/769
f 1307/328/769 1306/329/769 1308/331/769 1309/330/769
f 1309/330/769 1308/331/769 1310/333/769 1311/332/769
f 1311/332/769 1310/333/769 1312/335/769 1313/334/769
f 1313/334/769 1312/335/769 1314/337/769 1315/336/769
f 1315/336/769 1314/337/769 1316/339/769 1317/338/769
f 1317/338/769 1316/339/769 1318/341/769 1319/340/769
f 1319/340/769 1318/341/769 1320/343/769 1321/342/769
f 1321/342/769 1320/343/769 1322/345/769 1323/344/769
f 1323/344/769 1322/345/769 1324/347/769 1325/346/769
f 1325/346/769 1324/347/769 1326/349/769 1327/348/769
f 1327/348/769 1326/349/769 1328/351/769 1329/350/769
f 1329/350/769 1328/351/769 1330/353/769 1331/352/769
f 1331/352/769 1330/353/769 1332/355/769 1333/354/769
f 1333/354/769 1332/355/769 1334/357/769 1335/356/769
f 1335/356/769 1334/357/769 1336/359/769 1337/358/769
f 1337/358/769 1336/359/769 1098/361/769 1099/360/769
f 861/121/770 859/120/771 1099/120/771 1101/121/770
f 858/123/772 860/122/773 1100/122/773 1098/123/772
f 863/124/774 861/121/770 1101/121/770 1103/124/774
f 860/122/773 862/125/775 1102/125/775 1100/122/773
f 865/126/776 863/124/774 1103/124/774 1105/126/776
f 862/125/775 864/127/777 1104/127/777 1102/125/775
f 867/128/778 865/126/776 1105/126/776 1107/128/778
f 864/127/777 866/129/779 1106/129/779 1104/127/777
f 869/130/780 867/128/778 1107/128/778 1109/130/780
f 866/129/779 868/131/781 1108/131/781 1106/129/779
f 871/132/782 869/130/780 1109/130/780 1111/132/782
f 868/131/781 870/133/783 1110/133/783 1108/131/781
f 873/134/784 871/132/782 1111/132/782 1113/134/784
f 870/133/783 872/135/785 1112/135/785 1110/133/783
f 875/136/786 873/134/784 1113/134/784 1115/136/786
f 872/135/785 874/137/787 1114/137/787 1112/135/785
f 877/138/788 875/136/786 1115/136/786 1117/138/788
f 874/137/787 876/139/789 1116/139/789 1114/137/787
f 879/140/790 877/138/788 1117/138/788 1119/140/790
f 876/139/789 878/141/791 1118/141/791 1116/139/789
f 881/142/792 879/140/790 1119/140/790 1121/142/792
f 878/141/791 880/143/793 1120/143/793 1118/141/791
f 883/144/794 881/142/795 1121/142/795 1123/144/794
f 880/143/796 882/145/797 1122/145/797 1120/143/796
f 885/146/798 883/144/794 1123/144/794 1125/146/798
f 882/145/797 884/147/799 1124/147/799 1122/145/797
f 887/148/800 885/146/798 1125/146/798 1127/148/800
f 884/147/799 886/149/801 1126/149/801 1124/147/799
f 889/150/802 887/148/800 1127/148/800 1129/150/802
f 886/149/801 888/151/803 1128/151/803 1126/149/801
f 891/152/804 889/150/802 1129/150/802 1131/152/804
f 888/151/803 890/153/805 1130/153/805 1128/151/803
f 893/154/806 891/152/804 1131/152/804 1133/154/806
f 890/153/805 892/155/807 1132/155/807 1130/153/805
f 895/156/808 893/154/806 1133/154/806 1135/156/808
f 892/155/807 894/157/809 1134/157/809 1132/155/807
f 897/158/810 895/156/808 1135/156/808 1137/158/810
f 894/157/809 896/159/811 1136/159/811 1134/157/809
f 899/160/812 897/158/810 1137/158/810 1139/160/812
f 896/159/811 898/161/813 1138/161/813 1136/159/811
f 901/162/814 899/160/812 1139/160/812 1141/162/814
f 898/161/813 900/163/815 1140/163/815 1138/161/813
f 903/164/816 901/162/814 1141/162/814 1143/164/816
f 900/163/815 902/165/817 1142/165/817 1140/163/815
f 905/166/818 903/164/816 1143/164/816 1145/166/818
f 902/165/817 904/167/819 1144/167/819 1142/165/817
f 907/168/820 905/166/818 1145/166/818 1147/168/820
f 904/167/819 906/169/821 1146/169/821 1144/167/819
f 909/170/822 907/168/820 1147/168/820 1149/170/822
f 906/169/821 908/171/823 1148/171/823 1146/169/821
f 911/172/824 909/170/822 1149/170/822 1151/172/824
f 908/171/823 910/173/825 1150/173/825 1148/171/823
f 913/174/826 911/172/824 1151/172/824 1153/174/826
f 910/173/825 912/175/827 1152/175/827 1150/173/825
f 915/176/828 913/174/826 1153/174/826 1155/176/828
f 912/175/827 914/177/829 1154/177/829 1152/175/827
f 917/178/830 915/176/828 1155/176/828 1157/178/830
f 914/177/829 916/179/831 1156/179/831 1154/177/829
f 919/180/832 917/178/830 1157/178/830 1159/180/832
f 916/179/831 918/181/833 1158/181/833 1156/179/831
f 921/182/834 919/180/832 1159/180/832 1161/182/834
f 918/181/833 920/183/835 1160/183/835 1158/181/833
f 923/184/836 921/182/834 1161/182/834 1163/184/836
f 920/183/835 922/185/837 1162/185/837 1160/183/835
f 925/186/838 923/184/836 1163/184/836 1165/186/838
f 922/185/837 924/187/839 1164/187/839 1162/185/837
f 927/188/840 925/186/838 1165/186/838 1167/188/840
f 924/187/839 926/189/841 1166/189/841 1164/187/839
f 929/190/842 927/188/840 1167/188/840 1169/190/842
f 926/189/841 928/191/843 1168/191/843 1166/189/841
f 931/192/844 929/190/842 1169/190/842 1171/192/844
f 928/191/843 930/193/845 1170/193/845 1168/191/843
f 933/194/846 931/192/844 1171/192/844 1173/194/846
f 930/193/845 932/195/847 1172/195/847 1170/193/845
f 935/196/848 933/194/846 1173/194/846 1175/196/848
f 932/195/847 934/197/849 1174/197/849 1172/195/847
f 937/198/850 935/196/848 1175/196/848 1177/198/850
f 934/197/849 936/199/851 1176/199/851 1174/197/849
f 939/200/852 937/198/850 1177/198/850 1179/200/852
f 936/199/851 938/201/853 1178/201/853 1176/199/851
f 941/202/854 939/200/852 1179/200/852 1181/202/854
f 938/201/853 940/203/855 1180/203/855 1178/201/853
f 943/204/856 941/202/854 1181/202/854 1183/204/856
f 940/203/855 942/205/857 1182/205/857 1180/203/855
f 945/206/858 943/204/856 1183/204/856 1185/206/858
f 942/205/857 944/207/859 1184/207/859 1182/205/857
f 947/208/860 945/206/858 1185/206/858 1187/208/860
f 944/207/859 946/209/861 1186/209/861 1184/207/859
f 949/210/862 947/208/860 1187/208/860 1189/210/862
f 946/209/861 948/211/863 1188/211/863 1186/209/861
f 951/212/864 949/210/862 1189/210/862 1191/212/864
f 948/211/863 950/213/865 1190/213/865 1188/211/863
f 953/214/866 951/212/864 1191/212/864 1193/214/866
f 950/213/865 952/215/867 1192/215/867 1190/213/865
f 955/216/868 953/214/866 1193/214/866 1195/216/868
f 952/215/867 954/217/869 1194/217/869 1192/215/867
f 957/218/870 955/216/868 1195/216/868 1197/218/870
f 954/217/869 956/219/871 1196/219/871 1194/217/869
f 959/220/872 957/218/870 1197/218/870 1199/220/872
f 956/219/871 958/221/873 1198/221/873 1196/219/871
f 961/222/874 959/220/872 1199/220/872 1201/222/874
f 958/221/873 960/223/875 1200/223/875 1198/221/873
f 963/224/876 961/222/874 1201/222/874 1203/224/876
f 960/223/875 962/225/877 1202/225/877 1200/223/875
f 965/226/878 963/224/876 1203/224/876 1205/226/878
f 962/225/877 964/227/879 1204/227/879 1202/225/877
f 967/228/880 965/226/878 1205/226/878 1207/228/880
f 964/227/879 966/229/881 1206/229/881 1204/227/879
f 969/230/882 967/228/880 1207/228/880 1209/230/882
f 966/229/881 968/231/883 1208/231/883 1206/229/881
f 971/232/884 969/230/882 1209/230/882 1211/232/884
f 968/231/883 970/233/885 1210/233/885 1208/231/883
f 973/234/886 971/232/884 1211/232/884 1213/234/886
f 970/233/885 972/235/887 1212/235/887 1210/233/885
f 975/236/888 973/234/886 1213/234/886 1215/236/888
f 972/235/887 974/237/889 1214/237/889 1212/235/887
f 977/238/890 975/236/888 1215/236/888 1217/238/891
f 974/237/889 976/239/892 1216/239/892 1214/237/889
f 979/240/893 977/238/890 1217/238/891 1219/240/893
f 976/239/892 978/241/894 1218/241/894 1216/239/892
f 981/242/895 979/240/893 1219/240/893 1221/242/895
f 978/241/894 980/243/896 1220/243/896 1218/241/894
f 983/244/897 981/242/895 1221/242/895 1223/244/897
f 980/243/896 982/245/898 1222/245/898 1220/243/896
f 985/246/899 983/244/897 1223/244/897 1225/246/899
f 982/245/898 984/247/804 1224/247/804 1222/245/898
f 987/248/900 985/246/899 1225/246/899 1227/248/900
f 984/247/804 986/249/901 1226/249/901 1224/247/804
f 989/250/902 987/248/900 1227/248/900 1229/250/902
f 986/249/901 988/251/903 1228/251/903 1226/249/901
f 991/252/904 989/250/902 1229/250/902 1231/252/904
f 988/251/903 990/253/905 1230/253/905 1228/251/903
f 993/254/906 991/252/904 1231/252/904 1233/254/906
f 990/253/905 992/255/907 1232/255/907 1230/253/905
f 995/256/908 993/254/906 1233/254/906 1235/256/908
f 992/255/907 994/257/909 1234/257/909 1232/255/907
f 997/258/910 995/256/908 1235/256/908 1237/258/910
f 994/257/909 996/259/911 1236/259/911 1234/257/909
f 999/260/912 997/258/910 1237/258/910 1239/260/912
f 996/259/911 998/261/913 1238/261/913 1236/259/911
f 1001/262/914 999/260/912 1239/260/912 1241/262/914
f 998/261/913 1000/263/915 1240/263/915 1238/261/913
f 1003/264/916 1001/262/914 1241/262/914 1243/264/916
f 1000/263/915 1002/265/917 1242/265/917 1240/263/915
f 1005/266/918 1003/264/916 1243/264/916 1245/266/918
f 1002/265/917 1004/267/919 1244/267/919 1242/265/917
f 1007/268/920 1005/266/918 1245/266/918 1247/268/920
f 1004/267/919 1006/269/921 1246/269/921 1244/267/919
f 1009/270/922 1007/268/920 1247/268/920 1249/270/922
f 1006/269/921 1008/271/923 1248/271/923 1246/269/921
f 1011/272/924 1009/270/922 1249/270/922 1251/272/924
f 1008/271/923 1010/273/925 1250/273/925 1248/271/923
f 1013/274/926 1011/272/924 1251/272/924 1253/274/926
f 1010/273/925 1012/275/927 1252/275/927 1250/273/925
f 1015/276/928 1013/274/926 1253/274/926 1255/276/928
f 1012/275/927 1014/277/929 1254/277/929 1252/275/927
f 1017/278/930 1015/276/928 1255/276/928 1257/278/930
f 1014/277/929 1016/279/931 1256/279/931 1254/277/929
f 1019/280/932 1017/278/930 1257/278/930 1259/280/932
f 1016/279/931 1018/281/933 1258/281/933 1256/279/931
f 1021/282/934 1019/280/932 1259/280/932 1261/282/934
f 1018/281/933 1020/283/935 1260/283/935 1258/281/933
f 1023/284/936 1021/282/934 1261/282/934 1263/284/936
f 1020/283/935 1022/285/937 1262/285/937 1260/283/935
f 1025/286/938 1023/284/936 1263/284/936 1265/286/938
f 1022/285/937 1024/287/939 1264/287/939 1262/285/937
f 1027/288/940 1025/286/938 1265/286/938 1267/288/940
f 1024/287/939 1026/289/941 1266/289/941 1264/287/939
f 1029/290/942 1027/288/940 1267/288/940 1269/290/942
f 1026/289/941 1028/291/943 1268/291/943 1266/289/941
f 1031/292/944 1029/290/942 1269/290/942 1271/292/944
f 1028/291/943 1030/293/945 1270/293/945 1268/291/943
f 1033/294/946 1031/292/944 1271/292/944 1273/294/946
f 1030/293/945 1032/295/947 1272/295/947 1270/293/945
f 1035/296/948 1033/294/946 1273/294/946 1275/296/948
f 1032/295/947 1034/297/949 1274/297/949 1272/295/947
f 1037/298/950 1035/296/948 1275/296/948 1277/298/950
f 1034/297/949 1036/299/951 1276/299/951 1274/297/949
f 1039/300/952 1037/298/950 1277/298/950 1279/300/952
f 1036/299/951 1038/301/953 1278/301/953 1276/299/951
f 1041/302/954 1039/300/952 1279/300/952 1281/302/954
f 1038/301/953 1040/303/955 1280/303/955 1278/301/953
f 1043/304/956 1041/302/954 1281/302/954 1283/304/956
f 1040/303/955 1042/305/957 1282/305/957 1280/303/955
f 1045/306/958 1043/304/956 1283/304/956 1285/306/958
f 1042/305/957 1044/307/959 1284/307/959 1282/305/957
f 1047/308/960 1045/306/958 1285/306/958 1287/308/960
f 1044/307/959 1046/309/961 1286/309/961 1284/307/959
f 1049/310/962 1047/308/960 1287/308/960 1289/310/962
f 1046/309/961 1048/311/963 1288/311/963 1286/309/961
f 1051/312/964 1049/310/962 1289/310/962 1291/312/964
f 1048/311/963 1050/313/965 1290/313/965 1288/311/963
f 1053/314/966 1051/312/964 1291/312/964 1293/314/966
f 1050/313/965 1052/315/967 1292/315/967 1290/313/965
f 1055/316/968 1053/314/966 1293/314/966 1295/316/968
f 1052/315/967 1054/317/969 1294/317/969 1292/315/967
f 1057/318/970 1055/316/968 1295/316/968 1297/318/970
f 1054/317/969 1056/319/971 1296/319/971 1294/317/969
f 1059/320/972 1057/318/970 1297/318/970 1299/320/972
f 1056/319/971 1058/321/973 1298/321/973 1296/319/971
f 1061/322/974 1059/320/972 1299/320/972 1301/322/974
f 1058/321/973 1060/323/975 1300/323/975 1298/321/973
f 1063/324/976 1061/322/974 1301/322/974 1303/324/976
f 1060/323/975 1062/325/977 1302/325/977 1300/323/975
f 1065/326/978 1063/324/976 1303/324/976 1305/326/978
f 1062/325/977 1064/327/979 1304/327/979 1302/325/977
f 1067/328/980 1065/326/978 1305/326/978 1307/328/980
f 1064/327/979 1066/329/981 1306/329/981 1304/327/979
f 1069/330/982 1067/328/980 1307/328/980 1309/330/982
f 1066/329/981 1068/331/983 1308/331/983 1306/329/981
f 1071/332/984 1069/330/982 1309/330/982 1311/332/984
f 1068/331/983 1070/333/985 1310/333/985 1308/331/983
f 1073/334/986 1071/332/984 1311/332/984 1313/334/986
f 1070/333/985 1072/335/987 1312/335/987 1310/333/985
f 1075/336/988 1073/334/986 1313/334/986 1315/336/988
f 1072/335/987 1074/337/989 1314/337/989 1312/335/987
f 1077/338/990 1075/336/988 1315/336/988 1317/338/990
f 1074/337/989 1076/339/991 1316/339/991 1314/337/989
f 1079/340/992 1077/338/990 1317/338/990 1319/340/992
f 1076/339/991 1078/341/993 1318/341/993 1316/339/991
f 1081/342/994 1079/340/992 1319/340/992 1321/342/994
f 1078/341/993 1080/343/995 1320/343/995 1318/341/993
f 1083/344/996 1081/342/994 1321/342/994 1323/344/996
f 1080/343/995 1082/345/997 1322/345/997 1320/343/995
f 1085/346/998 1083/344/996 1323/344/996 1325/346/998
f 1082/345/997 1084/347/999 1324/347/999 1322/345/997
f 1087/348/1000 1085/346/998 1325/346/998 1327/348/1000
f 1084/347/999 1086/349/1001 1326/349/1001 1324/347/999
f 1089/350/1002 1087/348/1000 1327/348/1000 1329/350/1002
f 1086/349/1001 1088/351/1003 1328/351/1003 1326/349/1001
f 1091/352/1004 1089/350/1002 1329/350/1002 1331/352/1004
f 1088/351/1003 1090/353/1005 1330/353/1005 1328/351/1003
f 1093/354/1006 1091/352/1004 1331/352/1004 1333/354/1006
f 1090/353/1005 1092/355/1007 1332/355/1007 1330/353/1005
f 1095/356/1008 1093/354/1006 1333/354/1006 1335/356/1008
f 1092/355/1007 1094/357/1009 1334/357/1009 1332/355/1007
f 1097/358/1010 1095/356/1008 1335/356/1008 1337/358/1010
f 1094/357/1009 1096/359/1011 1336/359/1011 1334/357/1009
f 859/360/771 1097/358/1010 1337/358/1010 1099/360/771
f 1096/359/1011 858/361/772 1098/361/772 1336/359/1011
o OuterWall
v 101.143501 5.667816 20.247162
v 104.132683 5.667815 20.501701
v 101.401772 5.667816 14.745746
v 104.401756 5.667815 14.737423
v 101.098396 5.667816 8.969693
v 104.086708 5.667815 8.705108
v 100.354698 5.667816 3.021073
v 103.321007 5.667815 2.572722
v 99.292976 5.667816 -2.956900
v 102.237160 5.667815 -3.532915
v 98.038033 5.667816 -8.824373
v 100.965157 5.667815 -9.481619
v 96.715668 5.667816 -14.444757
v 99.634003 5.667815 -15.139948
v 95.451836 5.667816 -19.685364
v 98.372536 5.667815 -20.370560
v 94.372314 5.667816 -24.420139
v 97.309784 5.667815 -25.029469
v 93.603470 5.667816 -28.538742
v 96.574173 5.667815 -28.956978
v 93.282990 5.667816 -31.979000
v 96.282806 5.667815 -31.945232
v 93.669113 5.667816 -34.816734
v 96.432251 5.667815 -33.648376
v 95.022194 5.667817 -36.544544
v 97.016960 5.667815 -34.303799
v 98.074966 5.667816 -38.488106
v 100.059952 5.667815 -36.238701
v 99.952621 5.667816 -40.760872
v 102.515259 5.667815 -39.201096
v 101.153282 5.667816 -43.597736
v 104.031975 5.667815 -42.753269
v 101.721924 5.667816 -46.965153
v 104.712372 5.667815 -46.725941
v 101.685463 5.667816 -50.775642
v 104.676781 5.667815 -51.003761
v 101.086777 5.667816 -54.914959
v 104.029541 5.667815 -55.498150
v 99.984703 5.667816 -59.265156
v 102.859062 5.667816 -60.124241
v 98.446915 5.667816 -63.711567
v 101.244888 5.667815 -64.793869
v 96.545372 5.667816 -68.143158
v 99.262306 5.667816 -69.415253
v 94.354179 5.667816 -72.451355
v 96.984459 5.667815 -73.894150
v 91.949020 5.667816 -76.528900
v 94.482880 5.667815 -78.134995
v 89.402390 5.667816 -80.275665
v 91.832321 5.667815 -82.035049
v 85.889236 5.667816 -84.835770
v 88.213654 5.667815 -86.732361
v 82.477142 5.667816 -88.786880
v 84.685226 5.667815 -90.817734
v 79.155998 5.667816 -92.178909
v 81.226418 5.667815 -94.349930
v 75.910263 5.667816 -95.068832
v 77.822037 5.667815 -97.380783
v 72.722984 5.667816 -97.514221
v 74.458321 5.667815 -99.961380
v 69.575447 5.667816 -99.572861
v 71.123268 5.667816 -102.142731
v 66.447365 5.667816 -101.301910
v 67.806435 5.667815 -103.976410
v 63.317513 5.667816 -102.757324
v 64.498314 5.667815 -105.515167
v 60.164753 5.667816 -103.993607
v 61.189312 5.667815 -106.813232
v 56.968994 5.667816 -105.064133
v 57.868805 5.667815 -107.926010
v 53.711704 5.667816 -106.021652
v 54.524593 5.667815 -108.909424
v 50.411198 5.667816 -106.910187
v 51.107616 5.667815 -109.828232
v 42.221359 5.667816 -108.620712
v 42.680733 5.667815 -111.585327
v 34.386570 5.667816 -109.420486
v 34.536770 5.667815 -112.416718
v 26.799273 5.667816 -109.408463
v 26.648745 5.667815 -112.404678
v 19.383320 5.667816 -108.672714
v 18.958260 5.667815 -111.642441
v 12.064834 5.667816 -107.298996
v 11.404660 5.667815 -110.225449
v 4.773026 5.667816 -105.372421
v 3.924200 5.667815 -108.249832
v -2.560170 5.667817 -102.978836
v -3.549596 5.667815 -105.810974
v -10.001047 5.667816 -100.205536
v -11.084970 5.667815 -103.002869
v -17.615074 5.667816 -97.141296
v -18.750990 5.667815 -99.917923
v -25.467520 5.667817 -93.876236
v -26.616926 5.667815 -96.647308
v -33.623760 5.667816 -90.501404
v -34.751945 5.667815 -93.281189
v -42.142124 5.667816 -87.111343
v -43.232227 5.667815 -89.906281
v -48.938091 5.667816 -84.514389
v -50.006786 5.667815 -87.317581
v -55.718285 5.667817 -81.935501
v -56.793907 5.667815 -84.736038
v -62.407360 5.667816 -79.341476
v -63.512890 5.667815 -82.130356
v -68.926590 5.667816 -76.700882
v -70.086426 5.667815 -79.467606
v -75.196716 5.667817 -73.982864
v -76.437729 5.667815 -76.714142
v -81.138000 5.667817 -71.157593
v -82.490494 5.667815 -73.835419
v -86.670288 5.667816 -68.196564
v -88.168823 5.667815 -70.795486
v -91.713417 5.667817 -65.073257
v -93.396858 5.667815 -67.556412
v -96.188217 5.667816 -61.763805
v -98.097717 5.667815 -64.077637
v -100.018661 5.667817 -58.247150
v -102.191376 5.667815 -60.315800
v -103.135498 5.667816 -54.503147
v -105.591049 5.667815 -56.226597
v -105.487648 5.667816 -50.489113
v -108.191734 5.667815 -51.788311
v -107.881126 5.667816 -44.234097
v -110.746544 5.667815 -45.122593
v -109.529335 5.667816 -37.364491
v -112.480354 5.667815 -37.904362
v -110.470345 5.667816 -29.946888
v -113.460564 5.667815 -30.188892
v -110.748413 5.667816 -22.043655
v -113.748398 5.667815 -22.035683
v -110.410347 5.667816 -13.718914
v -113.402534 5.667815 -13.502472
v -109.505058 5.667816 -5.037102
v -112.479546 5.667816 -4.646690
v -108.082878 5.667816 3.937671
v -111.034569 5.667815 4.473908
v -106.195114 5.667816 13.141805
v -109.121780 5.667815 13.801060
v -103.893631 5.667816 22.512218
v -106.794785 5.667815 23.275978
v -101.230682 5.667816 31.986280
v -104.106812 5.667815 32.839432
v -98.258720 5.667816 41.501709
v -101.110893 5.667815 42.431839
v -95.025673 5.667816 51.010014
v -97.864586 5.667815 51.979832
v -92.918762 5.667816 57.148621
v -95.760239 5.667815 58.110916
v -90.904228 5.667816 63.178162
v -93.746773 5.667815 64.137283
v -88.909454 5.667816 69.032852
v -91.738739 5.667815 70.030411
v -86.856941 5.667816 74.664032
v -89.655571 5.667815 75.744637
v -84.670609 5.667816 80.023132
v -87.415283 5.667815 81.234238
v -82.275970 5.667816 85.062302
v -84.934280 5.667815 86.452774
v -79.600075 5.667816 89.735596
v -82.127449 5.667815 91.351883
v -76.570488 5.667816 94.000626
v -78.909157 5.667815 95.879608
v -73.112823 5.667816 97.820007
v -75.195724 5.667815 99.979065
v -69.147263 5.667816 101.160690
v -70.908890 5.667816 103.588989
v -64.586128 5.667816 103.990158
v -65.978264 5.667815 106.647598
v -59.328117 5.667816 106.273636
v -60.347092 5.667815 109.095291
v -52.083107 5.667816 108.381760
v -52.754890 5.667815 111.305573
v -44.907295 5.667816 109.601929
v -45.246811 5.667815 112.582657
v -37.766960 5.667816 110.018845
v -37.791321 5.667815 113.018753
v -30.621275 5.667816 109.717133
v -30.363993 5.667816 112.706085
v -23.432625 5.667816 108.779800
v -22.937195 5.667815 111.738602
v -16.166567 5.667816 107.289810
v -15.480113 5.667815 110.210220
v -8.790926 5.667816 105.331238
v -7.959666 5.667815 108.213776
v -1.274709 5.667816 102.989517
v -0.341594 5.667815 105.840714
v 6.412704 5.667816 100.351379
v 7.408735 5.667815 103.181213
v 14.302039 5.667816 97.504547
v 15.325854 5.667815 100.324448
v 22.424318 5.667816 94.537491
v 23.443991 5.667815 97.358887
v 30.788122 5.667816 91.547272
v 31.819799 5.667816 94.364304
v 36.749054 5.667816 89.312302
v 37.860199 5.667816 92.098938
v 42.557583 5.667816 86.855865
v 43.777134 5.667816 89.596802
v 48.209099 5.667816 84.214523
v 49.524498 5.667816 86.910767
v 53.677433 5.667816 81.432724
v 55.077740 5.667815 84.085861
v 58.936523 5.667816 78.554977
v 60.412201 5.667816 81.166946
v 63.960419 5.667816 75.625916
v 65.503113 5.667816 78.198868
v 68.723267 5.667816 72.690170
v 70.325607 5.667816 75.226410
v 73.199295 5.667816 69.792404
v 74.854721 5.667816 72.294312
v 77.362839 5.667816 66.977295
v 79.065414 5.667816 69.447357
v 81.188324 5.667816 64.289474
v 82.932541 5.667816 66.730316
v 84.650299 5.667816 61.773544
v 86.430832 5.667816 64.188026
v 87.669220 5.667816 59.517101
v 89.589096 5.667815 61.822323
v 89.287926 5.667816 58.023151
v 91.491402 5.667815 60.059002
v 90.822998 5.667816 56.072079
v 93.283035 5.667816 57.789120
v 92.304810 5.667816 53.659985
v 94.927216 5.667815 55.117023
v 93.711021 5.667816 50.841827
v 96.439857 5.667815 52.088219
v 95.027420 5.667816 47.673637
v 97.828781 5.667816 48.747124
v 96.244446 5.667816 44.210533
v 99.097137 5.667816 45.139072
v 97.355179 5.667816 40.506512
v 100.245438 5.667815 41.310524
v 98.354149 5.667816 36.614655
v 101.272728 5.667816 37.308853
v 99.236748 5.667816 32.587406
v 102.177223 5.667815 33.182068
v 99.998878 5.667816 28.476784
v 102.956612 5.667816 28.978603
v 100.636765 5.667816 24.334568
v 103.608261 5.667815 24.747135
v 101.143501 0.667817 20.247162
v 104.132683 0.667815 20.501701
v 101.401772 0.667816 14.745746
v 104.401756 0.667815 14.737423
v 101.098396 0.667816 8.969694
v 104.086708 0.667815 8.705109
v 100.354698 0.667816 3.021073
v 103.321007 0.667815 2.572722
v 99.292976 0.667816 -2.956899
v 102.237160 0.667816 -3.532915
v 98.038033 0.667816 -8.824373
v 100.965157 0.667815 -9.481619
v 96.715668 0.667816 -14.444757
v 99.634003 0.667815 -15.139948
v 95.451836 0.667816 -19.685364
v 98.372536 0.667815 -20.370560
v 94.372314 0.667816 -24.420139
v 97.309784 0.667815 -25.029469
v 93.603470 0.667816 -28.538742
v 96.574173 0.667815 -28.956978
v 93.282990 0.667817 -31.979000
v 96.282806 0.667815 -31.945232
v 93.669113 0.667816 -34.816734
v 96.432251 0.667815 -33.648376
v 95.022194 0.667816 -36.544544
v 97.016960 0.667815 -34.303799
v 98.074966 0.667816 -38.488106
v 100.059952 0.667815 -36.238701
v 99.952621 0.667816 -40.760872
v 102.515259 0.667816 -39.201096
v 101.153282 0.667816 -43.597736
v 104.031975 0.667816 -42.753269
v 101.721924 0.667816 -46.965153
v 104.712372 0.667816 -46.725941
v 101.685463 0.667816 -50.775642
v 104.676781 0.667816 -51.003761
v 101.086777 0.667816 -54.914959
v 104.029541 0.667816 -55.498150
v 99.984703 0.667816 -59.265156
v 102.859062 0.667816 -60.124241
v 98.446915 0.667816 -63.711567
v 101.244888 0.667816 -64.793869
v 96.545372 0.667816 -68.143158
v 99.262306 0.667816 -69.415253
v 94.354179 0.667816 -72.451355
v 96.984459 0.667815 -73.894150
v 91.949020 0.667816 -76.528900
v 94.482880 0.667815 -78.134995
v 89.402390 0.667816 -80.275665
v 91.832321 0.667815 -82.035049
v 85.889236 0.667816 -84.835770
v 88.213654 0.667815 -86.732361
v 82.477142 0.667816 -88.786880
v 84.685226 0.667815 -90.817734
v 79.155998 0.667816 -92.178909
v 81.226418 0.667815 -94.349930
v 75.910263 0.667816 -95.068832
v 77.822037 0.667815 -97.380783
v 72.722984 0.667816 -97.514221
v 74.458321 0.667815 -99.961380
v 69.575447 0.667816 -99.572861
v 71.123268 0.667816 -102.142731
v 66.447365 0.667816 -101.301910
v 67.806435 0.667815 -103.976410
v 63.317513 0.667816 -102.757324
v 64.498314 0.667815 -105.515167
v 60.164753 0.667816 -103.993607
v 61.189312 0.667815 -106.813232
v 56.968994 0.667816 -105.064133
v 57.868805 0.667815 -107.926010
v 53.711704 0.667816 -106.021652
v 54.524593 0.667815 -108.909424
v 50.411198 0.667816 -106.910187
v 51.107616 0.667815 -109.828232
v 42.221359 0.667816 -108.620712
v 42.680733 0.667815 -111.585327
v 34.386570 0.667816 -109.420486
v 34.536770 0.667815 -112.416718
v 26.799273 0.667816 -109.408463
v 26.648745 0.667815 -112.404678
v 19.383320 0.667816 -108.672714
v 18.958260 0.667815 -111.642441
v 12.064834 0.667816 -107.298996
v 11.404660 0.667815 -110.225449
v 4.773026 0.667816 -105.372421
v 3.924200 0.667815 -108.249832
v -2.560169 0.667817 -102.978836
v -3.549595 0.667815 -105.810974
v -10.001046 0.667816 -100.205536
v -11.084970 0.667815 -103.002869
v -17.615072 0.667817 -97.141296
v -18.750990 0.667815 -99.917923
v -25.467520 0.667817 -93.876236
v -26.616926 0.667815 -96.647308
v -33.623760 0.667817 -90.501404
v -34.751945 0.667815 -93.281189
v -42.142124 0.667817 -87.111343
v -43.232227 0.667815 -89.906281
v -48.938091 0.667817 -84.514389
v -50.006786 0.667815 -87.317581
v -55.718285 0.667817 -81.935501
v -56.793907 0.667815 -84.736038
v -62.407360 0.667817 -79.341476
v -63.512890 0.667815 -82.130356
v -68.926590 0.667817 -76.700882
v -70.086426 0.667815 -79.467606
v -75.196716 0.667817 -73.982864
v -76.437729 0.667815 -76.714142
v -81.138000 0.667816 -71.157593
v -82.490494 0.667815 -73.835419
v -86.670288 0.667817 -68.196564
v -88.168823 0.667815 -70.795486
v -91.713417 0.667817 -65.073257
v -93.396858 0.667815 -67.556412
v -96.188217 0.667816 -61.763805
v -98.097717 0.667815 -64.077637
v -100.018661 0.667816 -58.247150
v -102.191376 0.667815 -60.315800
v -103.135498 0.667816 -54.503147
v -105.591049 0.667815 -56.226597
v -105.487648 0.667816 -50.489113
v -108.191734 0.667815 -51.788311
v -107.881126 0.667816 -44.234097
v -110.746544 0.667815 -45.122593
v -109.529335 0.667816 -37.364491
v -112.480354 0.667815 -37.904362
v -110.470345 0.667816 -29.946888
v -113.460564 0.667815 -30.188892
v -110.748413 0.667816 -22.043655
v -113.748398 0.667815 -22.035683
v -110.410347 0.667816 -13.718914
v -113.402534 0.667815 -13.502472
v -109.505058 0.667816 -5.037102
v -112.479546 0.667816 -4.646690
v -108.082878 0.667816 3.937671
v -111.034569 0.667815 4.473908
v -106.195114 0.667816 13.141805
v -109.121780 0.667816 13.801059
v -103.893631 0.667816 22.512218
v -106.794785 0.667815 23.275978
v -101.230682 0.667816 31.986280
v -104.106812 0.667815 32.839432
v -98.258720 0.667816 41.501709
v -101.110893 0.667815 42.431839
v -95.025673 0.667816 51.010014
v -97.864586 0.667815 51.979832
v -92.918762 0.667816 57.148621
v -95.760239 0.667815 58.110916
v -90.904228 0.667816 63.178162
v -93.746773 0.667815 64.137283
v -88.909454 0.667816 69.032852
v -91.738739 0.667815 70.030411
v -86.856941 0.667816 74.664032
v -89.655571 0.667816 75.744637
v -84.670609 0.667816 80.023132
v -87.415283 0.667815 81.234238
v -82.275970 0.667816 85.062302
v -84.934280 0.667815 86.452774
v -79.600075 0.667816 89.735596
v -82.127449 0.667815 91.351883
v -76.570488 0.667816 94.000626
v -78.909157 0.667815 95.879608
v -73.112823 0.667816 97.820007
v -75.195724 0.667815 99.979065
v -69.147263 0.667816 101.160690
v -70.908890 0.667816 103.588989
v -64.586128 0.667816 103.990158
v -65.978264 0.667816 106.647598
v -59.328117 0.667816 106.273636
v -60.347092 0.667816 109.095291
v -52.083107 0.667816 108.381760
v -52.754890 0.667816 111.305573
v -44.907295 0.667816 109.601929
v -45.246811 0.667815 112.582657
v -37.766960 0.667816 110.018845
v -37.791321 0.667815 113.018753
v -30.621275 0.667816 109.717133
v -30.363993 0.667816 112.706085
v -23.432625 0.667816 108.779800
v -22.937195 0.667815 111.738602
v -16.166567 0.667816 107.289810
v -15.480113 0.667816 110.210220
v -8.790926 0.667816 105.331238
v -7.959666 0.667815 108.213776
v -1.274709 0.667816 102.989517
v -0.341595 0.667816 105.840714
v 6.412704 0.667816 100.351379
v 7.408735 0.667815 103.181213
v 14.302039 0.667816 97.504547
v 15.325854 0.667816 100.324448
v 22.424318 0.667816 94.537491
v 23.443991 0.667816 97.358887
v 30.788122 0.667816 91.547272
v 31.819799 0.667815 94.364304
v 36.749054 0.667816 89.312302
v 37.860199 0.667816 92.098938
v 42.557583 0.667816 86.855865
v 43.777134 0.667816 89.596802
v 48.209099 0.667816 84.214523
v 49.524498 0.667816 86.910767
v 53.677433 0.667816 81.432724
v 55.077740 0.667816 84.085861
v 58.936523 0.667816 78.554977
v 60.412201 0.667816 81.166946
v 63.960419 0.667816 75.625916
v 65.503113 0.667816 78.198868
v 68.723267 0.667816 72.690170
v 70.325607 0.667816 75.226410
v 73.199295 0.667816 69.792404
v 74.854721 0.667816 72.294312
v 77.362839 0.667816 66.977295
v 79.065414 0.667816 69.447357
v 81.188324 0.667816 64.289474
v 82.932541 0.667816 66.730316
v 84.650299 0.667816 61.773544
v 86.430832 0.667816 64.188026
v 87.669220 0.667816 59.517101
v 89.589096 0.667816 61.822323
v 89.287926 0.667816 58.023151
v 91.491402 0.667815 60.059002
v 90.822998 0.667816 56.072079
v 93.283035 0.667816 57.789120
v 92.304810 0.667816 53.659985
v 94.927216 0.667816 55.117023
v 93.711021 0.667816 50.841827
v 96.439857 0.667816 52.088219
v 95.027420 0.667816 47.673637
v 97.828781 0.667816 48.747124
v 96.244446 0.667816 44.210533
v 99.097137 0.667816 45.139072
v 97.355179 0.667816 40.506512
v 100.245438 0.667816 41.310524
v 98.354149 0.667816 36.614655
v 101.272728 0.667816 37.308853
v 99.236748 0.667816 32.587406
v 102.177223 0.667816 33.182068
v 99.998878 0.667816 28.476784
v 102.956612 0.667816 28.978603
v 100.636765 0.667816 24.334568
v 103.608261 0.667815 24.747135
vn -0.0000 1.0000 -0.0000
vn -0.0000 -1.0000 -0.0000
vn 1.0000 -0.0000 -0.0028
vn 0.9964 -0.0000 0.0847
vn -0.9964 -0.0000 -0.0850
vn -1.0000 -0.0000 0.0028
vn 0.9961 -0.0000 -0.0881
vn -0.9961 -0.0000 0.0883
vn 0.9888 -0.0000 -0.1494
vn -0.9888 -0.0000 0.1495
vn 0.9814 -0.0000 -0.1920
vn -0.9814 -0.0000 0.1920
vn 0.9757 -0.0000 -0.2191
vn -0.9757 -0.0000 0.2191
vn 0.9728 -0.0000 -0.2317
vn -0.9728 -0.0000 0.2317
vn 0.9736 -0.0000 -0.2284
vn -0.9736 -0.0000 0.2284
vn 0.9791 -0.0000 -0.2033
vn -0.9792 -0.0000 0.2029
vn 0.9901 -0.0000 -0.1407
vn -0.9904 -0.0000 0.1383
vn 1.0000 -0.0000 -0.0048
vn -0.9998 -0.0000 -0.0212
vn 0.9962 -0.0000 0.0874
vn -0.9909 -0.0000 -0.1348
vn 0.6475 -0.0000 0.7620
vn 0.7462 -0.0000 0.6657
vn -0.7873 -0.0000 -0.6166
vn -0.6718 -0.0000 -0.7407
vn 0.6613 -0.0000 0.7501
vn -0.6621 -0.0000 -0.7494
vn 0.8537 -0.0000 0.5208
vn -0.8549 -0.0000 -0.5188
vn 0.9592 -0.0000 0.2827
vn -0.9600 -0.0000 -0.2800
vn 0.9967 -0.0000 0.0806
vn -0.9969 -0.0000 -0.0788
vn 0.9971 -0.0000 -0.0756
vn -0.9971 -0.0000 0.0765
vn 0.9810 -0.0000 -0.1942
vn -0.9809 -0.0000 0.1946
vn 0.9582 -0.0000 -0.2863
vn -0.9581 -0.0000 0.2865
vn 0.9327 -0.0000 -0.3607
vn -0.9326 -0.0000 0.3608
vn 0.9057 -0.0000 -0.4240
vn -0.9056 -0.0000 0.4241
vn 0.8768 -0.0000 -0.4809
vn -0.8768 -0.0000 0.4809
vn 0.8446 -0.0000 -0.5354
vn -0.8446 -0.0000 0.5354
vn 0.8100 -0.0000 -0.5864
vn -0.8100 -0.0000 0.5865
vn 0.7748 -0.0000 -0.6322
vn -0.7748 -0.0000 0.6322
vn 0.7360 -0.0000 -0.6770
vn -0.7360 -0.0000 0.6769
vn 0.6901 -0.0000 -0.7237
vn -0.6902 -0.0000 0.7237
vn 0.6372 -0.0000 -0.7707
vn -0.6373 -0.0000 0.7706
vn 0.5784 -0.0000 -0.8157
vn -0.5785 -0.0000 0.8157
vn 0.5160 -0.0000 -0.8566
vn -0.5159 -0.0000 0.8566
vn 0.4531 -0.0000 -0.8915
vn -0.4530 -0.0000 0.8915
vn 0.3937 -0.0000 -0.9193
vn -0.3935 -0.0000 0.9193
vn 0.3416 -0.0000 -0.9399
vn -0.3415 -0.0000 0.9399
vn 0.3000 -0.0000 -0.9539
vn -0.2999 -0.0000 0.9540
vn 0.2709 -0.0000 -0.9626
vn -0.2710 -0.0000 0.9626
vn 0.2320 -0.0000 -0.9727
vn -0.2323 -0.0000 0.9726
vn 0.1530 -0.0000 -0.9882
vn -0.1532 -0.0000 0.9882
vn 0.0501 -0.0000 -0.9987
vn -0.0501 -0.0000 0.9987
vn -0.0501 -0.0000 -0.9987
vn 0.0502 -0.0000 0.9987
vn -0.1416 -0.0000 -0.9899
vn 0.1417 -0.0000 0.9899
vn -0.2200 -0.0000 -0.9755
vn 0.2201 -0.0000 0.9755
vn -0.2829 -0.0000 -0.9591
vn 0.2830 -0.0000 0.9591
vn -0.3298 -0.0000 -0.9441
vn 0.3298 -0.0000 0.9440
vn -0.3613 -0.0000 -0.9325
vn 0.3613 -0.0000 0.9324
vn -0.3786 -0.0000 -0.9255
vn 0.3786 -0.0000 0.9255
vn -0.3831 -0.0000 -0.9237
vn 0.3831 -0.0000 0.9237
vn -0.3761 -0.0000 -0.9266
vn 0.3761 -0.0000 0.9266
vn -0.3634 -0.0000 -0.9316
vn 0.3634 -0.0000 0.9316
vn -0.3562 -0.0000 -0.9344
vn 0.3562 -0.0000 0.9344
vn -0.3585 -0.0000 -0.9335
vn 0.3585 -0.0000 0.9335
vn -0.3685 -0.0000 -0.9296
vn 0.3685 -0.0000 0.9296
vn -0.3866 -0.0000 -0.9222
vn 0.3866 -0.0000 0.9222
vn -0.4137 -0.0000 -0.9104
vn 0.4136 -0.0000 0.9104
vn -0.4509 -0.0000 -0.8926
vn 0.4508 -0.0000 0.8926
vn -0.4996 -0.0000 -0.8663
vn 0.4995 -0.0000 0.8663
vn -0.5612 -0.0000 -0.8277
vn 0.5610 -0.0000 0.8278
vn -0.6366 -0.0000 -0.7712
vn 0.6363 -0.0000 0.7714
vn -0.7244 -0.0000 -0.6894
vn 0.7240 -0.0000 0.6898
vn -0.8186 -0.0000 -0.5743
vn -0.8186 -0.0000 -0.5744
vn 0.8184 -0.0000 0.5746
vn -0.9013 -0.0000 -0.4332
vn 0.9014 -0.0000 0.4329
vn -0.9551 -0.0000 -0.2964
vn 0.9552 -0.0000 0.2960
vn -0.9837 -0.0000 -0.1801
vn 0.9837 -0.0000 0.1798
vn -0.9967 -0.0000 -0.0807
vn -1.0000 -0.0000 0.0026
vn 1.0000 -0.0000 -0.0027
vn -0.9974 -0.0000 0.0721
vn 0.9974 -0.0000 -0.0722
vn -0.9915 -0.0000 0.1301
vn 0.9915 -0.0000 -0.1302
vn -0.9839 -0.0000 0.1787
vn 0.9839 -0.0000 -0.1788
vn -0.9756 -0.0000 0.2197
vn 0.9756 -0.0000 -0.2198
vn -0.9671 -0.0000 0.2546
vn 0.9670 -0.0000 -0.2546
vn -0.9587 -0.0000 0.2844
vn 0.9587 -0.0000 -0.2844
vn -0.9507 -0.0000 0.3100
vn 0.9507 -0.0000 -0.3100
vn -0.9463 -0.0000 0.3233
vn 0.9463 -0.0000 -0.3233
vn -0.9472 -0.0000 0.3208
vn 0.9472 -0.0000 -0.3208
vn -0.9475 -0.0000 0.3197
vn 0.9475 -0.0000 -0.3197
vn -0.9431 -0.0000 0.3325
vn 0.9431 -0.0000 -0.3325
vn -0.9329 -0.0000 0.3602
vn 0.9329 -0.0000 -0.3602
vn -0.9149 -0.0000 0.4038
vn 0.9149 -0.0000 -0.4036
vn -0.8861 -0.0000 0.4636
vn 0.8862 -0.0000 -0.4634
vn -0.8424 -0.0000 0.5389
vn 0.8425 -0.0000 -0.5386
vn -0.7795 -0.0000 0.6264
vn 0.7797 -0.0000 -0.6262
vn -0.6942 -0.0000 0.7198
vn 0.6944 -0.0000 -0.7196
vn -0.5872 -0.0000 0.8095
vn 0.5873 -0.0000 -0.8094
vn -0.4641 -0.0000 0.8858
vn 0.4640 -0.0000 -0.8858
vn -0.3398 -0.0000 0.9405
vn 0.3395 -0.0000 -0.9406
vn -0.2240 -0.0000 0.9746
vn 0.2239 -0.0000 -0.9746
vn -0.1132 -0.0000 0.9936
vn 0.1131 -0.0000 -0.9936
vn -0.0082 -0.0000 1.0000
vn 0.0081 -0.0000 -1.0000
vn 0.0857 -0.0000 0.9963
vn -0.0858 -0.0000 -0.9963
vn 0.1651 -0.0000 0.9863
vn -0.1652 -0.0000 -0.9863
vn 0.2288 -0.0000 0.9735
vn -0.2289 -0.0000 -0.9735
vn 0.2771 -0.0000 0.9609
vn -0.2771 -0.0000 -0.9608
vn 0.3110 -0.0000 0.9504
vn -0.3111 -0.0000 -0.9504
vn 0.3320 -0.0000 0.9433
vn -0.3320 -0.0000 -0.9433
vn 0.3413 -0.0000 0.9400
vn -0.3413 -0.0000 -0.9400
vn 0.3399 -0.0000 0.9405
vn -0.3399 -0.0000 -0.9405
vn 0.3439 -0.0000 0.9390
vn -0.3439 -0.0000 -0.9390
vn 0.3704 -0.0000 0.9289
vn -0.3704 -0.0000 -0.9289
vn 0.4065 -0.0000 0.9136
vn -0.4065 -0.0000 -0.9136
vn 0.4385 -0.0000 0.8988
vn -0.4385 -0.0000 -0.8987
vn 0.4668 -0.0000 0.8844
vn -0.4668 -0.0000 -0.8844
vn 0.4919 -0.0000 0.8707
vn -0.4919 -0.0000 -0.8707
vn 0.5142 -0.0000 0.8577
vn -0.5142 -0.0000 -0.8577
vn 0.5341 -0.0000 0.8454
vn -0.5341 -0.0000 -0.8454
vn 0.5518 -0.0000 0.8340
vn -0.5518 -0.0000 -0.8340
vn 0.5675 -0.0000 0.8234
vn -0.5675 -0.0000 -0.8234
vn 0.5814 -0.0000 0.8136
vn -0.5814 -0.0000 -0.8136
vn 0.5937 -0.0000 0.8047
vn -0.5933 -0.0000 -0.8050
vn 0.6405 -0.0000 0.7679
vn -0.6393 -0.0000 -0.7690
vn 0.7346 -0.0000 0.6785
vn -0.7344 -0.0000 -0.6787
vn 0.8197 -0.0000 0.5728
vn -0.8204 -0.0000 -0.5718
vn 0.8740 -0.0000 0.4859
vn -0.8743 -0.0000 -0.4854
vn 0.9096 -0.0000 0.4156
vn -0.9097 -0.0000 -0.4153
vn 0.9338 -0.0000 0.3579
vn -0.9338 -0.0000 -0.3578
vn 0.9509 -0.0000 0.3095
vn -0.9509 -0.0000 -0.3095
vn 0.9634 -0.0000 0.2680
vn -0.9634 -0.0000 -0.2680
vn 0.9729 -0.0000 0.2314
vn -0.9729 -0.0000 -0.2314
vn 0.9802 -0.0000 0.1982
vn -0.9802 -0.0000 -0.1982
vn 0.9859 -0.0000 0.1673
vn -0.9859 -0.0000 -0.1673
vn 0.9905 -0.0000 0.1374
vn -0.9905 -0.0000 -0.1376
vt 0.000000 1.000000
vt 0.008333 1.000000
vt 0.008333 0.000000
vt 0.000000 0.000000
vt 0.016667 1.000000
vt 0.016667 0.000000
vt 0.025000 1.000000
vt 0.025000 0.000000
vt 0.033333 1.000000
vt 0.033333 0.000000
vt 0.041667 1.000000
vt 0.041667 0.000000
vt 0.050000 1.000000
vt 0.050000 0.000000
vt 0.058333 1.000000
vt 0.058333 0.000000
vt 0.066667 1.000000
vt 0.066667 0.000000
vt 0.075000 1.000000
vt 0.075000 0.000000
vt 0.083333 1.000000
vt 0.083333 0.000000
vt 0.091667 1.000000
vt 0.091667 0.000000
vt 0.100000 1.000000
vt 0.100000 0.000000
vt 0.108333 1.000000
vt 0.108333 0.000000
vt 0.116667 1.000000
vt 0.116667 0.000000
vt 0.125000 1.000000
vt 0.125000 0.000000
vt 0.133333 1.000000
vt 0.133333 0.000000
vt 0.141667 1.000000
vt 0.141667 0.000000
vt 0.150000 1.000000
vt 0.150000 0.000000
vt 0.158333 1.000000
vt 0.158333 0.000000
vt 0.166667 1.000000
vt 0.166667 0.000000
vt 0.175000 1.000000
vt 0.175000 0.000000
vt 0.183333 1.000000
vt 0.183333 0.000000
vt 0.191667 1.000000
vt 0.191667 0.000000
vt 0.200000 1.000000
vt 0.200000 0.000000
vt 0.208333 1.000000
vt 0.208333 0.000000
vt 0.216667 1.000000
vt 0.216667 0.000000
vt 0.225000 1.000000
vt 0.225000 0.000000
vt 0.233333 1.000000
vt 0.233333 0.000000
vt 0.241667 1.000000
vt 0.241667 0.000000
vt 0.250000 1.000000
vt 0.250000 0.000000
vt 0.258333 1.000000
vt 0.258333 0.000000
vt 0.266667 1.000000
vt 0.266667 0.000000
vt 0.275000 1.000000
vt 0.275000 0.000000
vt 0.283333 1.000000
vt 0.283333 0.000000
vt 0.291667 1.000000
vt 0.291667 0.000000
vt 0.300000 1.000000
vt 0.300000 0.000000
vt 0.308333 1.000000
vt 0.308333 0.000000
vt 0.316667 1.000000
vt 0.316667 0.000000
vt 0.325000 1.000000
vt 0.325000 0.000000
vt 0.333333 1.000000
vt 0.333333 0.000000
vt 0.341667 1.000000
vt 0.341667 0.000000
vt 0.350000 1.000000
vt 0.350000 0.000000
vt 0.358333 1.000000
vt 0.358333 0.000000
vt 0.366667 1.000000
vt 0.366667 0.000000
vt 0.375000 1.000000
vt 0.375000 0.000000
vt 0.383333 1.000000
vt 0.383333 0.000000
vt 0.391667 1.000000
vt 0.391667 0.000000
vt 0.400000 1.000000
vt 0.400000 0.000000
vt 0.408333 1.000000
vt 0.408333 0.000000
vt 0.416667 1.000000
vt 0.416667 0.000000
vt 0.425000 1.000000
vt 0.425000 0.000000
vt 0.433333 1.000000
vt 0.433333 0.000000
vt 0.441667 1.000000
vt 0.441667 0.000000
vt 0.450000 1.000000
vt 0.450000 0.000000
vt 0.458333 1.000000
vt 0.458333 0.000000
vt 0.466667 1.000000
vt 0.466667 0.000000
vt 0.475000 1.000000
vt 0.475000 0.000000
vt 0.483333 1.000000
vt 0.483333 0.000000
vt 0.491667 1.000000
vt 0.491667 0.000000
vt 0.500000 1.000000
vt 0.500000 0.000000
vt 0.508333 1.000000
vt 0.508333 0.000000
vt 0.516667 1.000000
vt 0.516667 0.000000
vt 0.525000 1.000000
vt 0.525000 0.000000
vt 0.533333 1.000000
vt 0.533333 0.000000
vt 0.541667 1.000000
vt 0.541667 0.000000
vt 0.550000 1.000000
vt 0.550000 0.000000
vt 0.558333 1.000000
vt 0.558333 0.000000
vt 0.566667 1.000000
vt 0.566667 0.000000
vt 0.575000 1.000000
vt 0.575000 0.000000
vt 0.583333 1.000000
vt 0.583333 0.000000
vt 0.591667 1.000000
vt 0.591667 0.000000
vt 0.600000 1.000000
vt 0.600000 0.000000
vt 0.608333 1.000000
vt 0.608333 0.000000
vt 0.616667 1.000000
vt 0.616667 0.000000
vt 0.625000 1.000000
vt 0.625000 0.000000
vt 0.633333 1.000000
vt 0.633333 0.000000
vt 0.641667 1.000000
vt 0.641667 0.000000
vt 0.650000 1.000000
vt 0.650000 0.000000
vt 0.658333 1.000000
vt 0.658333 0.000000
vt 0.666667 1.000000
vt 0.666667 0.000000
vt 0.675000 1.000000
vt 0.675000 0.000000
vt 0.683333 1.000000
vt 0.683333 0.000000
vt 0.691667 1.000000
vt 0.691667 0.000000
vt 0.700000 1.000000
vt 0.700000 0.000000
vt 0.708333 1.000000
vt 0.708333 0.000000
vt 0.716667 1.000000
vt 0.716667 0.000000
vt 0.725000 1.000000
vt 0.725000 0.000000
vt 0.733333 1.000000
vt 0.733333 0.000000
vt 0.741667 1.000000
vt 0.741667 0.000000
vt 0.750000 1.000000
vt 0.750000 0.000000
vt 0.758333 1.000000
vt 0.758333 0.000000
vt 0.766667 1.000000
vt 0.766667 0.000000
vt 0.775000 1.000000
vt 0.775000 0.000000
vt 0.783333 1.000000
vt 0.783333 0.000000
vt 0.791667 1.000000
vt 0.791667 0.000000
vt 0.800000 1.000000
vt 0.800000 0.000000
vt 0.808333 1.000000
vt 0.808333 0.000000
vt 0.816667 1.000000
vt 0.816667 0.000000
vt 0.825000 1.000000
vt 0.825000 0.000000
vt 0.833333 1.000000
vt 0.833333 0.000000
vt 0.841667 1.000000
vt 0.841667 0.000000
vt 0.850000 1.000000
vt 0.850000 0.000000
vt 0.858333 1.000000
vt 0.858333 0.000000
vt 0.866667 1.000000
vt 0.866667 0.000000
vt 0.875000 1.000000
vt 0.875000 0.000000
vt 0.883333 1.000000
vt 0.883333 0.000000
vt 0.891667 1.000000
vt 0.891667 0.000000
vt 0.900000 1.000000
vt 0.900000 0.000000
vt 0.908333 1.000000
vt 0.908333 0.000000
vt 0.916667 1.000000
vt 0.916667 0.000000
vt 0.925000 1.000000
vt 0.925000 0.000000
vt 0.933333 1.000000
vt 0.933333 0.000000
vt 0.941667 1.000000
vt 0.941667 0.000000
vt 0.950000 1.000000
vt 0.950000 0.000000
vt 0.958333 1.000000
vt 0.958333 0.000000
vt 0.966667 1.000000
vt 0.966667 0.000000
vt 0.975000 1.000000
vt 0.975000 0.000000
vt 0.983333 1.000000
vt 0.983333 0.000000
vt 0.991667 1.000000
vt 0.991667 0.000000
vt 1.000000 1.000000
vt 1.000000 0.000000
s 1
usemtl Wall
f 1339/362/1012 1341/363/1012 1340/364/1012 1338/365/1012
f 1341/363/1012 1343/366/1012 1342/367/1012 1340/364/1012
f 1343/366/1012 1345/368/1012 1344/369/1012 1342/367/1012
f 1345/368/1012 1347/370/1012 1346/371/1012 1344/369/1012
f 1347/370/1012 1349/372/1012 1348/373/1012 1346/371/1012
f 1349/372/1012 1351/374/1012 1350/375/1012 1348/373/1012
f 1351/374/1012 1353/376/1012 1352/377/1012 1350/375/1012
f 1353/376/1012 1355/378/1012 1354/379/1012 1352/377/1012
f 1355/378/1012 1357/380/1012 1356/381/1012 1354/379/1012
f 1357/380/1012 1359/382/1012 1358/383/1012 1356/381/1012
f 1359/382/1012 1361/384/1012 1360/385/1012 1358/383/1012
f 1361/384/1012 1363/386/1012 1362/387/1012 1360/385/1012
f 1363/386/1012 1365/388/1012 1364/389/1012 1362/387/1012
f 1365/388/1012 1367/390/1012 1366/391/1012 1364/389/1012
f 1367/390/1012 1369/392/1012 1368/393/1012 1366/391/1012
f 1369/392/1012 1371/394/1012 1370/395/1012 1368/393/1012
f 1371/394/1012 1373/396/1012 1372/397/1012 1370/395/1012
f 1373/396/1012 1375/398/1012 1374/399/1012 1372/397/1012
f 1375/398/1012 1377/400/1012 1376/401/1012 1374/399/1012
f 1377/400/1012 1379/402/1012 1378/403/1012 1376/401/1012
f 1379/402/1012 1381/404/1012 1380/405/1012 1378/403/1012
f 1381/404/1012 1383/406/1012 1382/407/1012 1380/405/1012
f 1383/406/1012 1385/408/1012 1384/409/1012 1382/407/1012
f 1385/408/1012 1387/410/1012 1386/411/1012 1384/409/1012
f 1387/410/1012 1389/412/1012 1388/413/1012 1386/411/1012
f 1389/412/1012 1391/414/1012 1390/415/1012 1388/413/1012
f 1391/414/1012 1393/416/1012 1392/417/1012 1390/415/1012
f 1393/416/1012 1395/418/1012 1394/419/1012 1392/417/1012
f 1395/418/1012 1397/420/1012 1396/421/1012 1394/419/1012
f 1397/420/1012 1399/422/1012 1398/423/1012 1396/421/1012
f 1399/422/1012 1401/424/1012 1400/425/1012 1398/423/1012
f 1401/424/1012 1403/426/1012 1402/427/1012 1400/425/1012
f 1403/426/1012 1405/428/1012 1404/429/1012 1402/427/1012
f 1405/428/1012 1407/430/1012 1406/431/1012 1404/429/1012
f 1407/430/1012 1409/432/1012 1408/433/1012 1406/431/1012
f 1409/432/1012 1411/434/1012 1410/435/1012 1408/433/1012
f 1411/434/1012 1413/436/1012 1412/437/1012 1410/435/1012
f 1413/436/1012 1415/438/1012 1414/439/1012 1412/437/1012
f 1415/438/1012 1417/440/1012 1416/441/1012 1414/439/1012
f 1417/440/1012 1419/442/1012 1418/443/1012 1416/441/1012
f 1419/442/1012 1421/444/1012 1420/445/1012 1418/443/1012
f 1421/444/1012 1423/446/1012 1422/447/1012 1420/445/1012
f 1423/446/1012 1425/448/1012 1424/449/1012 1422/447/1012
f 1425/448/1012 1427/450/1012 1426/451/1012 1424/449/1012
f 1427/450/1012 1429/452/1012 1428/453/1012 1426/451/1012
f 1429/452/1012 1431/454/1012 1430/455/1012 1428/453/1012
f 1431/454/1012 1433/456/1012 1432/457/1012 1430/455/1012
f 1433/456/1012 1435/458/1012 1434/459/1012 1432/457/1012
f 1435/458/1012 1437/460/1012 1436/461/1012 1434/459/1012
f 1437/460/1012 1439/462/1012 1438/463/1012 1436/461/1012
f 1439/462/1012 1441/464/1012 1440/465/1012 1438/463/1012
f 1441/464/1012 1443/466/1012 1442/467/1012 1440/465/1012
f 1443/466/1012 1445/468/1012 1444/469/1012 1442/467/1012
f 1445/468/1012 1447/470/1012 1446/471/1012 1444/469/1012
f 1447/470/1012 1449/472/1012 1448/473/1012 1446/471/1012
f 1449/472/1012 1451/474/1012 1450/475/1012 1448/473/1012
f 1451/474/1012 1453/476/1012 1452/477/1012 1450/475/1012
f 1453/476/1012 1455/478/1012 1454/479/1012 1452/477/1012
f 1455/478/1012 1457/480/1012 1456/481/1012 1454/479/1012
f 1457/480/1012 1459/482/1012 1458/483/1012 1456/481/1012
f 1459/482/1012 1461/484/1012 1460/485/1012 1458/483/1012
f 1461/484/1012 1463/486/1012 1462/487/1012 1460/485/1012
f 1463/486/1012 1465/488/1012 1464/489/1012 1462/487/1012
f 1465/488/1012 1467/490/1012 1466/491/1012 1464/489/1012
f 1467/490/1012 1469/492/1012 1468/493/1012 1466/491/1012
f 1469/492/1012 1471/494/1012 1470/495/1012 1468/493/1012
f 1471/494/1012 1473/496/1012 1472/497/1012 1470/495/1012
f 1473/496/1012 1475/498/1012 1474/499/1012 1472/497/1012
f 1475/498/1012 1477/500/1012 1476/501/1012 1474/499/1012
f 1477/500/1012 1479/502/1012 1478/503/1012 1476/501/1012
f 1479/502/1012 1481/504/1012 1480/505/1012 1478/503/1012
f 1481/504/1012 1483/506/1012 1482/507/1012 1480/505/1012
f 1483/506/1012 1485/508/1012 1484/509/1012 1482/507/1012
f 1485/508/1012 1487/510/1012 1486/511/1012 1484/509/1012
f 1487/510/1012 1489/512/1012 1488/513/1012 1486/511/1012
f 1489/512/1012 1491/514/1012 1490/515/1012 1488/513/1012
f 1491/514/1012 1493/516/1012 1492/517/1012 1490/515/1012
f 1493/516/1012 1495/518/1012 1494/519/1012 1492/517/1012
f 1495/518/1012 1497/520/1012 1496/521/1012 1494/519/1012
f 1497/520/1012 1499/522/1012 1498/523/1012 1496/521/1012
f 1499/522/1012 1501/524/1012 1500/525/1012 1498/523/1012
f 1501/524/1012 1503/526/1012 1502/527/1012 1500/525/1012
f 1503/526/1012 1505/528/1012 1504/529/1012 1502/527/1012
f 1505/528/1012 1507/530/1012 1506/531/1012 1504/529/1012
f 1507/530/1012 1509/532/1012 1508/533/1012 1506/531/1012
f 1509/532/1012 1511/534/1012 1510/535/1012 1508/533/1012
f 1511/534/1012 1513/536/1012 1512/537/1012 1510/535/1012
f 1513/536/1012 1515/538/1012 1514/539/1012 1512/537/1012
f 1515/538/1012 1517/540/1012 1516/541/1012 1514/539/1012
f 1517/540/1012 1519/542/1012 1518/543/1012 1516/541/1012
f 1519/542/1012 1521/544/1012 1520/545/1012 1518/543/1012
f 1521/544/1012 1523/546/1012 1522/547/1012 1520/545/1012
f 1523/546/1012 1525/548/1012 1524/549/1012 1522/547/1012
f 1525/548/1012 1527/550/1012 1526/551/1012 1524/549/1012
f 1527/550/1012 1529/552/1012 1528/553/1012 1526/551/1012
f 1529/552/1012 1531/554/1012 1530/555/1012 1528/553/1012
f 1531/554/1012 1533/556/1012 1532/557/1012 1530/555/1012
f 1533/556/1012 1535/558/1012 1534/559/1012 1532/557/1012
f 1535/558/1012 1537/560/1012 1536/561/1012 1534/559/1012
f 1537/560/1012 1539/562/1012 1538/563/1012 1536/561/1012
f 1539/562/1012 1541/564/1012 1540/565/1012 1538/563/1012
f 1541/564/1012 1543/566/1012 1542/567/1012 1540/565/1012
f 1543/566/1012 1545/568/1012 1544/569/1012 1542/567/1012
f 1545/568/1012 1547/570/1012 1546/571/1012 1544/569/1012
f 1547/570/1012 1549/572/1012 1548/573/1012 1546/571/1012
f 1549/572/1012 1551/574/1012 1550/575/1012 1548/573/1012
f 1551/574/1012 1553/576/1012 1552/577/1012 1550/575/1012
f 1553/576/1012 1555/578/1012 1554/579/1012 1552/577/1012
f 1555/578/1012 1557/580/1012 1556/581/1012 1554/579/1012
f 1557/580/1012 1559/582/1012 1558/583/1012 1556/581/1012
f 1559/582/1012 1561/584/1012 1560/585/1012 1558/583/1012
f 1561/584/1012 1563/586/1012 1562/587/1012 1560/585/1012
f 1563/586/1012 1565/588/1012 1564/589/1012 1562/587/1012
f 1565/588/1012 1567/590/1012 1566/591/1012 1564/589/1012
f 1567/590/1012 1569/592/1012 1568/593/1012 1566/591/1012
f 1569/592/1012 1571/594/1012 1570/595/1012 1568/593/1012
f 1571/594/1012 1573/596/1012 1572/597/1012 1570/595/1012
f 1573/596/1012 1575/598/1012 1574/599/1012 1572/597/1012
f 1575/598/1012 1577/600/1012 1576/601/1012 1574/599/1012
f 1577/600/1012 1339/602/1012 1338/603/1012 1576/601/1012
f 1579/362/1013 1578/365/1013 1580/364/1013 1581/363/1013
f 1581/363/1013 1580/364/1013 1582/367/1013 1583/366/1013
f 1583/366/1013 1582/367/1013 1584/369/1013 1585/368/1013
f 1585/368/1013 1584/369/1013 1586/371/1013 1587/370/1013
f 1587/370/1013 1586/371/1013 1588/373/1013 1589/372/1013
f 1589/372/1013 1588/373/1013 1590/375/1013 1591/374/1013
f 1591/374/1013 1590/375/1013 1592/377/1013 1593/376/1013
f 1593/376/1013 1592/377/1013 1594/379/1013 1595/378/1013
f 1595/378/1013 1594/379/1013 1596/381/1013 1597/380/1013
f 1597/380/1013 1596/381/1013 1598/383/1013 1599/382/1013
f 1599/382/1013 1598/383/1013 1600/385/1013 1601/384/1013
f 1601/384/1013 1600/385/1013 1602/387/1013 1603/386/1013
f 1603/386/1013 1602/387/1013 1604/389/1013 1605/388/1013
f 1605/388/1013 1604/389/1013 1606/391/1013 1607/390/1013
f 1607/390/1013 1606/391/1013 1608/393/1013 1609/392/1013
f 1609/392/1013 1608/393/1013 1610/395/1013 1611/394/1013
f 1611/394/1013 1610/395/1013 1612/397/1013 1613/396/1013
f 1613/396/1013 1612/397/1013 1614/399/1013 1615/398/1013
f 1615/398/1013 1614/399/1013 1616/401/1013 1617/400/1013
f 1617/400/1013 1616/401/1013 1618/403/1013 1619/402/1013
f 1619/402/1013 1618/403/1013 1620/405/1013 1621/404/1013
f 1621/404/1013 1620/405/1013 1622/407/1013 1623/406/1013
f 1623/406/1013 1622/407/1013 1624/409/1013 1625/408/1013
f 1625/408/1013 1624/409/1013 1626/411/1013 1627/410/1013
f 1627/410/1013 1626/411/1013 1628/413/1013 1629/412/1013
f 1629/412/1013 1628/413/1013 1630/415/1013 1631/414/1013
f 1631/414/1013 1630/415/1013 1632/417/1013 1633/416/1013
f 1633/416/1013 1632/417/1013 1634/419/1013 1635/418/1013
f 1635/418/1013 1634/419/1013 1636/421/1013 1637/420/1013
f 1637/420/1013 1636/421/1013 1638/423/1013 1639/422/1013
f 1639/422/1013 1638/423/1013 1640/425/1013 1641/424/1013
f 1641/424/1013 1640/425/1013 1642/427/1013 1643/426/1013
f 1643/426/1013 1642/427/1013 1644/429/1013 1645/428/1013
f 1645/428/1013 1644/429/1013 1646/431/1013 1647/430/1013
f 1647/430/1013 1646/431/1013 1648/433/1013 1649/432/1013
f 1649/432/1013 1648/433/1013 1650/435/1013 1651/434/1013
f 1651/434/1013 1650/435/1013 1652/437/1013 1653/436/1013
f 1653/436/1013 1652/437/1013 1654/439/1013 1655/438/1013
f 1655/438/1013 1654/439/1013 1656/441/1013 1657/440/1013
f 1657/440/1013 1656/441/1013 1658/443/1013 1659/442/1013
f 1659/442/1013 1658/443/1013 1660/445/1013 1661/444/1013
f 1661/444/1013 1660/445/1013 1662/447/1013 1663/446/1013
f 1663/446/1013 1662/447/1013 1664/449/1013 1665/448/1013
f 1665/448/1013 1664/449/1013 1666/451/1013 1667/450/1013
f 1667/450/1013 1666/451/1013 1668/453/1013 1669/452/1013
f 1669/452/1013 1668/453/1013 1670/455/1013 1671/454/1013
f 1671/454/1013 1670/455/1013 1672/457/1013 1673/456/1013
f 1673/456/1013 1672/457/1013 1674/459/1013 1675/458/1013
f 1675/458/1013 1674/459/1013 1676/461/1013 1677/460/1013
f 1677/460/1013 1676/461/1013 1678/463/1013 1679/462/1013
f 1679/462/1013 1678/463/1013 1680/465/1013 1681/464/1013
f 1681/464/1013 1680/465/1013 1682/467/1013 1683/466/1013
f 1683/466/1013 1682/467/1013 1684/469/1013 1685/468/1013
f 1685/468/1013 1684/469/1013 1686/471/1013 1687/470/1013
f 1687/470/1013 1686/471/1013 1688/473/1013 1689/472/1013
f 1689/472/1013 1688/473/1013 1690/475/1013 1691/474/1013
f 1691/474/1013 1690/475/1013 1692/477/1013 1693/476/1013
f 1693/476/1013 1692/477/1013 1694/479/1013 1695/478/1013
f 1695/478/1013 1694/479/1013 1696/481/1013 1697/480/1013
f 1697/480/1013 1696/481/1013 1698/483/1013 1699/482/1013
f 1699/482/1013 1698/483/1013 1700/485/1013 1701/484/1013
f 1701/484/1013 1700/485/1013 1702/487/1013 1703/486/1013
f 1703/486/1013 1702/487/1013 1704/489/1013 1705/488/1013
f 1705/488/1013 1704/489/1013 1706/491/1013 1707/490/1013
f 1707/490/1013 1706/491/1013 1708/493/1013 1709/492/1013
f 1709/492/1013 1708/493/1013 1710/495/1013 1711/494/1013
f 1711/494/1013 1710/495/1013 1712/497/1013 1713/496/1013
f 1713/496/1013 1712/497/1013 1714/499/1013 1715/498/1013
f 1715/498/1013 1714/499/1013 1716/501/1013 1717/500/1013
f 1717/500/1013 1716/501/1013 1718/503/1013 1719/502/1013
f 1719/502/1013 1718/503/1013 1720/505/1013 1721/504/1013
f 1721/504/1013 1720/505/1013 1722/507/1013 1723/506/1013
f 1723/506/1013 1722/507/1013 1724/509/1013 1725/508/1013
f 1725/508/1013 1724/509/1013 1726/511/1013 1727/510/1013
f 1727/510/1013 1726/511/1013 1728/513/1013 1729/512/1013
f 1729/512/1013 1728/513/1013 1730/515/1013 1731/514/1013
f 1731/514/1013 1730/515/1013 1732/517/1013 1733/516/1013
f 1733/516/1013 1732/517/1013 1734/519/1013 1735/518/1013
f 1735/518/1013 1734/519/1013 1736/521/1013 1737/520/1013
f 1737/520/1013 1736/521/1013 1738/523/1013 1739/522/1013
f 1739/522/1013 1738/523/1013 1740/525/1013 1741/524/1013
f 1741/524/1013 1740/525/1013 1742/527/1013 1743/526/1013
f 1743/526/1013 1742/527/1013 1744/529/1013 1745/528/1013
f 1745/528/1013 1744/529/1013 1746/531/1013 1747/530/1013
f 1747/530/1013 1746/531/1013 1748/533/1013 1749/532/1013
f 1749/532/1013 1748/533/1013 1750/535/1013 1751/534/1013
f 1751/534/1013 1750/535/1013 1752/537/1013 1753/536/1013
f 1753/536/1013 1752/537/1013 1754/539/1013 1755/538/1013
f 1755/538/1013 1754/539/1013 1756/541/1013 1757/540/1013
f 1757/540/1013 1756/541/1013 1758/543/1013 1759/542/1013
f 1759/542/1013 1758/543/1013 1760/545/1013 1761/544/1013
f 1761/544/1013 1760/545/1013 1762/547/1013 1763/546/1013
f 1763/546/1013 1762/547/1013 1764/549/1013 1765/548/1013
f 1765/548/1013 1764/549/1013 1766/551/1013 1767/550/1013
f 1767/550/1013 1766/551/1013 1768/553/1013 1769/552/1013
f 1769/552/1013 1768/553/1013 1770/555/1013 1771/554/1013
f 1771/554/1013 1770/555/1013 1772/557/1013 1773/556/1013
f 1773/556/1013 1772/557/1013 1774/559/1013 1775/558/1013
f 1775/558/1013 1774/559/1013 1776/561/1013 1777/560/1013
f 1777/560/1013 1776/561/1013 1778/563/1013 1779/562/1013
f 1779/562/1013 1778/563/1013 1780/565/1013 1781/564/1013
f 1781/564/1013 1780/565/1013 1782/567/1013 1783/566/1013
f 1783/566/1013 1782/567/1013 1784/569/1013 1785/568/1013
f 1785/568/1013 1784/569/1013 1786/571/1013 1787/570/1013
f 1787/570/1013 1786/571/1013 1788/573/1013 1789/572/1013
f 1789/572/1013 1788/573/1013 1790/575/1013 1791/574/1013
f 1791/574/1013 1790/575/1013 1792/577/1013 1793/576/1013
f 1793/576/1013 1792/577/1013 1794/579/1013 1795/578/1013
f 1795/578/1013 1794/579/1013 1796/581/1013 1797/580/1013
f 1797/580/1013 1796/581/1013 1798/583/1013 1799/582/1013
f 1799/582/1013 1798/583/1013 1800/585/1013 1801/584/1013
f 1801/584/1013 1800/585/1013 1802/587/1013 1803/586/1013
f 1803/586/1013 1802/587/1013 1804/589/1013 1805/588/1013
f 1805/588/1013 1804/589/1013 1806/591/1013 1807/590/1013
f 1807/590/1013 1806/591/1013 1808/593/1013 1809/592/1013
f 1809/592/1013 1808/593/1013 1810/595/1013 1811/594/1013
f 1811/594/1013 1810/595/1013 1812/597/1013 1813/596/1013
f 1813/596/1013 1812/597/1013 1814/599/1013 1815/598/1013
f 1815/598/1013 1814/599/1013 1816/601/1013 1817/600/1013
f 1817/600/1013 1816/601/1013 1578/603/1013 1579/602/1013
f 1341/363/1014 1339/362/1015 1579/362/1015 1581/363/1014
f 1338/365/1016 1340/364/1017 1580/364/1017 1578/365/1016
f 1343/366/1018 1341/363/1014 1581/363/1014 1583/366/1018
f 1340/364/1017 1342/367/1019 1582/367/1019 1580/364/1017
f 1345/368/1020 1343/366/1018 1583/366/1018 1585/368/1020
f 1342/367/1019 1344/369/1021 1584/369/1021 1582/367/1019
f 1347/370/1022 1345/368/1020 1585/368/1020 1587/370/1022
f 1344/369/1021 1346/371/1023 1586/371/1023 1584/369/1021
f 1349/372/1024 1347/370/1022 1587/370/1022 1589/372/1024
f 1346/371/1023 1348/373/1025 1588/373/1025 1586/371/1023
f 1351/374/1026 1349/372/1024 1589/372/1024 1591/374/1026
f 1348/373/1025 1350/375/1027 1590/375/1027 1588/373/1025
f 1353/376/1028 1351/374/1026 1591/374/1026 1593/376/1028
f 1350/375/1027 1352/377/1029 1592/377/1029 1590/375/1027
f 1355/378/1030 1353/376/1028 1593/376/1028 1595/378/1030
f 1352/377/1029 1354/379/1031 1594/379/1031 1592/377/1029
f 1357/380/1032 1355/378/1030 1595/378/1030 1597/380/1032
f 1354/379/1031 1356/381/1033 1596/381/1033 1594/379/1031
f 1359/382/1034 1357/380/1032 1597/380/1032 1599/382/1034
f 1356/381/1033 1358/383/1035 1598/383/1035 1596/381/1033
f 1361/384/1036 1359/382/1034 1599/382/1034 1601/384/1036
f 1358/383/1035 1360/385/1037 1600/385/1037 1598/383/1035
f 1363/386/1038 1361/384/1039 1601/384/1039 1603/386/1038
f 1360/385/1040 1362/387/1041 1602/387/1041 1600/385/1040
f 1365/388/1042 1363/386/1038 1603/386/1038 1605/388/1042
f 1362/387/1041 1364/389/1043 1604/389/1043 1602/387/1041
f 1367/390/1044 1365/388/1042 1605/388/1042 1607/390/1044
f 1364/389/1043 1366/391/1045 1606/391/1045 1604/389/1043
f 1369/392/1046 1367/390/1044 1607/390/1044 1609/392/1046
f 1366/391/1045 1368/393/1047 1608/393/1047 1606/391/1045
f 1371/394/1048 1369/392/1046 1609/392/1046 1611/394/1048
f 1368/393/1047 1370/395/1049 1610/395/1049 1608/393/1047
f 1373/396/1050 1371/394/1048 1611/394/1048 1613/396/1050
f 1370/395/1049 1372/397/1051 1612/397/1051 1610/395/1049
f 1375/398/1052 1373/396/1050 1613/396/1050 1615/398/1052
f 1372/397/1051 1374/399/1053 1614/399/1053 1612/397/1051
f 1377/400/1054 1375/398/1052 1615/398/1052 1617/400/1054
f 1374/399/1053 1376/401/1055 1616/401/1055 1614/399/1053
f 1379/402/1056 1377/400/1054 1617/400/1054 1619/402/1056
f 1376/401/1055 1378/403/1057 1618/403/1057 1616/401/1055
f 1381/404/1058 1379/402/1056 1619/402/1056 1621/404/1058
f 1378/403/1057 1380/405/1059 1620/405/1059 1618/403/1057
f 1383/406/1060 1381/404/1058 1621/404/1058 1623/406/1060
f 1380/405/1059 1382/407/1061 1622/407/1061 1620/405/1059
f 1385/408/1062 1383/406/1060 1623/406/1060 1625/408/1062
f 1382/407/1061 1384/409/1063 1624/409/1063 1622/407/1061
f 1387/410/1064 1385/408/1062 1625/408/1062 1627/410/1064
f 1384/409/1063 1386/411/1065 1626/411/1065 1624/409/1063
f 1389/412/1066 1387/410/1064 1627/410/1064 1629/412/1066
f 1386/411/1065 1388/413/1067 1628/413/1067 1626/411/1065
f 1391/414/1068 1389/412/1066 1629/412/1066 1631/414/1068
f 1388/413/1067 1390/415/1069 1630/415/1069 1628/413/1067
f 1393/416/1070 1391/414/1068 1631/414/1068 1633/416/1070
f 1390/415/1069 1392/417/1071 1632/417/1071 1630/415/1069
f 1395/418/1072 1393/416/1070 1633/416/1070 1635/418/1072
f 1392/417/1071 1394/419/1073 1634/419/1073 1632/417/1071
f 1397/420/1074 1395/418/1072 1635/418/1072 1637/420/1074
f 1394/419/1073 1396/421/1075 1636/421/1075 1634/419/1073
f 1399/422/1076 1397/420/1074 1637/420/1074 1639/422/1076
f 1396/421/1075 1398/423/1077 1638/423/1077 1636/421/1075
f 1401/424/1078 1399/422/1076 1639/422/1076 1641/424/1078
f 1398/423/1077 1400/425/1079 1640/425/1079 1638/423/1077
f 1403/426/1080 1401/424/1078 1641/424/1078 1643/426/1080
f 1400/425/1079 1402/427/1081 1642/427/1081 1640/425/1079
f 1405/428/1082 1403/426/1080 1643/426/1080 1645/428/1082
f 1402/427/1081 1404/429/1083 1644/429/1083 1642/427/1081
f 1407/430/1084 1405/428/1082 1645/428/1082 1647/430/1084
f 1404/429/1083 1406/431/1085 1646/431/1085 1644/429/1083
f 1409/432/1086 1407/430/1084 1647/430/1084 1649/432/1086
f 1406/431/1085 1408/433/1087 1648/433/1087 1646/431/1085
f 1411/434/1088 1409/432/1086 1649/432/1086 1651/434/1088
f 1408/433/1087 1410/435/1089 1650/435/1089 1648/433/1087
f 1413/436/1090 1411/434/1088 1651/434/1088 1653/436/1090
f 1410/435/1089 1412/437/1091 1652/437/1091 1650/435/1089
f 1415/438/1092 1413/436/1090 1653/436/1090 1655/438/1092
f 1412/437/1091 1414/439/1093 1654/439/1093 1652/437/1091
f 1417/440/1094 1415/438/1092 1655/438/1092 1657/440/1094
f 1414/439/1093 1416/441/1095 1656/441/1095 1654/439/1093
f 1419/442/1096 1417/440/1094 1657/440/1094 1659/442/1096
f 1416/441/1095 1418/443/1097 1658/443/1097 1656/441/1095
f 1421/444/1098 1419/442/1096 1659/442/1096 1661/444/1098
f 1418/443/1097 1420/445/1099 1660/445/1099 1658/443/1097
f 1423/446/1100 1421/444/1098 1661/444/1098 1663/446/1100
f 1420/445/1099 1422/447/1101 1662/447/1101 1660/445/1099
f 1425/448/1102 1423/446/1100 1663/446/1100 1665/448/1102
f 1422/447/1101 1424/449/1103 1664/449/1103 1662/447/1101
f 1427/450/1104 1425/448/1102 1665/448/1102 1667/450/1104
f 1424/449/1103 1426/451/1105 1666/451/1105 1664/449/1103
f 1429/452/1106 1427/450/1104 1667/450/1104 1669/452/1106
f 1426/451/1105 1428/453/1107 1668/453/1107 1666/451/1105
f 1431/454/1108 1429/452/1106 1669/452/1106 1671/454/1108
f 1428/453/1107 1430/455/1109 1670/455/1109 1668/453/1107
f 1433/456/1110 1431/454/1108 1671/454/1108 1673/456/1110
f 1430/455/1109 1432/457/1111 1672/457/1111 1670/455/1109
f 1435/458/1112 1433/456/1110 1673/456/1110 1675/458/1112
f 1432/457/1111 1434/459/1113 1674/459/1113 1672/457/1111
f 1437/460/1114 1435/458/1112 1675/458/1112 1677/460/1114
f 1434/459/1113 1436/461/1115 1676/461/1115 1674/459/1113
f 1439/462/1116 1437/460/1114 1677/460/1114 1679/462/1116
f 1436/461/1115 1438/463/1117 1678/463/1117 1676/461/1115
f 1441/464/1118 1439/462/1116 1679/462/1116 1681/464/1118
f 1438/463/1117 1440/465/1119 1680/465/1119 1678/463/1117
f 1443/466/1120 1441/464/1118 1681/464/1118 1683/466/1120
f 1440/465/1119 1442/467/1121 1682/467/1121 1680/465/1119
f 1445/468/1122 1443/466/1120 1683/466/1120 1685/468/1122
f 1442/467/1121 1444/469/1123 1684/469/1123 1682/467/1121
f 1447/470/1124 1445/468/1122 1685/468/1122 1687/470/1124
f 1444/469/1123 1446/471/1125 1686/471/1125 1684/469/1123
f 1449/472/1126 1447/470/1124 1687/470/1124 1689/472/1126
f 1446/471/1125 1448/473/1127 1688/473/1127 1686/471/1125
f 1451/474/1128 1449/472/1126 1689/472/1126 1691/474/1128
f 1448/473/1127 1450/475/1129 1690/475/1129 1688/473/1127
f 1453/476/1130 1451/474/1128 1691/474/1128 1693/476/1130
f 1450/475/1129 1452/477/1131 1692/477/1131 1690/475/1129
f 1455/478/1132 1453/476/1130 1693/476/1130 1695/478/1132
f 1452/477/1131 1454/479/1133 1694/479/1133 1692/477/1131
f 1457/480/1134 1455/478/1132 1695/478/1132 1697/480/1135
f 1454/479/1133 1456/481/1136 1696/481/1136 1694/479/1133
f 1459/482/1137 1457/480/1134 1697/480/1135 1699/482/1137
f 1456/481/1136 1458/483/1138 1698/483/1138 1696/481/1136
f 1461/484/1139 1459/482/1137 1699/482/1137 1701/484/1139
f 1458/483/1138 1460/485/1140 1700/485/1140 1698/483/1138
f 1463/486/1141 1461/484/1139 1701/484/1139 1703/486/1141
f 1460/485/1140 1462/487/1142 1702/487/1142 1700/485/1140
f 1465/488/1143 1463/486/1141 1703/486/1141 1705/488/1143
f 1462/487/1142 1464/489/1048 1704/489/1048 1702/487/1142
f 1467/490/1144 1465/488/1143 1705/488/1143 1707/490/1144
f 1464/489/1048 1466/491/1145 1706/491/1145 1704/489/1048
f 1469/492/1146 1467/490/1144 1707/490/1144 1709/492/1146
f 1466/491/1145 1468/493/1147 1708/493/1147 1706/491/1145
f 1471/494/1148 1469/492/1146 1709/492/1146 1711/494/1148
f 1468/493/1147 1470/495/1149 1710/495/1149 1708/493/1147
f 1473/496/1150 1471/494/1148 1711/494/1148 1713/496/1150
f 1470/495/1149 1472/497/1151 1712/497/1151 1710/495/1149
f 1475/498/1152 1473/496/1150 1713/496/1150 1715/498/1152
f 1472/497/1151 1474/499/1153 1714/499/1153 1712/497/1151
f 1477/500/1154 1475/498/1152 1715/498/1152 1717/500/1154
f 1474/499/1153 1476/501/1155 1716/501/1155 1714/499/1153
f 1479/502/1156 1477/500/1154 1717/500/1154 1719/502/1156
f 1476/501/1155 1478/503/1157 1718/503/1157 1716/501/1155
f 1481/504/1158 1479/502/1156 1719/502/1156 1721/504/1158
f 1478/503/1157 1480/505/1159 1720/505/1159 1718/503/1157
f 1483/506/1160 1481/504/1158 1721/504/1158 1723/506/1160
f 1480/505/1159 1482/507/1161 1722/507/1161 1720/505/1159
f 1485/508/1162 1483/506/1160 1723/506/1160 1725/508/1162
f 1482/507/1161 1484/509/1163 1724/509/1163 1722/507/1161
f 1487/510/1164 1485/508/1162 1725/508/1162 1727/510/1164
f 1484/509/1163 1486/511/1165 1726/511/1165 1724/509/1163
f 1489/512/1166 1487/510/1164 1727/510/1164 1729/512/1166
f 1486/511/1165 1488/513/1167 1728/513/1167 1726/511/1165
f 1491/514/1168 1489/512/1166 1729/512/1166 1731/514/1168
f 1488/513/1167 1490/515/1169 1730/515/1169 1728/513/1167
f 1493/516/1170 1491/514/1168 1731/514/1168 1733/516/1170
f 1490/515/1169 1492/517/1171 1732/517/1171 1730/515/1169
f 1495/518/1172 1493/516/1170 1733/516/1170 1735/518/1172
f 1492/517/1171 1494/519/1173 1734/519/1173 1732/517/1171
f 1497/520/1174 1495/518/1172 1735/518/1172 1737/520/1174
f 1494/519/1173 1496/521/1175 1736/521/1175 1734/519/1173
f 1499/522/1176 1497/520/1174 1737/520/1174 1739/522/1176
f 1496/521/1175 1498/523/1177 1738/523/1177 1736/521/1175
f 1501/524/1178 1499/522/1176 1739/522/1176 1741/524/1178
f 1498/523/1177 1500/525/1179 1740/525/1179 1738/523/1177
f 1503/526/1180 1501/524/1178 1741/524/1178 1743/526/1180
f 1500/525/1179 1502/527/1181 1742/527/1181 1740/525/1179
f 1505/528/1182 1503/526/1180 1743/526/1180 1745/528/1182
f 1502/527/1181 1504/529/1183 1744/529/1183 1742/527/1181
f 1507/530/1184 1505/528/1182 1745/528/1182 1747/530/1184
f 1504/529/1183 1506/531/1185 1746/531/1185 1744/529/1183
f 1509/532/1186 1507/530/1184 1747/530/1184 1749/532/1186
f 1506/531/1185 1508/533/1187 1748/533/1187 1746/531/1185
f 1511/534/1188 1509/532/1186 1749/532/1186 1751/534/1188
f 1508/533/1187 1510/535/1189 1750/535/1189 1748/533/1187
f 1513/536/1190 1511/534/1188 1751/534/1188 1753/536/1190
f 1510/535/1189 1512/537/1191 1752/537/1191 1750/535/1189
f 1515/538/1192 1513/536/1190 1753/536/1190 1755/538/1192
f 1512/537/1191 1514/539/1193 1754/539/1193 1752/537/1191
f 1517/540/1194 1515/538/1192 1755/538/1192 1757/540/1194
f 1514/539/1193 1516/541/1195 1756/541/1195 1754/539/1193
f 1519/542/1196 1517/540/1194 1757/540/1194 1759/542/1196
f 1516/541/1195 1518/543/1197 1758/543/1197 1756/541/1195
f 1521/544/1198 1519/542/1196 1759/542/1196 1761/544/1198
f 1518/543/1197 1520/545/1199 1760/545/1199 1758/543/1197
f 1523/546/1200 1521/544/1198 1761/544/1198 1763/546/1200
f 1520/545/1199 1522/547/1201 1762/547/1201 1760/545/1199
f 1525/548/1202 1523/546/1200 1763/546/1200 1765/548/1202
f 1522/547/1201 1524/549/1203 1764/549/1203 1762/547/1201
f 1527/550/1204 1525/548/1202 1765/548/1202 1767/550/1204
f 1524/549/1203 1526/551/1205 1766/551/1205 1764/549/1203
f 1529/552/1206 1527/550/1204 1767/550/1204 1769/552/1206
f 1526/551/1205 1528/553/1207 1768/553/1207 1766/551/1205
f 1531/554/1208 1529/552/1206 1769/552/1206 1771/554/1208
f 1528/553/1207 1530/555/1209 1770/555/1209 1768/553/1207
f 1533/556/1210 1531/554/1208 1771/554/1208 1773/556/1210
f 1530/555/1209 1532/557/1211 1772/557/1211 1770/555/1209
f 1535/558/1212 1533/556/1210 1773/556/1210 1775/558/1212
f 1532/557/1211 1534/559/1213 1774/559/1213 1772/557/1211
f 1537/560/1214 1535/558/1212 1775/558/1212 1777/560/1214
f 1534/559/1213 1536/561/1215 1776/561/1215 1774/559/1213
f 1539/562/1216 1537/560/1214 1777/560/1214 1779/562/1216
f 1536/561/1215 1538/563/1217 1778/563/1217 1776/561/1215
f 1541/564/1218 1539/562/1216 1779/562/1216 1781/564/1218
f 1538/563/1217 1540/565/1219 1780/565/1219 1778/563/1217
f 1543/566/1220 1541/564/1218 1781/564/1218 1783/566/1220
f 1540/565/1219 1542/567/1221 1782/567/1221 1780/565/1219
f 1545/568/1222 1543/566/1220 1783/566/1220 1785/568/1222
f 1542/567/1221 1544/569/1223 1784/569/1223 1782/567/1221
f 1547/570/1224 1545/568/1222 1785/568/1222 1787/570/1224
f 1544/569/1223 1546/571/1225 1786/571/1225 1784/569/1223
f 1549/572/1226 1547/570/1224 1787/570/1224 1789/572/1226
f 1546/571/1225 1548/573/1227 1788/573/1227 1786/571/1225
f 1551/574/1228 1549/572/1226 1789/572/1226 1791/574/1228
f 1548/573/1227 1550/575/1229 1790/575/1229 1788/573/1227
f 1553/576/1230 1551/574/1228 1791/574/1228 1793/576/1230
f 1550/575/1229 1552/577/1231 1792/577/1231 1790/575/1229
f 1555/578/1232 1553/576/1230 1793/576/1230 1795/578/1232
f 1552/577/1231 1554/579/1233 1794/579/1233 1792/577/1231
f 1557/580/1234 1555/578/1232 1795/578/1232 1797/580/1234
f 1554/579/1233 1556/581/1235 1796/581/1235 1794/579/1233
f 1559/582/1236 1557/580/1234 1797/580/1234 1799/582/1236
f 1556/581/1235 1558/583/1237 1798/583/1237 1796/581/1235
f 1561/584/1238 1559/582/1236 1799/582/1236 1801/584/1238
f 1558/583/1237 1560/585/1239 1800/585/1239 1798/583/1237
f 1563/586/1240 1561/584/1238 1801/584/1238 1803/586/1240
f 1560/585/1239 1562/587/1241 1802/587/1241 1800/585/1239
f 1565/588/1242 1563/586/1240 1803/586/1240 1805/588/1242
f 1562/587/1241 1564/589/1243 1804/589/1243 1802/587/1241
f 1567/590/1244 1565/588/1242 1805/588/1242 1807/590/1244
f 1564/589/1243 1566/591/1245 1806/591/1245 1804/589/1243
f 1569/592/1246 1567/590/1244 1807/590/1244 1809/592/1246
f 1566/591/1245 1568/593/1247 1808/593/1247 1806/591/1245
f 1571/594/1248 1569/592/1246 1809/592/1246 1811/594/1248
f 1568/593/1247 1570/595/1249 1810/595/1249 1808/593/1247
f 1573/596/1250 1571/594/1248 1811/594/1248 1813/596/1250
f 1570/595/1249 1572/597/1251 1812/597/1251 1810/595/1249
f 1575/598/1252 1573/596/1250 1813/596/1250 1815/598/1252
f 1572/597/1251 1574/599/1253 1814/599/1253 1812/597/1251
f 1577/600/1254 1575/598/1252 1815/598/1252 1817/600/1254
f 1574/599/1253 1576/601/1255 1816/601/1255 1814/599/1253
f 1339/602/1015 1577/600/1254 1817/600/1254 1579/602/1015
f 1576/601/1255 1338/603/1016 1578/603/1016 1816/601/1255
o Water
v -128.773926 0.007650 2.459173
v 128.773926 0.007650 -17.141920
v -128.773895 0.007650 -30.788267
v 128.773895 0.007650 -42.449696
vn -0.0000 1.0000 -0.0000
vt 0.000000 0.000000
vt 1.000000 0.000000
vt 1.000000 1.000000
vt 0.000000 1.000000
s 0
usemtl Water
f 1818/604/1256 1819/605/1256 1821/606/1256 1820/607/1256
o Church01
v -6.556146 0.667816 5.030715
v -6.556146 5.035035 5.030715
v -6.399194 0.667816 -4.936440
v -6.399194 5.035035 -4.936440
v 6.105496 0.667816 5.410438
v 6.105496 5.035035 5.410438
v 6.262448 0.667816 -4.556718
v 6.262448 5.035035 -4.556718
v 2.071598 8.726449 1.049824
v 2.071598 10.726450 1.049824
v 2.114542 8.726449 -0.435528
v 2.114542 10.726450 -0.435528
v 2.874152 8.726449 1.075478
v 2.874152 10.726450 1.075478
v 2.917096 8.726449 -0.409874
v 2.917096 10.726450 -0.409874
v -6.477670 0.667816 0.047137
v -6.477670 9.390683 0.047137
v 6.183972 0.667816 0.426859
v 6.183972 5.035035 0.426860
v 3.105177 0.667816 -4.651405
v 3.105177 5.035035 -4.651405
v 2.948225 0.667816 5.315751
v 2.948225 5.035035 5.315751
v 3.026701 9.390683 0.332173
v 3.026701 0.667816 0.332173
v 3.026701 5.035035 0.332173
v -6.477670 5.035035 0.047137
v 2.093070 8.726449 0.307148
v 2.093070 11.605709 0.307148
v 2.895624 8.726449 0.332802
v 2.895624 11.605709 0.332802
v 6.098959 0.667815 2.052693
v 6.098959 5.549661 2.052693
v 6.141904 0.667815 -1.206970
v 6.141904 5.549661 -1.206970
v 6.800395 0.667815 2.061400
v 6.800395 5.549661 2.061400
v 6.843339 0.667815 -1.198265
v 6.843339 5.549661 -1.198265
v 6.120432 0.667815 0.422861
v 6.120432 7.110356 0.422861
v 6.821867 0.667815 0.431568
v 6.821867 7.110356 0.431568
v -6.424185 0.667816 -2.698486
v -6.424185 5.039692 -2.698486
v -6.518009 0.667816 2.791340
v -6.518009 5.039692 2.791340
v -7.564871 0.667816 2.564443
v -7.564871 5.039692 2.564443
v -8.445214 0.667816 1.954203
v -8.445214 5.039692 1.954203
v -9.025019 0.667816 1.053520
v -9.025019 5.039692 1.053520
v -9.216009 0.667816 -0.000484
v -9.216009 5.039692 -0.000484
v -8.989113 0.667816 -1.047345
v -8.989113 5.039692 -1.047345
v -8.378873 0.667816 -1.927690
v -8.378873 5.039692 -1.927690
v -7.478190 0.667816 -2.507494
v -7.478190 5.039692 -2.507494
v -6.471096 0.667816 0.046427
v -6.471096 5.039692 0.046427
v -7.521531 5.039692 0.028475
v -8.412042 5.039692 0.013257
v -8.412047 0.667816 0.013256
v -7.521536 0.667816 0.028475
vn -0.9999 -0.0000 -0.0157
vn 0.9999 -0.0000 0.0157
vn -0.0300 -0.0000 0.9996
vn -0.0000 -1.0000 -0.0000
vn 0.0300 -0.0000 -0.9996
vn -0.0197 0.7530 0.6578
vn -0.9996 -0.0000 -0.0289
vn 0.0319 -0.0000 -0.9995
vn 0.9996 -0.0000 0.0289
vn -0.0319 -0.0000 0.9995
vn -0.0244 0.6454 0.7634
vn 0.0197 0.7530 -0.6578
vn -0.0000 1.0000 -0.0000
vn 0.0244 0.6454 -0.7634
vn -0.9999 -0.0000 -0.0132
vn 0.0124 -0.0000 -0.9999
vn 0.9999 -0.0000 0.0132
vn -0.0124 -0.0000 0.9999
vn -0.0086 0.7223 0.6915
vn 0.0086 0.7223 -0.6915
vn -0.2118 -0.0000 0.9773
vn -0.5697 -0.0000 0.8219
vn -0.8408 -0.0000 0.5413
vn -0.9840 -0.0000 0.1783
vn -0.9773 -0.0000 -0.2118
vn -0.8219 -0.0000 -0.5697
vn -0.5413 -0.0000 -0.8408
vn -0.1783 -0.0000 -0.9840
vn 0.9999 -0.0000 0.0171
vt 0.375000 0.125000
vt 0.500166 0.125000
vt 0.625000 0.250000
vt 0.375000 0.250000
vt 0.375000 0.625000
vt 0.625000 0.625000
vt 0.625000 0.750000
vt 0.375000 0.750000
vt 0.469152 0.562982
vt 0.281491 0.562982
vt 0.312661 0.625000
vt 0.312661 0.750000
vt 0.375000 0.437661
vt 0.625000 0.437661
vt 0.625000 0.500000
vt 0.375000 0.500000
vt 0.687339 0.625000
vt 0.875000 0.625000
vt 0.875000 0.750000
vt 0.687339 0.750000
vt 0.625000 0.125000
vt 0.625000 1.000000
vt 0.375000 1.000000
vt 0.125000 0.625000
vt 0.125000 0.750000
vt 0.687339 0.500000
vt 0.875000 0.500000
vt 0.312661 0.500000
vt 0.375000 0.000000
vt 0.625000 0.000000
vt 0.125000 0.500000
vt 0.000000 0.000000
vt 0.687339 0.625000
vt 0.500000 0.500000
vt 0.500000 1.000000
vt 0.437500 1.000000
vt 0.437500 0.500000
vt 0.312500 1.000000
vt 0.312500 0.500000
vt 0.250000 1.000000
vt 0.250000 0.500000
vt 0.187500 1.000000
vt 0.187500 0.500000
vt 0.125000 1.000000
vt 0.062500 1.000000
vt 0.062500 0.500000
vt 0.000000 1.000000
vt 0.000000 0.500000
s 0
usemtl Wall
f 1838/608/1257 1849/609/1257 1825/610/1257 1824/611/1257
f 1840/612/1258 1841/613/1258 1827/614/1258 1826/615/1258
f 1845/616/1259 1844/617/1259 1826/615/1259 1827/614/1259
f 1847/618/1260 1840/612/1260 1826/615/1260 1844/619/1260
f 1842/620/1261 1843/621/1261 1829/622/1261 1828/623/1261
f 1846/624/1262 1839/625/1262 1823/626/1262 1845/627/1262
f 1850/608/1263 1851/628/1263 1833/610/1263 1832/611/1263
f 1832/611/1264 1833/610/1264 1837/622/1264 1836/623/1264
f 1852/612/1265 1853/613/1265 1835/614/1265 1834/615/1265
f 1834/615/1266 1835/614/1266 1831/629/1266 1830/630/1266
f 1850/631/1260 1852/612/1260 1834/615/1260 1830/632/1260
f 1853/613/1267 1851/625/1267 1831/626/1267 1835/614/1267
f 1843/633/1268 1825/634/1268 1839/625/1268 1846/624/1268
f 1842/635/1260 1828/623/1260 1840/612/1260 1847/618/1260
f 1828/623/1258 1829/622/1258 1841/613/1258 1840/612/1258
f 1822/636/1257 1823/637/1257 1849/609/1257 1838/608/1257
f 1824/638/1260 1842/635/1260 1847/618/1260 1838/631/1260
f 1824/611/1261 1825/610/1261 1843/621/1261 1842/620/1261
f 1838/631/1260 1847/618/1260 1844/619/1260 1822/632/1260
f 1823/639/1259 1822/639/1259 1844/617/1259 1845/616/1259
f 1848/639/1269 1845/639/1269 1827/639/1269 1841/639/1269
f 1849/609/1257 1823/637/1257 1839/628/1257
f 1843/639/1269 1848/639/1269 1841/639/1269 1829/639/1269
f 1848/640/1258 1843/633/1258 1846/624/1258
f 1825/610/1257 1849/609/1257 1839/628/1257
f 1846/624/1258 1845/627/1258 1848/640/1258
f 1837/622/1270 1833/634/1270 1851/625/1270 1853/613/1270
f 1832/638/1260 1836/623/1260 1852/612/1260 1850/631/1260
f 1836/623/1265 1837/622/1265 1853/613/1265 1852/612/1265
f 1830/636/1263 1831/637/1263 1851/628/1263 1850/608/1263
f 1862/608/1271 1863/628/1271 1857/610/1271 1856/611/1271
f 1856/611/1272 1857/610/1272 1861/622/1272 1860/623/1272
f 1864/612/1273 1865/613/1273 1859/614/1273 1858/615/1273
f 1858/615/1274 1859/614/1274 1855/629/1274 1854/630/1274
f 1862/631/1260 1864/612/1260 1858/615/1260 1854/632/1260
f 1865/613/1275 1863/625/1275 1855/626/1275 1859/614/1275
f 1861/622/1276 1857/634/1276 1863/625/1276 1865/613/1276
f 1856/638/1260 1860/623/1260 1864/612/1260 1862/631/1260
f 1860/623/1273 1861/622/1273 1865/613/1273 1864/612/1273
f 1854/636/1271 1855/637/1271 1863/628/1271 1862/608/1271
f 1868/641/1277 1869/642/1277 1871/643/1277 1870/644/1277
f 1870/644/1278 1871/643/1278 1873/630/1278 1872/623/1278
f 1872/623/1279 1873/630/1279 1875/645/1279 1874/646/1279
f 1874/646/1280 1875/645/1280 1877/647/1280 1876/648/1280
f 1876/648/1281 1877/647/1281 1879/649/1281 1878/650/1281
f 1878/650/1282 1879/649/1282 1881/651/1282 1880/638/1282
f 1880/638/1283 1881/651/1283 1883/652/1283 1882/653/1283
f 1882/653/1284 1883/652/1284 1867/654/1284 1866/655/1284
f 1884/648/1285 1885/647/1285 1869/642/1285 1868/641/1285
f 1886/639/1269 1885/639/1269 1867/639/1269 1883/639/1269
f 1887/639/1269 1886/639/1269 1883/639/1269 1881/639/1269
f 1873/639/1269 1871/639/1269 1886/639/1269 1887/639/1269
f 1871/639/1269 1869/639/1269 1885/639/1269 1886/639/1269
f 1879/639/1269 1877/639/1269 1887/639/1269 1881/639/1269
f 1866/655/1285 1867/654/1285 1885/647/1285 1884/648/1285
f 1868/641/1260 1870/644/1260 1889/648/1260 1884/648/1260
f 1887/639/1269 1877/639/1269 1875/639/1269 1873/639/1269
f 1884/648/1260 1889/648/1260 1882/653/1260 1866/655/1260
f 1889/648/1260 1870/644/1260 1872/623/1260 1888/648/1260
f 1888/648/1260 1872/623/1260 1874/646/1260 1876/648/1260
f 1882/653/1260 1889/648/1260 1888/648/1260 1880/638/1260
f 1880/638/1260 1888/648/1260 1876/648/1260 1878/650/1260
o CourtyardWall
v 21.770203 0.667817 -3.171772
v 20.770760 0.667815 -3.138456
v 21.577765 0.667817 -7.793411
v 20.667799 0.667815 -7.378723
v 14.318418 0.667817 -14.548634
v 13.945031 0.667815 -13.620956
v 1.938012 0.667817 -14.747850
v 2.299834 0.667815 -13.815603
v -6.314209 0.667817 -6.951021
v -5.399372 0.667815 -6.547197
v -6.574541 0.667817 7.546855
v -5.631368 0.667815 7.214555
v 0.544318 0.667817 16.064650
v 0.975862 0.667815 15.162558
v 14.155526 0.667816 16.296831
v 13.788068 0.667815 15.366791
v 21.524265 0.667817 9.165186
v 20.607029 0.667815 8.766838
v 21.664034 0.667817 3.411553
v 20.664190 0.667815 3.393857
v 21.770199 3.667817 -3.171772
v 20.770756 3.667815 -3.138456
v 21.577761 3.667817 -7.793409
v 20.667795 3.667815 -7.378721
v 14.318416 3.667817 -14.548630
v 13.945029 3.667815 -13.620953
v 1.938014 3.667817 -14.747847
v 2.299835 3.667815 -13.815599
v -6.314206 3.667817 -6.951019
v -5.399368 3.667815 -6.547195
v -6.574537 3.667817 7.546854
v -5.631364 3.667815 7.214553
v 0.544319 3.667816 16.064646
v 0.975864 3.667815 15.162554
v 14.155524 3.667816 16.296827
v 13.788066 3.667815 15.366787
v 21.524261 3.667817 9.165184
v 20.607025 3.667815 8.766836
v 21.664030 3.667817 3.411553
v 20.664186 3.667815 3.393857
vn -0.0000 -1.0000 -0.0000
vn -0.0000 1.0000 -0.0000
vn 0.0333 -0.0000 0.9994
vn -0.9997 -0.0000 0.0243
vn 0.9991 -0.0000 -0.0416
vn -0.6804 -0.0000 0.7328
vn 0.6812 -0.0000 -0.7321
vn -0.0167 -0.0000 0.9999
vn 0.0161 -0.0000 -0.9999
vn 0.6865 -0.0000 0.7272
vn -0.6868 -0.0000 -0.7269
vn 0.9999 -0.0000 0.0169
vn -0.9998 -0.0000 -0.0180
vn 0.7690 -0.0000 -0.6393
vn -0.7673 -0.0000 0.6413
vn 0.0159 -0.0000 -0.9999
vn -0.0171 -0.0000 0.9999
vn -0.6955 -0.0000 -0.7186
vn 0.6955 -0.0000 0.7186
vn -0.9999 -0.0000 -0.0106
vn 0.0177 -0.0000 -0.9998
vn 0.9997 -0.0000 0.0243
vt 0.000000 1.000000
vt 0.111111 1.000000
vt 0.111111 0.000000
vt 0.000000 0.000000
vt 0.222222 1.000000
vt 0.222222 0.000000
vt 0.333333 1.000000
vt 0.333333 0.000000
vt 0.444444 1.000000
vt 0.444444 0.000000
vt 0.555556 1.000000
vt 0.555556 0.000000
vt 0.666667 1.000000
vt 0.666667 0.000000
vt 0.777778 1.000000
vt 0.777778 0.000000
vt 0.888889 1.000000
vt 0.888889 0.000000
vt 1.000000 1.000000
vt 1.000000 0.000000
s 1
usemtl Wall
f 1891/656/1286 1893/657/1286 1892/658/1286 1890/659/1286
f 1893/657/1286 1895/660/1286 1894/661/1286 1892/658/1286
f 1895/660/1286 1897/662/1286 1896/663/1286 1894/661/1286
f 1897/662/1286 1899/664/1286 1898/665/1286 1896/663/1286
f 1899/664/1286 1901/666/1286 1900/667/1286 1898/665/1286
f 1901/666/1286 1903/668/1286 1902/669/1286 1900/667/1286
f 1903/668/1286 1905/670/1286 1904/671/1286 1902/669/1286
f 1905/670/1286 1907/672/1286 1906/673/1286 1904/671/1286
f 1907/672/1286 1909/674/1286 1908/675/1286 1906/673/1286
f 1911/656/1287 1910/659/1287 1912/658/1287 1913/657/1287
f 1913/657/1287 1912/658/1287 1914/661/1287 1915/660/1287
f 1915/660/1287 1914/661/1287 1916/663/1287 1917/662/1287
f 1917/662/1287 1916/663/1287 1918/665/1287 1919/664/1287
f 1919/664/1287 1918/665/1287 1920/667/1287 1921/666/1287
f 1921/666/1287 1920/667/1287 1922/669/1287 1923/668/1287
f 1923/668/1287 1922/669/1287 1924/671/1287 1925/670/1287
f 1925/670/1287 1924/671/1287 1926/673/1287 1927/672/1287
f 1927/672/1287 1926/673/1287 1928/675/1287 1929/674/1287
f 1891/656/1288 1890/659/1288 1910/659/1288 1911/656/1288
f 1893/657/1289 1891/656/1289 1911/656/1289 1913/657/1289
f 1890/659/1290 1892/658/1290 1912/658/1290 1910/659/1290
f 1895/660/1291 1893/657/1291 1913/657/1291 1915/660/1291
f 1892/658/1292 1894/661/1292 1914/661/1292 1912/658/1292
f 1897/662/1293 1895/660/1293 1915/660/1293 1917/662/1293
f 1894/661/1294 1896/663/1294 1916/663/1294 1914/661/1294
f 1899/664/1295 1897/662/1295 1917/662/1295 1919/664/1295
f 1896/663/1296 1898/665/1296 1918/665/1296 1916/663/1296
f 1901/666/1297 1899/664/1297 1919/664/1297 1921/666/1297
f 1898/665/1298 1900/667/1298 1920/667/1298 1918/665/1298
f 1903/668/1299 1901/666/1299 1921/666/1299 1923/668/1299
f 1900/667/1300 1902/669/1300 1922/669/1300 1920/667/1300
f 1905/670/1301 1903/668/1301 1923/668/1301 1925/670/1301
f 1902/669/1302 1904/671/1302 1924/671/1302 1922/669/1302
f 1907/672/1303 1905/670/1303 1925/670/1303 1927/672/1303
f 1904/671/1304 1906/673/1304 1926/673/1304 1924/671/1304
f 1909/674/1305 1907/672/1305 1927/672/1305 1929/674/1305
f 1908/675/1306 1909/674/1306 1929/674/1306 1928/675/1306
f 1906/673/1307 1908/675/1307 1928/675/1307 1926/673/1307
o CourtyardWall
v 21.770203 0.667817 -3.171772
v 20.770760 0.667815 -3.138456
v 21.577765 0.667817 -7.793411
v 20.667799 0.667815 -7.378723
v 14.318418 0.667817 -14.548634
v 13.945031 0.667815 -13.620956
v 1.938012 0.667817 -14.747850
v 2.299834 0.667815 -13.815603
v -6.314209 0.667817 -6.951021
v -5.399372 0.667815 -6.547197
v -6.574541 0.667817 7.546855
v -5.631368 0.667815 7.214555
v 0.544318 0.667817 16.064650
v 0.975862 0.667815 15.162558
v 14.155526 0.667816 16.296831
v 13.788068 0.667815 15.366791
v 21.524265 0.667817 9.165186
v 20.607029 0.667815 8.766838
v 21.664034 0.667817 3.411553
v 20.664190 0.667815 3.393857
v 21.770199 3.667817 -3.171772
v 20.770756 3.667815 -3.138456
v 21.577761 3.667817 -7.793409
v 20.667795 3.667815 -7.378721
v 14.318416 3.667817 -14.548630
v 13.945029 3.667815 -13.620953
v 1.938014 3.667817 -14.747847
v 2.299835 3.667815 -13.815599
v -6.314206 3.667817 -6.951019
v -5.399368 3.667815 -6.547195
v -6.574537 3.667817 7.546854
v -5.631364 3.667815 7.214553
v 0.544319 3.667816 16.064646
v 0.975864 3.667815 15.162554
v 14.155524 3.667816 16.296827
v 13.788066 3.667815 15.366787
v 21.524261 3.667817 9.165184
v 20.607025 3.667815 8.766836
v 21.664030 3.667817 3.411553
v 20.664186 3.667815 3.393857
vn -0.0000 -1.0000 -0.0000
vn -0.0000 1.0000 -0.0000
vn 0.0333 -0.0000 0.9994
vn -0.9997 -0.0000 0.0243
vn 0.9991 -0.0000 -0.0416
vn -0.6804 -0.0000 0.7328
vn 0.6812 -0.0000 -0.7321
vn -0.0167 -0.0000 0.9999
vn 0.0161 -0.0000 -0.9999
vn 0.6865 -0.0000 0.7272
vn -0.6868 -0.0000 -0.7269
vn 0.9999 -0.0000 0.0169
vn -0.9998 -0.0000 -0.0180
vn 0.7690 -0.0000 -0.6393
vn -0.7673 -0.0000 0.6413
vn 0.0159 -0.0000 -0.9999
vn -0.0171 -0.0000 0.9999
vn -0.6955 -0.0000 -0.7186
vn 0.6955 -0.0000 0.7186
vn -0.9999 -0.0000 -0.0106
vn 0.0177 -0.0000 -0.9998
vn 0.9997 -0.0000 0.0243
vt 0.000000 1.000000
vt 0.111111 1.000000
vt 0.111111 0.000000
vt 0.000000 0.000000
vt 0.222222 1.000000
vt 0.222222 0.000000
vt 0.333333 1.000000
vt 0.333333 0.000000
vt 0.444444 1.000000
vt 0.444444 0.000000
vt 0.555556 1.000000
vt 0.555556 0.000000
vt 0.666667 1.000000
vt 0.666667 0.000000
vt 0.777778 1.000000
vt 0.777778 0.000000
vt 0.888889 1.000000
vt 0.888889 0.000000
vt 1.000000 1.000000
vt 1.000000 0.000000
s 1
usemtl Wall
f 1931/676/1308 1933/677/1308 1932/678/1308 1930/679/1308
f 1933/677/1308 1935/680/1308 1934/681/1308 1932/678/1308
f 1935/680/1308 1937/682/1308 1936/683/1308 1934/681/1308
f 1937/682/1308 1939/684/1308 1938/685/1308 1936/683/1308
f 1939/684/1308 1941/686/1308 1940/687/1308 1938/685/1308
f 1941/686/1308 1943/688/1308 1942/689/1308 1940/687/1308
f 1943/688/1308 1945/690/1308 1944/691/1308 1942/689/1308
f 1945/690/1308 1947/692/1308 1946/693/1308 1944/691/1308
f 1947/692/1308 1949/694/1308 1948/695/1308 1946/693/1308
f 1951/676/1309 1950/679/1309 1952/678/1309 1953/677/1309
f 1953/677/1309 1952/678/1309 1954/681/1309 1955/680/1309
f 1955/680/1309 1954/681/1309 1956/683/1309 1957/682/1309
f 1957/682/1309 1956/683/1309 1958/685/1309 1959/684/1309
f 1959/684/1309 1958/685/1309 1960/687/1309 1961/686/1309
f 1961/686/1309 1960/687/1309 1962/689/1309 1963/688/1309
f 1963/688/1309 1962/689/1309 1964/691/1309 1965/690/1309
f 1965/690/1309 1964/691/1309 1966/693/1309 1967/692/1309
f 1967/692/1309 1966/693/1309 1968/695/1309 1969/694/1309
f 1931/676/1310 1930/679/1310 1950/679/1310 1951/676/1310
f 1933/677/1311 1931/676/1311 1951/676/1311 1953/677/1311
f 1930/679/1312 1932/678/1312 1952/678/1312 1950/679/1312
f 1935/680/1313 1933/677/1313 1953/677/1313 1955/680/1313
f 1932/678/1314 1934/681/1314 1954/681/1314 1952/678/1314
f 1937/682/1315 1935/680/1315 1955/680/1315 1957/682/1315
f 1934/681/1316 1936/683/1316 1956/683/1316 1954/681/1316
f 1939/684/1317 1937/682/1317 1957/682/1317 1959/684/1317
f 1936/683/1318 1938/685/1318 1958/685/1318 1956/683/1318
f 1941/686/1319 1939/684/1319 1959/684/1319 1961/686/1319
f 1938/685/1320 1940/687/1320 1960/687/1320 1958/685/1320
f 1943/688/1321 1941/686/1321 1961/686/1321 1963/688/1321
f 1940/687/1322 1942/689/1322 1962/689/1322 1960/687/1322
f 1945/690/1323 1943/688/1323 1963/688/1323 1965/690/1323
f 1942/689/1324 1944/691/1324 1964/691/1324 1962/689/1324
f 1947/692/1325 1945/690/1325 1965/690/1325 1967/692/1325
f 1944/691/1326 1946/693/1326 1966/693/1326 1964/691/1326
f 1949/694/1327 1947/692/1327 1967/692/1327 1969/694/1327
f 1948/695/1328 1949/694/1328 1969/694/1328 1968/695/1328
f 1946/693/1329 1948/695/1329 1968/695/1329 1966/693/1329
o Church01.001
v -2.214345 0.667818 38.931648
v -2.214345 15.906431 38.931648
v 5.168117 0.667818 56.685684
v 5.168117 15.906431 56.685684
v -34.162704 0.667818 52.515713
v -34.162704 15.906431 52.515713
v -26.780245 0.667818 70.269753
v -26.780245 15.906431 70.269753
v -20.677109 25.172918 55.664654
v -20.677109 30.425045 55.664654
v -19.625826 25.172918 58.332455
v -19.625826 30.425045 58.332455
v -22.703384 25.172918 56.522877
v -22.703384 30.425045 56.522877
v -21.652100 25.172918 59.190681
v -21.652100 30.425045 59.190681
v 1.476885 0.667818 47.808662
v 1.476885 25.837152 47.808662
v -30.471474 0.667818 61.392731
v -30.471474 15.906431 61.392731
v -18.813692 0.667818 66.882462
v -18.813692 15.906431 66.882462
v -26.196156 0.667818 49.128429
v -26.196156 15.906431 49.128429
v -22.504925 25.837152 58.005447
v -22.504925 0.667818 58.005447
v -22.504925 15.906431 58.005447
v 1.476885 15.906431 47.808662
v -20.151466 25.172918 56.998554
v -20.151466 31.304306 56.998554
v -22.177742 25.172918 57.856777
v -22.177742 31.304306 57.856777
v -31.527180 0.667817 58.429829
v -31.527180 21.996130 58.429829
v -29.091854 0.667817 64.226677
v -29.091854 21.996130 64.226677
v -33.287449 0.667817 59.204109
v -33.287449 21.996130 59.204109
v -30.852123 0.667817 65.000961
v -30.852123 21.996130 65.000961
v -30.309517 0.667817 61.328255
v -30.309517 23.556826 61.328255
v -32.069786 0.667817 62.102531
v -32.069786 23.556826 62.102531
v 3.484889 0.667818 52.710854
v 3.484889 15.911088 52.710854
v -0.562873 0.667818 42.923779
v -0.562873 15.911088 42.923779
v 2.231112 0.667818 42.145420
v 2.231112 15.911088 42.145420
v 4.907847 0.667818 42.230560
v 4.907847 15.911088 42.230560
v 7.059844 0.667818 43.166229
v 7.059844 15.911088 43.166229
v 8.359460 0.667818 44.809986
v 8.359460 15.911088 44.809986
v 8.608850 0.667818 46.911583
v 8.608850 15.911088 46.911583
v 7.770049 0.667818 49.151066
v 7.770049 15.911088 49.151066
v 5.970754 0.667818 51.187500
v 5.970754 15.911088 51.187500
v 1.461003 0.667818 47.817318
v 1.461003 15.911088 47.817318
v 4.100934 15.911088 46.666458
v 6.338948 15.911088 45.690811
v 6.338960 0.667818 45.690807
v 4.100947 0.667818 46.666454
vn 0.9234 -0.0000 -0.3839
vn -0.9234 -0.0000 0.3839
vn -0.3913 -0.0000 -0.9203
vn -0.0000 -1.0000 -0.0000
vn 0.3913 -0.0000 0.9203
vn -0.2811 0.6955 -0.6612
vn 0.9304 -0.0000 -0.3666
vn 0.3900 -0.0000 0.9208
vn -0.9304 -0.0000 0.3666
vn -0.3900 -0.0000 -0.9208
vn -0.2039 0.8524 -0.4815
vn 0.2811 0.6955 0.6612
vn -0.0000 1.0000 -0.0000
vn 0.2039 0.8524 0.4815
vn 0.9219 -0.0000 -0.3873
vn 0.4026 -0.0000 0.9154
vn -0.9219 -0.0000 0.3873
vn -0.4026 -0.0000 -0.9154
vn -0.1791 0.8957 -0.4071
vn 0.1791 0.8957 0.4071
vn -0.2684 -0.0000 -0.9633
vn 0.0318 -0.0000 -0.9995
vn 0.3987 -0.0000 -0.9171
vn 0.7844 -0.0000 -0.6202
vn 0.9930 -0.0000 -0.1178
vn 0.9365 -0.0000 0.3508
vn 0.7494 -0.0000 0.6621
vn 0.5225 -0.0000 0.8526
vn -0.9241 -0.0000 0.3822
vt 0.375000 0.125000
vt 0.500166 0.125000
vt 0.625000 0.250000
vt 0.375000 0.250000
vt 0.375000 0.625000
vt 0.625000 0.625000
vt 0.625000 0.750000
vt 0.375000 0.750000
vt 0.469152 0.562982
vt 0.281491 0.562982
vt 0.312661 0.625000
vt 0.312661 0.750000
vt 0.375000 0.437661
vt 0.625000 0.437661
vt 0.625000 0.500000
vt 0.375000 0.500000
vt 0.687339 0.625000
vt 0.875000 0.625000
vt 0.875000 0.750000
vt 0.687339 0.750000
vt 0.625000 0.125000
vt 0.625000 1.000000
vt 0.375000 1.000000
vt 0.125000 0.625000
vt 0.125000 0.750000
vt 0.687339 0.500000
vt 0.875000 0.500000
vt 0.312661 0.500000
vt 0.375000 0.000000
vt 0.625000 0.000000
vt 0.125000 0.500000
vt 0.000000 0.000000
vt 0.687339 0.625000
vt 0.500000 0.500000
vt 0.500000 1.000000
vt 0.437500 1.000000
vt 0.437500 0.500000
vt 0.312500 1.000000
vt 0.312500 0.500000
vt 0.250000 1.000000
vt 0.250000 0.500000
vt 0.187500 1.000000
vt 0.187500 0.500000
vt 0.125000 1.000000
vt 0.062500 1.000000
vt 0.062500 0.500000
vt 0.000000 1.000000
vt 0.000000 0.500000
s 0
usemtl Wall
f 1986/696/1330 1997/697/1330 1973/698/1330 1972/699/1330
f 1988/700/1331 1989/701/1331 1975/702/1331 1974/703/1331
f 1993/704/1332 1992/705/1332 1974/703/1332 1975/702/1332
f 1995/706/1333 1988/700/1333 1974/703/1333 1992/707/1333
f 1990/708/1334 1991/709/1334 1977/710/1334 1976/711/1334
f 1994/712/1335 1987/713/1335 1971/714/1335 1993/715/1335
f 1998/696/1336 1999/716/1336 1981/698/1336 1980/699/1336
f 1980/699/1337 1981/698/1337 1985/710/1337 1984/711/1337
f 2000/700/1338 2001/701/1338 1983/702/1338 1982/703/1338
f 1982/703/1339 1983/702/1339 1979/717/1339 1978/718/1339
f 1998/719/1333 2000/700/1333 1982/703/1333 1978/720/1333
f 2001/701/1340 1999/713/1340 1979/714/1340 1983/702/1340
f 1991/721/1341 1973/722/1341 1987/713/1341 1994/712/1341
f 1990/723/1333 1976/711/1333 1988/700/1333 1995/706/1333
f 1976/711/1331 1977/710/1331 1989/701/1331 1988/700/1331
f 1970/724/1330 1971/725/1330 1997/697/1330 1986/696/1330
f 1972/726/1333 1990/723/1333 1995/706/1333 1986/719/1333
f 1972/699/1334 1973/698/1334 1991/709/1334 1990/708/1334
f 1986/719/1333 1995/706/1333 1992/707/1333 1970/720/1333
f 1971/727/1332 1970/727/1332 1992/705/1332 1993/704/1332
f 1996/727/1342 1993/727/1342 1975/727/1342 1989/727/1342
f 1997/697/1330 1971/725/1330 1987/716/1330
f 1991/727/1342 1996/727/1342 1989/727/1342 1977/727/1342
f 1996/728/1331 1991/721/1331 1994/712/1331
f 1973/698/1330 1997/697/1330 1987/716/1330
f 1994/712/1331 1993/715/1331 1996/728/1331
f 1985/710/1343 1981/722/1343 1999/713/1343 2001/701/1343
f 1980/726/1333 1984/711/1333 2000/700/1333 1998/719/1333
f 1984/711/1338 1985/710/1338 2001/701/1338 2000/700/1338
f 1978/724/1336 1979/725/1336 1999/716/1336 1998/696/1336
f 2010/696/1344 2011/716/1344 2005/698/1344 2004/699/1344
f 2004/699/1345 2005/698/1345 2009/710/1345 2008/711/1345
f 2012/700/1346 2013/701/1346 2007/702/1346 2006/703/1346
f 2006/703/1347 2007/702/1347 2003/717/1347 2002/718/1347
f 2010/719/1333 2012/700/1333 2006/703/1333 2002/720/1333
f 2013/701/1348 2011/713/1348 2003/714/1348 2007/702/1348
f 2009/710/1349 2005/722/1349 2011/713/1349 2013/701/1349
f 2004/726/1333 2008/711/1333 2012/700/1333 2010/719/1333
f 2008/711/1346 2009/710/1346 2013/701/1346 2012/700/1346
f 2002/724/1344 2003/725/1344 2011/716/1344 2010/696/1344
f 2016/729/1350 2017/730/1350 2019/731/1350 2018/732/1350
f 2018/732/1351 2019/731/1351 2021/718/1351 2020/711/1351
f 2020/711/1352 2021/718/1352 2023/733/1352 2022/734/1352
f 2022/734/1353 2023/733/1353 2025/735/1353 2024/736/1353
f 2024/736/1354 2025/735/1354 2027/737/1354 2026/738/1354
f 2026/738/1355 2027/737/1355 2029/739/1355 2028/726/1355
f 2028/726/1356 2029/739/1356 2031/740/1356 2030/741/1356
f 2030/741/1357 2031/740/1357 2015/742/1357 2014/743/1357
f 2032/736/1358 2033/735/1358 2017/730/1358 2016/729/1358
f 2034/727/1342 2033/727/1342 2015/727/1342 2031/727/1342
f 2035/727/1342 2034/727/1342 2031/727/1342 2029/727/1342
f 2021/727/1342 2019/727/1342 2034/727/1342 2035/727/1342
f 2019/727/1342 2017/727/1342 2033/727/1342 2034/727/1342
f 2027/727/1342 2025/727/1342 2035/727/1342 2029/727/1342
f 2014/743/1358 2015/742/1358 2033/735/1358 2032/736/1358
f 2016/729/1333 2018/732/1333 2037/736/1333 2032/736/1333
f 2035/727/1342 2025/727/1342 2023/727/1342 2021/727/1342
f 2032/736/1333 2037/736/1333 2030/741/1333 2014/743/1333
f 2037/736/1333 2018/732/1333 2020/711/1333 2036/736/1333
f 2036/736/1333 2020/711/1333 2022/734/1333 2024/736/1333
f 2030/741/1333 2037/736/1333 2036/736/1333 2028/726/1333
f 2028/726/1333 2036/736/1333 2024/736/1333 2026/738/1333
o House.001
v 11.098800 0.667816 31.110226
v 11.098800 5.508625 31.110226
v 8.941643 0.667816 23.278633
v 8.941643 5.508625 23.278633
v 18.325886 0.667816 27.679598
v 18.325886 5.508625 27.679598
v 14.895259 0.667816 20.452511
v 14.895259 5.508625 20.452511
v 9.383486 0.667816 27.496681
v 9.383486 8.667816 27.496681
v 16.610573 0.667816 24.066053
v 16.610573 8.667816 24.066053
v 3.418545 0.667816 31.322514
v 3.418545 5.508625 31.322514
v 4.360551 0.667816 23.399164
v 4.360551 5.508625 23.399164
v 3.889547 0.667816 27.360838
v 3.889547 8.667816 27.360838
v -2.603907 0.667816 29.400517
v -2.603907 5.508625 29.400517
v -0.531901 0.667816 21.673496
v -0.531901 5.508625 21.673496
v -1.567904 0.667816 25.537006
v -1.567904 8.667816 25.537006
v -8.745917 0.667816 24.268459
v -8.745917 5.508625 24.268459
v -3.378268 0.667816 18.336475
v -3.378268 5.508625 18.336475
v -6.062091 0.667816 21.302465
v -6.062091 8.667816 21.302465
vn -0.0000 -1.0000 -0.0000
vn -0.4288 -0.0000 -0.9034
vn 0.9034 -0.0000 -0.4288
vn 0.4288 -0.0000 0.9034
vn 0.2658 0.7848 0.5599
vn -0.2658 0.7848 -0.5599
vn -0.0263 -0.0000 -0.9997
vn 0.3326 -0.0000 -0.9431
vn -0.1936 0.7812 0.5935
vn 0.0276 -0.0000 0.9996
vn 0.0037 0.7682 0.6402
vn 0.0009 0.7914 -0.6113
vn 0.4653 0.7616 -0.4511
vn -0.3040 -0.0000 0.9527
vn 0.2028 0.7806 -0.5912
vn -0.7415 -0.0000 -0.6710
vn -0.4230 0.7683 0.4804
vn 0.7608 -0.0000 -0.6490
vn -0.6412 -0.0000 0.7674
vt 0.169052 0.500000
vt 0.125000 0.625000
vt 0.125000 0.625000
vt 0.125000 0.500000
vt 0.375000 0.294052
vt 0.625000 0.294052
vt 0.625000 0.500000
vt 0.375000 0.500000
vt 0.375000 0.625000
vt 0.625000 0.625000
vt 0.625000 0.750000
vt 0.375000 0.750000
vt 0.625000 1.000000
vt 0.375000 1.000000
vt 0.125000 0.750000
vt 0.875000 0.625000
vt 0.875000 0.750000
vt 0.830948 0.500000
vt 0.375000 0.250000
vt 0.625000 0.250000
vt 0.375000 0.250000
vt 0.875000 0.500000
vt 0.875000 0.500000
vt 0.375000 0.125000
vt 0.625000 0.125000
vt 0.375000 0.000000
vt 0.625000 0.000000
s 0
f 2040/744/1359 2046/745/1359 2054/746/1359 2052/747/1359
f 2040/748/1360 2041/749/1360 2045/750/1360 2044/751/1360
f 2048/752/1361 2049/753/1361 2043/754/1361 2042/755/1361
f 2042/755/1362 2043/754/1362 2039/756/1362 2038/757/1362
f 2046/745/1359 2048/752/1359 2042/755/1359 2038/758/1359
f 2049/753/1363 2047/759/1363 2039/760/1363 2043/754/1363
f 2045/750/1364 2041/761/1364 2047/759/1364 2049/753/1364
f 2040/744/1359 2044/751/1359 2048/752/1359 2046/745/1359
f 2044/751/1361 2045/750/1361 2049/753/1361 2048/752/1361
f 2041/749/1365 2040/748/1365 2052/762/1365 2053/763/1365
f 2053/763/1366 2052/762/1366 2058/764/1366 2059/763/1366
f 2051/760/1367 2055/759/1367 2061/759/1367 2057/760/1367
f 2038/757/1368 2039/756/1368 2051/756/1368 2050/757/1368
f 2039/760/1369 2047/759/1369 2055/759/1369 2051/760/1369
f 2047/759/1370 2041/761/1370 2053/765/1370 2055/759/1370
f 2046/745/1359 2038/758/1359 2050/758/1359 2054/746/1359
f 2061/759/1371 2059/766/1371 2065/766/1371 2067/759/1371
f 2058/747/1359 2060/745/1359 2066/745/1359 2064/747/1359
f 2050/757/1372 2051/756/1372 2057/756/1372 2056/757/1372
f 2052/747/1359 2054/746/1359 2060/745/1359 2058/747/1359
f 2055/759/1373 2053/765/1373 2059/766/1373 2061/759/1373
f 2054/746/1359 2050/758/1359 2056/758/1359 2060/745/1359
f 2066/767/1374 2067/768/1374 2065/763/1374 2064/764/1374
f 2062/769/1374 2063/770/1374 2067/768/1374 2066/767/1374
f 2060/745/1359 2056/758/1359 2062/758/1359 2066/745/1359
f 2057/760/1375 2061/759/1375 2067/759/1375 2063/760/1375
f 2059/763/1376 2058/764/1376 2064/764/1376 2065/763/1376
f 2056/757/1377 2057/756/1377 2063/756/1377 2062/757/1377
o House.002
v 27.136387 0.667816 21.021631
v 27.136387 5.508625 21.021631
v 22.280441 0.667816 14.663975
v 22.280441 5.508625 14.663975
v 24.708414 0.667816 17.842802
v 24.708414 8.667816 17.842802
v 19.605886 0.667816 26.773390
v 19.605886 5.508625 26.773390
v 17.177914 8.667816 23.594561
v 17.177914 0.667816 23.594563
v 14.749939 0.667816 20.415733
v 14.749939 5.508625 20.415733
vn 0.7947 -0.0000 -0.6070
vn 0.6070 -0.0000 0.7947
vn -0.0000 -1.0000 -0.0000
vn -0.7947 -0.0000 0.6070
vn -0.3762 0.7848 -0.4926
vn 0.3762 0.7848 0.4926
vn -0.6070 -0.0000 -0.7947
vt 0.375000 0.625000
vt 0.625000 0.625000
vt 0.625000 0.750000
vt 0.375000 0.750000
vt 0.375000 0.500000
vt 0.625000 0.500000
s 0
f 2072/771/1378 2073/772/1378 2069/773/1378 2068/774/1378
f 2070/775/1378 2071/776/1378 2073/772/1378 2072/771/1378
f 2069/773/1379 2075/773/1379 2074/774/1379 2068/774/1379
f 2072/771/1380 2077/771/1380 2078/775/1380 2070/775/1380
f 2077/771/1381 2074/774/1381 2075/773/1381 2076/772/1381
f 2078/775/1381 2077/771/1381 2076/772/1381 2079/776/1381
f 2071/776/1382 2079/776/1382 2076/772/1382 2073/772/1382
f 2073/772/1383 2076/772/1383 2075/773/1383 2069/773/1383
f 2068/774/1380 2074/774/1380 2077/771/1380 2072/771/1380
f 2070/775/1384 2078/775/1384 2079/776/1384 2071/776/1384
o House.003
v 33.262646 0.667816 14.757273
v 33.262646 5.508625 14.757273
v 37.581505 0.667816 8.023219
v 37.581505 5.508625 8.023219
v 35.422073 0.667816 11.390245
v 35.422073 8.667816 11.390245
v 25.286310 0.667816 9.641682
v 25.286310 5.508625 9.641682
v 27.445740 8.667816 6.274655
v 27.445740 0.667816 6.274655
v 29.605167 0.667816 2.907629
v 29.605167 5.508625 2.907629
vn 0.8418 -0.0000 0.5399
vn -0.5399 -0.0000 0.8418
vn -0.0000 -1.0000 -0.0000
vn -0.8418 -0.0000 -0.5399
vn 0.3346 0.7848 -0.5217
vn -0.3346 0.7848 0.5217
vn 0.5399 -0.0000 -0.8418
vt 0.375000 0.625000
vt 0.625000 0.625000
vt 0.625000 0.750000
vt 0.375000 0.750000
vt 0.375000 0.500000
vt 0.625000 0.500000
s 0
f 2084/777/1385 2085/778/1385 2081/779/1385 2080/780/1385
f 2082/781/1385 2083/782/1385 2085/778/1385 2084/777/1385
f 2081/779/1386 2087/779/1386 2086/780/1386 2080/780/1386
f 2084/777/1387 2089/777/1387 2090/781/1387 2082/781/1387
f 2089/777/1388 2086/780/1388 2087/779/1388 2088/778/1388
f 2090/781/1388 2089/777/1388 2088/778/1388 2091/782/1388
f 2083/782/1389 2091/782/1389 2088/778/1389 2085/778/1389
f 2085/778/1390 2088/778/1390 2087/779/1390 2081/779/1390
f 2080/780/1387 2086/780/1387 2089/777/1387 2084/777/1387
f 2082/781/1391 2090/781/1391 2091/782/1391 2083/782/1391
o House.004
v 28.120951 0.667816 20.968510
v 28.120951 5.508625 20.968510
v 33.316990 0.667816 14.885649
v 33.316990 5.508625 14.885649
v 30.718971 0.667816 17.927078
v 30.718971 8.667816 17.927078
v 21.664764 0.667816 13.937290
v 21.664764 5.508625 13.937290
v 23.513960 8.667816 11.772488
v 23.513960 0.667816 11.772488
v 25.363155 0.667816 9.607684
v 25.363155 5.508625 9.607684
vn 0.7604 -0.0000 0.6495
vn -0.7366 -0.0000 0.6763
vn -0.0000 -1.0000 -0.0000
vn -0.7604 -0.0000 -0.6495
vn 0.4088 0.7343 -0.5420
vn -0.4714 0.7343 0.4884
vn 0.5529 -0.0000 -0.8332
vt 0.375000 0.625000
vt 0.625000 0.625000
vt 0.625000 0.750000
vt 0.375000 0.750000
vt 0.375000 0.500000
vt 0.625000 0.500000
s 0
f 2096/783/1392 2097/784/1392 2093/785/1392 2092/786/1392
f 2094/787/1392 2095/788/1392 2097/784/1392 2096/783/1392
f 2093/785/1393 2099/785/1393 2098/786/1393 2092/786/1393
f 2096/783/1394 2101/783/1394 2102/787/1394 2094/787/1394
f 2101/783/1395 2098/786/1395 2099/785/1395 2100/784/1395
f 2102/787/1395 2101/783/1395 2100/784/1395 2103/788/1395
f 2095/788/1396 2103/788/1396 2100/784/1396 2097/784/1396
f 2097/784/1397 2100/784/1397 2099/785/1397 2093/785/1397
f 2092/786/1394 2098/786/1394 2101/783/1394 2096/783/1394
f 2094/787/1398 2102/787/1398 2103/788/1398 2095/788/1398
o House.005
v -3.404548 0.667816 -34.745037
v -3.404548 5.508625 -34.745037
v -6.163691 0.667816 -42.254173
v -6.163691 5.508625 -42.254173
v -4.784120 0.667816 -38.499607
v -4.784120 8.667816 -38.499607
v -22.618193 0.667816 -28.535212
v -22.618193 5.508625 -28.535212
v -23.997765 8.667816 -32.289780
v -23.997765 0.667816 -32.289780
v -25.377335 0.667816 -36.044350
v -25.377335 5.508625 -36.044350
vn 0.9386 -0.0000 -0.3449
vn 0.3075 -0.0000 0.9515
vn -0.0000 -1.0000 -0.0000
vn -0.9386 -0.0000 0.3449
vn -0.1907 0.7845 -0.5900
vn 0.1907 0.7845 0.5900
vn -0.3075 -0.0000 -0.9515
vt 0.375000 0.625000
vt 0.625000 0.625000
vt 0.625000 0.750000
vt 0.375000 0.750000
vt 0.375000 0.500000
vt 0.625000 0.500000
s 0
f 2108/789/1399 2109/790/1399 2105/791/1399 2104/792/1399
f 2106/793/1399 2107/794/1399 2109/790/1399 2108/789/1399
f 2105/791/1400 2111/791/1400 2110/792/1400 2104/792/1400
f 2108/789/1401 2113/789/1401 2114/793/1401 2106/793/1401
f 2113/789/1402 2110/792/1402 2111/791/1402 2112/790/1402
f 2114/793/1402 2113/789/1402 2112/790/1402 2115/794/1402
f 2107/794/1403 2115/794/1403 2112/790/1403 2109/790/1403
f 2109/790/1404 2112/790/1404 2111/791/1404 2105/791/1404
f 2104/792/1401 2110/792/1401 2113/789/1401 2108/789/1401
f 2106/793/1405 2114/793/1405 2115/794/1405 2107/794/1405
o House.006
v -19.800270 0.667816 -50.269920
v -19.800270 5.508625 -50.269920
v -22.478222 0.667816 -57.808395
v -22.478222 5.508625 -57.808395
v -21.139246 0.667816 -54.039158
v -21.139246 8.667816 -54.039158
v -28.729424 0.667816 -47.097946
v -28.729424 5.508625 -47.097946
v -30.068398 8.667816 -50.867184
v -30.068398 0.667816 -50.867184
v -31.407373 0.667816 -54.636421
v -31.407373 5.508625 -54.636421
vn 0.9423 -0.0000 -0.3347
vn 0.3347 -0.0000 0.9423
vn -0.0000 -1.0000 -0.0000
vn -0.9423 -0.0000 0.3347
vn -0.2075 0.7848 -0.5840
vn 0.2075 0.7848 0.5840
vn -0.3347 -0.0000 -0.9423
vt 0.375000 0.625000
vt 0.625000 0.625000
vt 0.625000 0.750000
vt 0.375000 0.750000
vt 0.375000 0.500000
vt 0.625000 0.500000
s 0
f 2120/795/1406 2121/796/1406 2117/797/1406 2116/798/1406
f 2118/799/1406 2119/800/1406 2121/796/1406 2120/795/1406
f 2117/797/1407 2123/797/1407 2122/798/1407 2116/798/1407
f 2120/795/1408 2125/795/1408 2126/799/1408 2118/799/1408
f 2125/795/1409 2122/798/1409 2123/797/1409 2124/796/1409
f 2126/799/1409 2125/795/1409 2124/796/1409 2127/800/1409
f 2119/800/1410 2127/800/1410 2124/796/1410 2121/796/1410
f 2121/796/1411 2124/796/1411 2123/797/1411 2117/797/1411
f 2116/798/1408 2122/798/1408 2125/795/1408 2120/795/1408
f 2118/799/1412 2126/799/1412 2127/800/1412 2119/800/1412
o House.007
v -17.108915 0.667816 -42.811947
v -17.108915 5.508625 -42.811947
v -19.786865 0.667816 -50.350422
v -19.786865 5.508625 -50.350422
v -18.447891 0.667816 -46.581184
v -18.447891 8.667816 -46.581184
v -26.038069 0.667816 -39.639977
v -26.038069 5.508625 -39.639977
v -27.377045 8.667816 -43.409210
v -27.377045 0.667816 -43.409210
v -28.716019 0.667816 -47.178448
v -28.716019 5.508625 -47.178448
vn 0.9423 -0.0000 -0.3347
vn 0.3347 -0.0000 0.9423
vn -0.0000 -1.0000 -0.0000
vn -0.9423 -0.0000 0.3347
vn -0.2075 0.7848 -0.5840
vn 0.2075 0.7848 0.5840
vn -0.3347 -0.0000 -0.9423
vt 0.375000 0.625000
vt 0.625000 0.625000
vt 0.625000 0.750000
vt 0.375000 0.750000
vt 0.375000 0.500000
vt 0.625000 0.500000
s 0
f 2132/801/1413 2133/802/1413 2129/803/1413 2128/804/1413
f 2130/805/1413 2131/806/1413 2133/802/1413 2132/801/1413
f 2129/803/1414 2135/803/1414 2134/804/1414 2128/804/1414
f 2132/801/1415 2137/801/1415 2138/805/1415 2130/805/1415
f 2137/801/1416 2134/804/1416 2135/803/1416 2136/802/1416
f 2138/805/1416 2137/801/1416 2136/802/1416 2139/806/1416
f 2131/806/1417 2139/806/1417 2136/802/1417 2133/802/1417
f 2133/802/1418 2136/802/1418 2135/803/1418 2129/803/1418
f 2128/804/1415 2134/804/1415 2137/801/1415 2132/801/1415
f 2130/805/1419 2138/805/1419 2139/806/1419 2131/806/1419
o House.008
v -22.431961 0.667816 -57.847221
v -22.431961 5.508625 -57.847221
v -25.109913 0.667816 -65.385696
v -25.109913 5.508625 -65.385696
v -23.770937 0.667816 -61.616459
v -23.770937 8.667816 -61.616459
v -31.361115 0.667816 -54.675247
v -31.361115 5.508625 -54.675247
v -32.700089 8.667816 -58.444485
v -32.700089 0.667816 -58.444485
v -34.039062 0.667816 -62.213722
v -34.039062 5.508625 -62.213722
vn 0.9423 -0.0000 -0.3347
vn 0.3347 -0.0000 0.9423
vn -0.0000 -1.0000 -0.0000
vn -0.9423 -0.0000 0.3347
vn -0.2075 0.7848 -0.5840
vn 0.2075 0.7848 0.5840
vn -0.3347 -0.0000 -0.9423
vt 0.375000 0.625000
vt 0.625000 0.625000
vt 0.625000 0.750000
vt 0.375000 0.750000
vt 0.375000 0.500000
vt 0.625000 0.500000
s 0
f 2144/807/1420 2145/808/1420 2141/809/1420 2140/810/1420
f 2142/811/1420 2143/812/1420 2145/808/1420 2144/807/1420
f 2141/809/1421 2147/809/1421 2146/810/1421 2140/810/1421
f 2144/807/1422 2149/807/1422 2150/811/1422 2142/811/1422
f 2149/807/1423 2146/810/1423 2147/809/1423 2148/808/1423
f 2150/811/1423 2149/807/1423 2148/808/1423 2151/812/1423
f 2143/812/1424 2151/812/1424 2148/808/1424 2145/808/1424
f 2145/808/1425 2148/808/1425 2147/809/1425 2141/809/1425
f 2140/810/1422 2146/810/1422 2149/807/1422 2144/807/1422
f 2142/811/1426 2150/811/1426 2151/812/1426 2143/812/1426
o House.009
v -34.318676 0.667816 -64.024513
v -34.318676 5.508625 -64.024513
v -24.613693 0.667816 -67.267113
v -24.613693 5.508625 -67.267113
v -29.466185 0.667816 -65.645813
v -29.466185 8.667816 -65.645813
v -37.788944 0.667816 -74.410896
v -37.788944 5.508625 -74.410896
v -32.936451 8.667816 -76.032196
v -32.936451 0.667816 -76.032196
v -28.083960 0.667816 -77.653496
v -28.083960 5.508625 -77.653496
vn 0.3169 -0.0000 0.9485
vn -0.9485 -0.0000 0.3169
vn -0.0000 -1.0000 -0.0000
vn -0.3169 -0.0000 -0.9485
vn 0.4983 0.8509 -0.1665
vn -0.4983 0.8509 0.1665
vn 0.9485 -0.0000 -0.3169
vt 0.375000 0.625000
vt 0.625000 0.625000
vt 0.625000 0.750000
vt 0.375000 0.750000
vt 0.375000 0.500000
vt 0.625000 0.500000
s 0
f 2156/813/1427 2157/814/1427 2153/815/1427 2152/816/1427
f 2154/817/1427 2155/818/1427 2157/814/1427 2156/813/1427
f 2153/815/1428 2159/815/1428 2158/816/1428 2152/816/1428
f 2156/813/1429 2161/813/1429 2162/817/1429 2154/817/1429
f 2161/813/1430 2158/816/1430 2159/815/1430 2160/814/1430
f 2162/817/1430 2161/813/1430 2160/814/1430 2163/818/1430
f 2155/818/1431 2163/818/1431 2160/814/1431 2157/814/1431
f 2157/814/1432 2160/814/1432 2159/815/1432 2153/815/1432
f 2152/816/1429 2158/816/1429 2161/813/1429 2156/813/1429
f 2154/817/1433 2162/817/1433 2163/818/1433 2155/818/1433
o House.010
v 1.919057 0.667816 -25.396204
v 1.919057 5.508625 -25.396204
v 1.815010 0.667816 -15.164373
v 1.815010 5.508625 -15.164373
v 1.867033 0.667816 -20.280289
v 1.867033 8.667816 -20.280289
v 12.869274 0.667816 -25.284851
v 12.869274 5.508625 -25.284851
v 12.817251 8.667816 -20.168936
v 12.817251 0.667816 -20.168938
v 12.765227 0.667816 -15.053022
v 12.765227 5.508625 -15.053022
v -9.660404 0.667816 -21.355082
v -9.660404 5.508625 -21.355082
v -4.816003 0.667816 -10.859861
v -4.816003 5.508625 -10.859861
v -7.238205 0.667816 -16.107471
v -7.238204 8.667816 -16.107471
vn -0.3295 -0.0000 -0.9442
vn 0.2489 0.8512 0.4620
vn 0.0102 -0.0000 -0.9999
vn -0.0000 -1.0000 -0.0000
vn 0.9999 -0.0000 0.0102
vn -0.0053 0.8509 0.5254
vn 0.0053 0.8509 -0.5254
vn -0.0102 -0.0000 0.9999
vn -0.9079 -0.0000 0.4191
vn -0.1902 0.8570 -0.4790
vn 0.5445 -0.0000 0.8388
vt 0.375000 0.750000
vt 0.625000 0.750000
vt 0.625000 0.625000
vt 0.625000 0.500000
vt 0.375000 0.625000
vt 0.375000 0.500000
s 0
f 2164/819/1434 2176/819/1434 2177/820/1434 2165/820/1434
f 2169/821/1435 2181/821/1435 2179/822/1435 2167/822/1435
f 2165/820/1436 2171/820/1436 2170/819/1436 2164/819/1436
f 2168/823/1437 2173/823/1437 2174/824/1437 2166/824/1437
f 2173/823/1438 2170/819/1438 2171/820/1438 2172/821/1438
f 2174/824/1438 2173/823/1438 2172/821/1438 2175/822/1438
f 2167/822/1439 2175/822/1439 2172/821/1439 2169/821/1439
f 2169/821/1440 2172/821/1440 2171/820/1440 2165/820/1440
f 2164/819/1437 2170/819/1437 2173/823/1437 2168/823/1437
f 2166/824/1441 2174/824/1441 2175/822/1441 2167/822/1441
f 2180/823/1442 2181/821/1442 2177/820/1442 2176/819/1442
f 2178/824/1442 2179/822/1442 2181/821/1442 2180/823/1442
f 2166/824/1437 2178/824/1437 2180/823/1437 2168/823/1437
f 2168/823/1437 2180/823/1437 2176/819/1437 2164/819/1437
f 2165/820/1443 2177/820/1443 2181/821/1443 2169/821/1443
f 2167/822/1444 2179/822/1444 2178/824/1444 2166/824/1444
o House.011
v 51.173618 0.667816 7.146302
v 51.173618 5.508625 7.146302
v 49.932426 0.667816 -0.756827
v 49.932426 5.508625 -0.756827
v 50.553020 0.667816 3.194738
v 50.553020 8.667816 3.194737
v 41.812538 0.667816 8.616467
v 41.812538 5.508625 8.616467
v 41.191944 8.667816 4.664903
v 41.191944 0.667816 4.664903
v 40.571346 0.667816 0.713338
v 40.571346 5.508625 0.713338
vn 0.9879 -0.0000 -0.1551
vn 0.1551 -0.0000 0.9879
vn -0.0000 -1.0000 -0.0000
vn -0.9879 -0.0000 0.1551
vn -0.0962 0.7848 -0.6123
vn 0.0962 0.7848 0.6123
vn -0.1551 -0.0000 -0.9879
vt 0.375000 0.625000
vt 0.625000 0.625000
vt 0.625000 0.750000
vt 0.375000 0.750000
vt 0.375000 0.500000
vt 0.625000 0.500000
s 0
f 2186/825/1445 2187/826/1445 2183/827/1445 2182/828/1445
f 2184/829/1445 2185/830/1445 2187/826/1445 2186/825/1445
f 2183/827/1446 2189/827/1446 2188/828/1446 2182/828/1446
f 2186/825/1447 2191/825/1447 2192/829/1447 2184/829/1447
f 2191/825/1448 2188/828/1448 2189/827/1448 2190/826/1448
f 2192/829/1448 2191/825/1448 2190/826/1448 2193/830/1448
f 2185/830/1449 2193/830/1449 2190/826/1449 2187/826/1449
f 2187/826/1450 2190/826/1450 2189/827/1450 2183/827/1450
f 2182/828/1447 2188/828/1447 2191/825/1447 2186/825/1447
f 2184/829/1451 2192/829/1451 2193/830/1451 2185/830/1451
o House.012
v 51.074837 0.667816 -1.568160
v 51.074837 5.508625 -1.568160
v 48.998550 0.667816 -9.294028
v 48.998550 5.508625 -9.294028
v 50.036694 0.667816 -5.431094
v 50.036694 8.667816 -5.431094
v 40.578949 0.667816 1.294585
v 40.578949 5.508625 1.294585
v 39.540806 8.667816 -2.568349
v 39.540806 0.667816 -2.568349
v 38.502663 0.667816 -6.431283
v 38.502663 5.508625 -6.431283
vn 0.9657 -0.0000 -0.2595
vn 0.2631 -0.0000 0.9648
vn -0.0000 -1.0000 -0.0000
vn -0.9657 -0.0000 0.2595
vn -0.1631 0.7848 -0.5980
vn 0.1631 0.7848 0.5980
vn -0.2631 -0.0000 -0.9648
vt 0.375000 0.625000
vt 0.625000 0.625000
vt 0.625000 0.750000
vt 0.375000 0.750000
vt 0.375000 0.500000
vt 0.625000 0.500000
s 0
f 2198/831/1452 2199/832/1452 2195/833/1452 2194/834/1452
f 2196/835/1452 2197/836/1452 2199/832/1452 2198/831/1452
f 2195/833/1453 2201/833/1453 2200/834/1453 2194/834/1453
f 2198/831/1454 2203/831/1454 2204/835/1454 2196/835/1454
f 2203/831/1455 2200/834/1455 2201/833/1455 2202/832/1455
f 2204/835/1455 2203/831/1455 2202/832/1455 2205/836/1455
f 2197/836/1456 2205/836/1456 2202/832/1456 2199/832/1456
f 2199/832/1457 2202/832/1457 2201/833/1457 2195/833/1457
f 2194/834/1454 2200/834/1454 2203/831/1454 2198/831/1454
f 2196/835/1458 2204/835/1458 2205/836/1458 2197/836/1458
o House.013
v 46.800934 0.658360 -16.103333
v 46.800934 6.166423 -16.103333
v 44.977375 0.658360 -25.021521
v 44.977375 6.166423 -25.021521
v 45.889153 0.658360 -20.562426
v 45.889153 9.761075 -20.562428
v 36.237537 0.658360 -13.943368
v 36.237537 6.166423 -13.943368
v 35.325760 9.761075 -18.402462
v 35.325760 0.658360 -18.402462
v 34.413979 0.658360 -22.861557
v 34.413979 6.166423 -22.861557
v 60.494530 0.658360 -15.116816
v 60.494530 6.166423 -15.116816
v 60.621613 0.658360 -24.218643
v 60.621613 6.166423 -24.218643
v 60.558075 0.658360 -19.667728
v 60.558075 9.761075 -19.667730
v 70.925446 0.658360 -15.253681
v 70.925446 6.166423 -15.253681
v 71.052536 0.658360 -24.355509
v 71.052536 6.166423 -24.355509
v 70.988998 0.658360 -19.804594
v 70.988998 9.761075 -19.804594
v 82.432022 0.658360 -12.875207
v 82.432022 6.166423 -12.875207
v 82.559097 0.658360 -21.977036
v 82.559097 6.166423 -21.977036
v 82.495560 0.658360 -17.426121
v 82.495560 9.761075 -17.426121
v 94.482742 0.658360 -12.680147
v 94.482742 6.166423 -12.680147
v 91.085999 0.658360 -21.125362
v 91.085999 6.166423 -21.125362
v 92.784370 0.658360 -16.902756
v 92.784370 9.761075 -16.902756
vn -0.0000 -1.0000 -0.0000
vn -0.0719 -0.0000 0.9974
vn 0.2003 -0.0000 0.9797
vn -0.9797 -0.0000 0.2003
vn -0.1242 0.7848 -0.6072
vn 0.1242 0.7848 0.6072
vn -0.2003 -0.0000 -0.9797
vn 0.0131 -0.0000 0.9999
vn -0.0081 0.7846 -0.6199
vn -0.0415 0.7791 0.6256
vn 0.0513 -0.0000 -0.9987
vn 0.0350 0.7796 -0.6253
vn -0.1269 0.7793 0.6137
vn 0.0081 0.7846 0.6199
vn -0.0131 -0.0000 -0.9999
vn -0.0162 -0.0000 0.9999
vn 0.2024 -0.0000 -0.9793
vn 0.1269 0.7793 -0.6137
vn -0.2024 -0.0000 0.9793
vn 0.9278 -0.0000 -0.3732
vn -0.0205 0.7714 0.6360
vn 0.0994 -0.0000 -0.9950
vn 0.0466 0.7684 -0.6383
vt 0.375000 0.500000
vt 0.375000 0.625000
vt 0.375000 0.750000
vt 0.625000 0.750000
vt 0.625000 0.625000
vt 0.625000 0.500000
s 0
f 2208/837/1459 2220/837/1459 2222/838/1459 2210/838/1459
f 2206/839/1460 2218/839/1460 2219/840/1460 2207/840/1460
f 2207/840/1461 2213/840/1461 2212/839/1461 2206/839/1461
f 2210/838/1459 2215/838/1459 2216/837/1459 2208/837/1459
f 2215/838/1462 2212/839/1462 2213/840/1462 2214/841/1462
f 2216/837/1462 2215/838/1462 2214/841/1462 2217/842/1462
f 2209/842/1463 2217/842/1463 2214/841/1463 2211/841/1463
f 2211/841/1464 2214/841/1464 2213/840/1464 2207/840/1464
f 2206/839/1459 2212/839/1459 2215/838/1459 2210/838/1459
f 2208/837/1465 2216/837/1465 2217/842/1465 2209/842/1465
f 2218/839/1466 2224/839/1466 2225/840/1466 2219/840/1466
f 2223/841/1467 2229/841/1467 2227/842/1467 2221/842/1467
f 2210/838/1459 2222/838/1459 2218/839/1459 2206/839/1459
f 2207/840/1468 2219/840/1468 2223/841/1468 2211/841/1468
f 2209/842/1469 2221/842/1469 2220/837/1469 2208/837/1469
f 2211/841/1470 2223/841/1470 2221/842/1470 2209/842/1470
f 2225/840/1471 2231/840/1471 2235/841/1471 2229/841/1471
f 2228/838/1459 2234/838/1459 2230/839/1459 2224/839/1459
f 2220/837/1459 2226/837/1459 2228/838/1459 2222/838/1459
f 2222/838/1459 2228/838/1459 2224/839/1459 2218/839/1459
f 2219/840/1472 2225/840/1472 2229/841/1472 2223/841/1472
f 2221/842/1473 2227/842/1473 2226/837/1473 2220/837/1473
f 2232/837/1459 2238/837/1459 2240/838/1459 2234/838/1459
f 2230/839/1474 2236/839/1474 2237/840/1474 2231/840/1474
f 2227/842/1475 2233/842/1475 2232/837/1475 2226/837/1475
f 2229/841/1476 2235/841/1476 2233/842/1476 2227/842/1476
f 2224/839/1477 2230/839/1477 2231/840/1477 2225/840/1477
f 2226/837/1459 2232/837/1459 2234/838/1459 2228/838/1459
f 2240/838/1478 2241/841/1478 2237/840/1478 2236/839/1478
f 2238/837/1478 2239/842/1478 2241/841/1478 2240/838/1478
f 2234/838/1459 2240/838/1459 2236/839/1459 2230/839/1459
f 2231/840/1479 2237/840/1479 2241/841/1479 2235/841/1479
f 2233/842/1480 2239/842/1480 2238/837/1480 2232/837/1480
f 2235/841/1481 2241/841/1481 2239/842/1481 2233/842/1481
o House.014
v 47.320240 0.667816 -8.385801
v 47.320240 5.508625 -8.385801
v 45.537457 0.667816 -16.184628
v 45.537457 5.508625 -16.184628
v 46.428848 0.667816 -12.285213
v 46.428848 8.667816 -12.285213
v 38.082706 0.667816 -6.274133
v 38.082706 5.508625 -6.274133
v 37.191315 8.667816 -10.173546
v 37.191315 0.667816 -10.173546
v 36.299923 0.667816 -14.072959
v 36.299923 5.508625 -14.072959
vn 0.9749 -0.0000 -0.2228
vn 0.2228 -0.0000 0.9749
vn -0.0000 -1.0000 -0.0000
vn -0.9749 -0.0000 0.2228
vn -0.1381 0.7848 -0.6042
vn 0.1381 0.7848 0.6042
vn -0.2228 -0.0000 -0.9749
vt 0.375000 0.625000
vt 0.625000 0.625000
vt 0.625000 0.750000
vt 0.375000 0.750000
vt 0.375000 0.500000
vt 0.625000 0.500000
s 0
f 2246/843/1482 2247/844/1482 2243/845/1482 2242/846/1482
f 2244/847/1482 2245/848/1482 2247/844/1482 2246/843/1482
f 2243/845/1483 2249/845/1483 2248/846/1483 2242/846/1483
f 2246/843/1484 2251/843/1484 2252/847/1484 2244/847/1484
f 2251/843/1485 2248/846/1485 2249/845/1485 2250/844/1485
f 2252/847/1485 2251/843/1485 2250/844/1485 2253/848/1485
f 2245/848/1486 2253/848/1486 2250/844/1486 2247/844/1486
f 2247/844/1487 2250/844/1487 2249/845/1487 2243/845/1487
f 2242/846/1484 2248/846/1484 2251/843/1484 2246/843/1484
f 2244/847/1488 2252/847/1488 2253/848/1488 2245/848/1488
o House.015
v 89.297569 0.667816 -0.237342
v 89.297569 5.508625 -0.237342
v 96.967133 0.667816 -2.512831
v 96.967133 5.508625 -2.512831
v 93.132347 0.667816 -1.375086
v 93.132347 8.667816 -1.375086
v 84.504463 0.667816 -15.292544
v 84.504463 5.508625 -15.292544
v 88.339241 8.667816 -16.430290
v 88.339241 0.667816 -16.430290
v 92.174019 0.667816 -17.568033
v 92.174019 5.508625 -17.568033
vn 0.2844 -0.0000 0.9587
vn -0.9529 -0.0000 0.3034
vn -0.0000 -1.0000 -0.0000
vn -0.2844 -0.0000 -0.9587
vn 0.5907 0.7847 -0.1880
vn -0.5907 0.7847 0.1880
vn 0.9529 -0.0000 -0.3034
vt 0.375000 0.625000
vt 0.625000 0.625000
vt 0.625000 0.750000
vt 0.375000 0.750000
vt 0.375000 0.500000
vt 0.625000 0.500000
s 0
f 2258/849/1489 2259/850/1489 2255/851/1489 2254/852/1489
f 2256/853/1489 2257/854/1489 2259/850/1489 2258/849/1489
f 2255/851/1490 2261/851/1490 2260/852/1490 2254/852/1490
f 2258/849/1491 2263/849/1491 2264/853/1491 2256/853/1491
f 2263/849/1492 2260/852/1492 2261/851/1492 2262/850/1492
f 2264/853/1492 2263/849/1492 2262/850/1492 2265/854/1492
f 2257/854/1493 2265/854/1493 2262/850/1493 2259/850/1493
f 2259/850/1494 2262/850/1494 2261/851/1494 2255/851/1494
f 2254/852/1491 2260/852/1491 2263/849/1491 2258/849/1491
f 2256/853/1495 2264/853/1495 2265/854/1495 2257/854/1495
o House.016
v -33.946281 0.667816 32.374466
v -33.946281 5.508625 32.374466
v -36.758686 0.667816 24.885113
v -36.758686 5.508625 24.885113
v -35.352482 0.667816 28.629789
v -35.352482 8.667816 28.629789
v -46.171612 0.667816 36.579170
v -46.171612 5.508625 36.579170
v -47.577816 8.667816 32.834496
v -47.577816 0.667816 32.834496
v -48.984020 0.667816 29.089821
v -48.984020 5.508625 29.089821
vn 0.9362 -0.0000 -0.3516
vn 0.3252 -0.0000 0.9456
vn -0.0000 -1.0000 -0.0000
vn -0.9362 -0.0000 0.3516
vn -0.2016 0.7846 -0.5862
vn 0.2016 0.7846 0.5862
vn -0.3252 -0.0000 -0.9456
vt 0.375000 0.625000
vt 0.625000 0.625000
vt 0.625000 0.750000
vt 0.375000 0.750000
vt 0.375000 0.500000
vt 0.625000 0.500000
s 0
f 2270/855/1496 2271/856/1496 2267/857/1496 2266/858/1496
f 2268/859/1496 2269/860/1496 2271/856/1496 2270/855/1496
f 2267/857/1497 2273/857/1497 2272/858/1497 2266/858/1497
f 2270/855/1498 2275/855/1498 2276/859/1498 2268/859/1498
f 2275/855/1499 2272/858/1499 2273/857/1499 2274/856/1499
f 2276/859/1499 2275/855/1499 2274/856/1499 2277/860/1499
f 2269/860/1500 2277/860/1500 2274/856/1500 2271/856/1500
f 2271/856/1501 2274/856/1501 2273/857/1501 2267/857/1501
f 2266/858/1498 2272/858/1498 2275/855/1498 2270/855/1498
f 2268/859/1502 2276/859/1502 2277/860/1502 2269/860/1502
o House.017
v 84.634476 0.658360 -3.379710
v 84.634476 6.166423 -3.379710
v 86.700256 0.658360 5.485502
v 86.700256 6.166423 5.485502
v 85.667366 0.658360 1.052896
v 85.667366 9.761075 1.052896
v 96.370590 0.658360 -6.405327
v 96.370590 6.166423 -6.405327
v 96.975037 9.761075 -1.894285
v 96.975037 0.658360 -1.894285
v 97.579498 0.658360 2.616756
v 97.579498 6.166423 2.616756
v 71.693672 0.658360 1.429214
v 71.693672 6.166423 1.429214
v 71.814537 0.658360 10.531128
v 71.814537 6.166423 10.531128
v 71.754105 0.658360 5.980171
v 71.754105 9.761075 5.980171
v 61.173531 0.658360 6.013535
v 61.173531 6.166423 6.013535
v 61.294388 0.658360 15.115448
v 61.294388 6.166423 15.115448
v 61.233955 0.658360 10.564491
v 61.233955 9.761075 10.564491
v 46.604919 0.658360 8.112748
v 46.604919 6.166423 8.112748
v 46.725784 0.658360 17.214661
v 46.725784 6.166423 17.214661
v 46.665348 0.658360 12.663704
v 46.665348 9.761075 12.663704
v 41.985786 0.658360 8.691182
v 41.985786 6.166423 8.691182
v 37.717712 0.658360 16.731266
v 37.717712 6.166423 16.731266
v 39.851753 0.658360 12.711224
v 39.851753 9.761075 12.711224
vn -0.0000 -1.0000 -0.0000
vn -0.3483 -0.0000 -0.9374
vn -0.2496 -0.0000 -0.9683
vn 0.9911 -0.0000 -0.1328
vn 0.1575 0.7836 0.6010
vn -0.1559 0.7836 -0.6014
vn 0.2550 -0.0000 0.9669
vn -0.3995 -0.0000 -0.9167
vn 0.2599 0.7594 0.5964
vn -0.2154 0.7751 -0.5940
vn 0.3210 -0.0000 0.9471
vn 0.2064 0.7761 0.5959
vn -0.0889 0.7822 -0.6167
vn -0.2599 0.7594 -0.5964
vn 0.3995 -0.0000 0.9167
vn -0.1243 -0.0000 -0.9923
vn 0.1426 -0.0000 0.9898
vn 0.0889 0.7822 0.6167
vn -0.1426 -0.0000 -0.9898
vn -0.8833 -0.0000 -0.4689
vn -0.0354 0.7614 -0.6473
vn -0.0536 -0.0000 0.9986
vn -0.0176 0.7681 0.6400
vt 0.375000 0.500000
vt 0.375000 0.625000
vt 0.375000 0.750000
vt 0.625000 0.750000
vt 0.625000 0.625000
vt 0.625000 0.500000
s 0
f 2280/861/1503 2292/861/1503 2294/862/1503 2282/862/1503
f 2278/863/1504 2290/863/1504 2291/864/1504 2279/864/1504
f 2279/864/1505 2285/864/1505 2284/863/1505 2278/863/1505
f 2282/862/1503 2287/862/1503 2288/861/1503 2280/861/1503
f 2287/862/1506 2284/863/1506 2285/864/1506 2286/865/1506
f 2288/861/1506 2287/862/1506 2286/865/1506 2289/866/1506
f 2281/866/1507 2289/866/1507 2286/865/1507 2283/865/1507
f 2283/865/1508 2286/865/1508 2285/864/1508 2279/864/1508
f 2278/863/1503 2284/863/1503 2287/862/1503 2282/862/1503
f 2280/861/1509 2288/861/1509 2289/866/1509 2281/866/1509
f 2290/863/1510 2296/863/1510 2297/864/1510 2291/864/1510
f 2295/865/1511 2301/865/1511 2299/866/1511 2293/866/1511
f 2282/862/1503 2294/862/1503 2290/863/1503 2278/863/1503
f 2279/864/1512 2291/864/1512 2295/865/1512 2283/865/1512
f 2281/866/1513 2293/866/1513 2292/861/1513 2280/861/1513
f 2283/865/1514 2295/865/1514 2293/866/1514 2281/866/1514
f 2297/864/1515 2303/864/1515 2307/865/1515 2301/865/1515
f 2300/862/1503 2306/862/1503 2302/863/1503 2296/863/1503
f 2292/861/1503 2298/861/1503 2300/862/1503 2294/862/1503
f 2294/862/1503 2300/862/1503 2296/863/1503 2290/863/1503
f 2291/864/1516 2297/864/1516 2301/865/1516 2295/865/1516
f 2293/866/1517 2299/866/1517 2298/861/1517 2292/861/1517
f 2304/861/1503 2310/861/1503 2312/862/1503 2306/862/1503
f 2302/863/1518 2308/863/1518 2309/864/1518 2303/864/1518
f 2299/866/1519 2305/866/1519 2304/861/1519 2298/861/1519
f 2301/865/1520 2307/865/1520 2305/866/1520 2299/866/1520
f 2296/863/1521 2302/863/1521 2303/864/1521 2297/864/1521
f 2298/861/1503 2304/861/1503 2306/862/1503 2300/862/1503
f 2312/862/1522 2313/865/1522 2309/864/1522 2308/863/1522
f 2310/861/1522 2311/866/1522 2313/865/1522 2312/862/1522
f 2306/862/1503 2312/862/1503 2308/863/1503 2302/863/1503
f 2303/864/1523 2309/864/1523 2313/865/1523 2307/865/1523
f 2305/866/1524 2311/866/1524 2310/861/1524 2304/861/1524
f 2307/865/1525 2313/865/1525 2311/866/1525 2305/866/1525
o House.018
v -31.121922 0.667816 39.783089
v -31.121922 5.508625 39.783089
v -33.934326 0.667816 32.293736
v -33.934326 5.508625 32.293736
v -32.528122 0.667816 36.038410
v -32.528122 8.667816 36.038410
v -43.347252 0.667816 43.987793
v -43.347252 5.508625 43.987793
v -44.753456 8.667816 40.243118
v -44.753456 0.667816 40.243118
v -46.159660 0.667816 36.498444
v -46.159660 5.508625 36.498444
vn 0.9362 -0.0000 -0.3516
vn 0.3252 -0.0000 0.9456
vn -0.0000 -1.0000 -0.0000
vn -0.9362 -0.0000 0.3516
vn -0.2016 0.7846 -0.5862
vn 0.2016 0.7846 0.5862
vn -0.3252 -0.0000 -0.9456
vt 0.375000 0.625000
vt 0.625000 0.625000
vt 0.625000 0.750000
vt 0.375000 0.750000
vt 0.375000 0.500000
vt 0.625000 0.500000
s 0
f 2318/867/1526 2319/868/1526 2315/869/1526 2314/870/1526
f 2316/871/1526 2317/872/1526 2319/868/1526 2318/867/1526
f 2315/869/1527 2321/869/1527 2320/870/1527 2314/870/1527
f 2318/867/1528 2323/867/1528 2324/871/1528 2316/871/1528
f 2323/867/1529 2320/870/1529 2321/869/1529 2322/868/1529
f 2324/871/1529 2323/867/1529 2322/868/1529 2325/872/1529
f 2317/872/1530 2325/872/1530 2322/868/1530 2319/868/1530
f 2319/868/1531 2322/868/1531 2321/869/1531 2315/869/1531
f 2314/870/1528 2320/870/1528 2323/867/1528 2318/867/1528
f 2316/871/1532 2324/871/1532 2325/872/1532 2317/872/1532
o House.019
v -28.356785 0.667816 47.090805
v -28.356785 5.508625 47.090805
v -31.169189 0.667816 39.601452
v -31.169189 5.508625 39.601452
v -29.762987 0.667816 43.346127
v -29.762987 8.667816 43.346127
v -40.582115 0.667816 51.295509
v -40.582115 5.508625 51.295509
v -41.988319 8.667816 47.550835
v -41.988319 0.667816 47.550835
v -43.394524 0.667816 43.806160
v -43.394524 5.508625 43.806160
v -10.663792 0.667816 37.942474
v -10.663792 5.508625 37.942474
v -13.476198 0.667816 30.453123
v -13.476198 5.508625 30.453123
v -12.069996 0.667816 34.197800
v -12.069996 8.667816 34.197800
vn -0.2859 0.7827 -0.5529
vn -0.4593 -0.0000 -0.8883
vn 0.3252 -0.0000 0.9456
vn -0.0000 -1.0000 -0.0000
vn -0.9362 -0.0000 0.3516
vn -0.2016 0.7846 -0.5862
vn 0.2016 0.7846 0.5862
vn -0.3252 -0.0000 -0.9456
vn 0.9362 -0.0000 -0.3516
vn 0.4593 -0.0000 0.8883
vn 0.2859 0.7827 0.5529
vt 0.625000 0.625000
vt 0.625000 0.500000
vt 0.375000 0.500000
vt 0.625000 0.750000
vt 0.375000 0.750000
vt 0.375000 0.625000
s 0
f 2331/873/1533 2343/873/1533 2341/874/1533 2329/874/1533
f 2329/874/1534 2341/874/1534 2340/875/1534 2328/875/1534
f 2327/876/1535 2333/876/1535 2332/877/1535 2326/877/1535
f 2330/878/1536 2335/878/1536 2336/875/1536 2328/875/1536
f 2335/878/1537 2332/877/1537 2333/876/1537 2334/873/1537
f 2336/875/1537 2335/878/1537 2334/873/1537 2337/874/1537
f 2329/874/1538 2337/874/1538 2334/873/1538 2331/873/1538
f 2331/873/1539 2334/873/1539 2333/876/1539 2327/876/1539
f 2326/877/1536 2332/877/1536 2335/878/1536 2330/878/1536
f 2328/875/1540 2336/875/1540 2337/874/1540 2329/874/1540
f 2342/878/1541 2343/873/1541 2339/876/1541 2338/877/1541
f 2340/875/1541 2341/874/1541 2343/873/1541 2342/878/1541
f 2326/877/1542 2338/877/1542 2339/876/1542 2327/876/1542
f 2328/875/1536 2340/875/1536 2342/878/1536 2330/878/1536
f 2330/878/1536 2342/878/1536 2338/877/1536 2326/877/1536
f 2327/876/1543 2339/876/1543 2343/873/1543 2331/873/1543
o House.020
v -33.027298 0.667816 -75.548157
v -33.027298 5.508625 -75.548157
v -29.376678 0.667816 -65.989174
v -29.376678 5.508625 -65.989174
v -31.201990 0.667816 -70.768669
v -31.201990 8.667816 -70.768669
v -12.066751 0.667816 -84.908875
v -12.066751 5.508625 -84.908875
v -10.146459 8.667816 -80.166748
v -10.146459 0.667816 -80.166748
v -8.226166 0.667816 -75.424622
v -8.226166 5.508625 -75.424622
vn -0.9342 -0.0000 0.3568
vn -0.4078 -0.0000 -0.9131
vn -0.0000 -1.0000 -0.0000
vn 0.9269 -0.0000 -0.3753
vn 0.2143 0.8506 0.4802
vn -0.2144 0.8506 -0.4801
vn 0.4074 -0.0000 0.9132
vt 0.375000 0.625000
vt 0.625000 0.625000
vt 0.625000 0.750000
vt 0.375000 0.750000
vt 0.375000 0.500000
vt 0.625000 0.500000
s 0
f 2348/879/1544 2349/880/1544 2345/881/1544 2344/882/1544
f 2346/883/1544 2347/884/1544 2349/880/1544 2348/879/1544
f 2345/881/1545 2351/881/1545 2350/882/1545 2344/882/1545
f 2348/879/1546 2353/879/1546 2354/883/1546 2346/883/1546
f 2353/879/1547 2350/882/1547 2351/881/1547 2352/880/1547
f 2354/883/1547 2353/879/1547 2352/880/1547 2355/884/1547
f 2347/884/1548 2355/884/1548 2352/880/1548 2349/880/1548
f 2349/880/1549 2352/880/1549 2351/881/1549 2345/881/1549
f 2344/882/1546 2350/882/1546 2353/879/1546 2348/879/1546
f 2346/883/1550 2354/883/1550 2355/884/1550 2347/884/1550
o House.021
v -4.587484 0.667816 -75.037468
v -4.587484 5.508625 -75.037468
v -13.784203 0.667816 -70.551765
v -13.784203 5.508625 -70.551765
v -9.185843 0.667816 -72.794617
v -9.185843 8.667816 -72.794617
v 0.213168 0.667816 -65.195038
v 0.213168 5.508625 -65.195038
v -4.385191 8.667816 -62.952187
v -4.385191 0.667816 -62.952187
v -8.983550 0.667816 -60.709335
v -8.983550 5.508625 -60.709335
v 5.546096 0.667816 -49.961517
v 5.546096 5.508625 -49.961517
v 0.611162 8.667816 -48.616577
v 0.611163 0.667816 -48.616577
v -4.323770 0.667816 -47.271629
v -4.323770 5.508625 -47.271629
v 8.278700 0.667816 -37.193760
v 8.278700 5.508625 -37.193760
v 3.282978 8.667816 -36.090111
v 3.282978 0.667816 -36.090111
v -1.712743 0.667816 -34.986458
v -1.712743 5.508625 -34.986458
vn -0.4384 -0.0000 -0.8988
vn 0.8988 -0.0000 -0.4384
vn -0.0000 -1.0000 -0.0000
vn 0.9438 -0.0000 -0.3304
vn -0.4722 0.8509 0.2303
vn 0.4722 0.8509 -0.2303
vn -0.8988 -0.0000 0.4384
vn 0.5141 0.8506 -0.1099
vn -0.9782 -0.0000 0.2079
vn -0.4980 0.8497 0.1731
vn -0.9448 -0.0000 0.3276
vn 0.4977 0.8497 -0.1739
vn 0.2157 -0.0000 0.9765
vn 0.9779 -0.0000 -0.2093
vn -0.5142 0.8506 0.1095
vt 0.375000 0.625000
vt 0.625000 0.625000
vt 0.625000 0.750000
vt 0.375000 0.750000
vt 0.375000 0.500000
vt 0.625000 0.500000
vt 0.375000 0.500000
s 0
f 2360/885/1551 2361/886/1551 2357/887/1551 2356/888/1551
f 2358/889/1551 2359/890/1551 2361/886/1551 2360/885/1551
f 2357/887/1552 2363/887/1552 2362/888/1552 2356/888/1552
f 2360/885/1553 2365/885/1553 2366/889/1553 2358/889/1553
f 2363/887/1554 2369/887/1554 2368/888/1554 2362/888/1554
f 2362/888/1553 2368/888/1553 2371/885/1553 2365/885/1553
f 2359/890/1555 2367/890/1555 2364/886/1555 2361/886/1555
f 2361/886/1556 2364/886/1556 2363/887/1556 2357/887/1556
f 2356/888/1553 2362/888/1553 2365/885/1553 2360/885/1553
f 2358/889/1557 2366/889/1557 2367/890/1557 2359/890/1557
f 2370/886/1558 2376/886/1558 2375/887/1558 2369/887/1558
f 2372/891/1559 2378/889/1559 2379/890/1559 2373/890/1559
f 2367/890/1560 2373/890/1560 2370/886/1560 2364/886/1560
f 2366/889/1561 2372/891/1561 2373/890/1561 2367/890/1561
f 2364/886/1562 2370/886/1562 2369/887/1562 2363/887/1562
f 2365/885/1553 2371/885/1553 2372/891/1553 2366/889/1553
f 2377/885/1563 2374/888/1563 2375/887/1563 2376/886/1563
f 2378/889/1563 2377/885/1563 2376/886/1563 2379/890/1563
f 2371/885/1553 2377/885/1553 2378/889/1553 2372/891/1553
f 2368/888/1553 2374/888/1553 2377/885/1553 2371/885/1553
f 2369/887/1564 2375/887/1564 2374/888/1564 2368/888/1564
f 2373/890/1565 2379/890/1565 2376/886/1565 2370/886/1565
o House.022
v -6.413502 0.667816 -75.545822
v -6.413502 5.508625 -75.545822
v 4.934885 0.667816 -80.439522
v 4.934885 5.508625 -80.439522
v -0.739309 0.667816 -77.992676
v -0.739309 8.667816 -77.992676
v -10.749756 0.667816 -85.601494
v -10.749756 5.508625 -85.601494
v -5.075561 8.667816 -88.048347
v -5.075562 0.667816 -88.048347
v 0.598633 0.667816 -90.495193
v 0.598633 5.508625 -90.495193
vn 0.3960 -0.0000 0.9183
vn -0.9183 -0.0000 0.3960
vn -0.0000 -1.0000 -0.0000
vn -0.3960 -0.0000 -0.9183
vn 0.4180 0.8904 -0.1803
vn -0.4180 0.8904 0.1803
vn 0.9183 -0.0000 -0.3960
vt 0.375000 0.625000
vt 0.625000 0.625000
vt 0.625000 0.750000
vt 0.375000 0.750000
vt 0.375000 0.500000
vt 0.625000 0.500000
s 0
f 2384/892/1566 2385/893/1566 2381/894/1566 2380/895/1566
f 2382/896/1566 2383/897/1566 2385/893/1566 2384/892/1566
f 2381/894/1567 2387/894/1567 2386/895/1567 2380/895/1567
f 2384/892/1568 2389/892/1568 2390/896/1568 2382/896/1568
f 2389/892/1569 2386/895/1569 2387/894/1569 2388/893/1569
f 2390/896/1569 2389/892/1569 2388/893/1569 2391/897/1569
f 2383/897/1570 2391/897/1570 2388/893/1570 2385/893/1570
f 2385/893/1571 2388/893/1571 2387/894/1571 2381/894/1571
f 2380/895/1568 2386/895/1568 2389/892/1568 2384/892/1568
f 2382/896/1572 2390/896/1572 2391/897/1572 2383/897/1572
o House.023
v 4.238226 0.667816 -78.488991
v 4.238226 5.508625 -78.488991
v -5.232866 0.667816 -74.616066
v -5.232866 5.508625 -74.616066
v -0.497320 0.667816 -76.552528
v -0.497321 8.667816 -76.552528
v 8.383077 0.667816 -68.352928
v 8.383077 5.508625 -68.352928
v 3.647530 8.667816 -66.416458
v 3.647531 0.667816 -66.416458
v -1.088016 0.667816 -64.479996
v -1.088016 5.508625 -64.479996
v 12.705509 0.667816 -52.802460
v 12.705509 5.508625 -52.802460
v 7.693000 8.667816 -51.784050
v 7.693000 0.667816 -51.784050
v 2.680489 0.667816 -50.765633
v 2.680489 5.508625 -50.765633
v 15.132830 0.667816 -38.067551
v 15.132830 5.508625 -38.067551
v 10.075484 8.667816 -37.293896
v 10.075485 0.667816 -37.293896
v 5.018141 0.667816 -36.520241
v 5.018141 5.508625 -36.520241
vn -0.3785 -0.0000 -0.9256
vn 0.9256 -0.0000 -0.3785
vn -0.0000 -1.0000 -0.0000
vn 0.9635 -0.0000 -0.2678
vn -0.4863 0.8509 0.1989
vn 0.4863 0.8509 -0.1989
vn -0.9256 -0.0000 0.3785
vn 0.5186 0.8507 -0.0854
vn -0.9868 -0.0000 0.1619
vn -0.5083 0.8497 0.1401
vn -0.9643 -0.0000 0.2650
vn 0.5081 0.8497 -0.1409
vn 0.1512 -0.0000 0.9885
vn 0.9867 -0.0000 -0.1625
vn -0.5186 0.8507 0.0852
vt 0.375000 0.625000
vt 0.625000 0.625000
vt 0.625000 0.750000
vt 0.375000 0.750000
vt 0.375000 0.500000
vt 0.625000 0.500000
vt 0.375000 0.500000
s 0
f 2396/898/1573 2397/899/1573 2393/900/1573 2392/901/1573
f 2394/902/1573 2395/903/1573 2397/899/1573 2396/898/1573
f 2393/900/1574 2399/900/1574 2398/901/1574 2392/901/1574
f 2396/898/1575 2401/898/1575 2402/902/1575 2394/902/1575
f 2399/900/1576 2405/900/1576 2404/901/1576 2398/901/1576
f 2398/901/1575 2404/901/1575 2407/898/1575 2401/898/1575
f 2395/903/1577 2403/903/1577 2400/899/1577 2397/899/1577
f 2397/899/1578 2400/899/1578 2399/900/1578 2393/900/1578
f 2392/901/1575 2398/901/1575 2401/898/1575 2396/898/1575
f 2394/902/1579 2402/902/1579 2403/903/1579 2395/903/1579
f 2406/899/1580 2412/899/1580 2411/900/1580 2405/900/1580
f 2408/904/1581 2414/902/1581 2415/903/1581 2409/903/1581
f 2403/903/1582 2409/903/1582 2406/899/1582 2400/899/1582
f 2402/902/1583 2408/904/1583 2409/903/1583 2403/903/1583
f 2400/899/1584 2406/899/1584 2405/900/1584 2399/900/1584
f 2401/898/1575 2407/898/1575 2408/904/1575 2402/902/1575
f 2413/898/1585 2410/901/1585 2411/900/1585 2412/899/1585
f 2414/902/1585 2413/898/1585 2412/899/1585 2415/903/1585
f 2407/898/1575 2413/898/1575 2414/902/1575 2408/904/1575
f 2404/901/1575 2410/901/1575 2413/898/1575 2407/898/1575
f 2405/900/1586 2411/900/1586 2410/901/1586 2404/901/1586
f 2409/903/1587 2415/903/1587 2412/899/1587 2406/899/1587
o House.024
v 14.156082 0.667816 -37.917927
v 14.156082 5.508625 -37.917927
v 24.308994 0.667816 -39.190536
v 24.308994 5.508625 -39.190536
v 19.232538 0.667816 -38.554230
v 19.232538 8.667816 -38.554230
v 12.794121 0.667816 -48.783684
v 12.794121 5.508625 -48.783684
v 17.870577 8.667816 -49.419991
v 17.870577 0.667816 -49.419991
v 22.947033 0.667816 -50.056293
v 22.947033 5.508625 -50.056293
vn 0.1244 -0.0000 0.9922
vn -0.9922 -0.0000 0.1244
vn -0.0000 -1.0000 -0.0000
vn -0.1244 -0.0000 -0.9922
vn 0.5213 0.8509 -0.0653
vn -0.5213 0.8509 0.0653
vn 0.9922 -0.0000 -0.1244
vt 0.375000 0.625000
vt 0.625000 0.625000
vt 0.625000 0.750000
vt 0.375000 0.750000
vt 0.375000 0.500000
vt 0.625000 0.500000
s 0
f 2420/905/1588 2421/906/1588 2417/907/1588 2416/908/1588
f 2418/909/1588 2419/910/1588 2421/906/1588 2420/905/1588
f 2417/907/1589 2423/907/1589 2422/908/1589 2416/908/1589
f 2420/905/1590 2425/905/1590 2426/909/1590 2418/909/1590
f 2425/905/1591 2422/908/1591 2423/907/1591 2424/906/1591
f 2426/909/1591 2425/905/1591 2424/906/1591 2427/910/1591
f 2419/910/1592 2427/910/1592 2424/906/1592 2421/906/1592
f 2421/906/1593 2424/906/1593 2423/907/1593 2417/907/1593
f 2416/908/1590 2422/908/1590 2425/905/1590 2420/905/1590
f 2418/909/1594 2426/909/1594 2427/910/1594 2419/910/1594
o House.025
v 16.209818 0.667816 -78.894814
v 16.209818 5.508625 -78.894814
v 8.547768 0.667816 -76.594170
v 8.547768 5.508625 -76.594170
v 12.378793 0.667816 -77.744492
v 12.378793 8.667816 -77.744492
v 23.211250 0.667816 -55.779881
v 23.211250 5.508625 -55.779881
v 19.380226 8.667816 -54.629559
v 19.380226 0.667816 -54.629559
v 15.549200 0.667816 -53.479237
v 15.549200 5.508625 -53.479237
vn -0.2876 -0.0000 -0.9578
vn 0.9571 -0.0000 -0.2899
vn -0.0000 -1.0000 -0.0000
vn 0.2876 -0.0000 0.9578
vn -0.5932 0.7848 0.1797
vn 0.5932 0.7848 -0.1797
vn -0.9571 -0.0000 0.2899
vt 0.375000 0.625000
vt 0.625000 0.625000
vt 0.625000 0.750000
vt 0.375000 0.750000
vt 0.375000 0.500000
vt 0.625000 0.500000
s 0
f 2432/911/1595 2433/912/1595 2429/913/1595 2428/914/1595
f 2430/915/1595 2431/916/1595 2433/912/1595 2432/911/1595
f 2429/913/1596 2435/913/1596 2434/914/1596 2428/914/1596
f 2432/911/1597 2437/911/1597 2438/915/1597 2430/915/1597
f 2437/911/1598 2434/914/1598 2435/913/1598 2436/912/1598
f 2438/915/1598 2437/911/1598 2436/912/1598 2439/916/1598
f 2431/916/1599 2439/916/1599 2436/912/1599 2433/912/1599
f 2433/912/1600 2436/912/1600 2435/913/1600 2429/913/1600
f 2428/914/1597 2434/914/1597 2437/911/1597 2432/911/1597
f 2430/915/1601 2438/915/1601 2439/916/1601 2431/916/1601
o House.026
v 27.000431 0.667816 -85.350159
v 27.000431 5.508625 -85.350159
v 27.622274 0.667816 -93.325958
v 27.622274 5.508625 -93.325958
v 27.311354 0.667816 -89.338058
v 27.311354 8.667816 -89.338058
v 6.712711 0.667816 -82.067680
v 6.712711 5.508625 -82.067680
v 5.819724 8.667816 -85.966728
v 5.819724 0.667816 -85.966728
v 4.926736 0.667816 -89.865776
v 4.926736 5.508625 -89.865776
vn 0.9970 -0.0000 0.0777
vn 0.1597 -0.0000 0.9872
vn -0.0000 -1.0000 -0.0000
vn -0.9748 -0.0000 0.2232
vn -0.0956 0.7803 -0.6181
vn 0.0984 0.7802 0.6178
vn -0.1507 -0.0000 -0.9886
vt 0.375000 0.625000
vt 0.625000 0.625000
vt 0.625000 0.750000
vt 0.375000 0.750000
vt 0.375000 0.500000
vt 0.625000 0.500000
s 0
f 2444/917/1602 2445/918/1602 2441/919/1602 2440/920/1602
f 2442/921/1602 2443/922/1602 2445/918/1602 2444/917/1602
f 2441/919/1603 2447/919/1603 2446/920/1603 2440/920/1603
f 2444/917/1604 2449/917/1604 2450/921/1604 2442/921/1604
f 2449/917/1605 2446/920/1605 2447/919/1605 2448/918/1605
f 2450/921/1605 2449/917/1605 2448/918/1605 2451/922/1605
f 2443/922/1606 2451/922/1606 2448/918/1606 2445/918/1606
f 2445/918/1607 2448/918/1607 2447/919/1607 2441/919/1607
f 2440/920/1604 2446/920/1604 2449/917/1604 2444/917/1604
f 2442/921/1608 2450/921/1608 2451/922/1608 2443/922/1608
o House.027
v 38.419312 0.667816 -84.483086
v 38.419312 5.508625 -84.483086
v 39.293159 0.667816 -92.435211
v 39.293159 5.508625 -92.435211
v 38.856236 0.667816 -88.459152
v 38.856236 8.667816 -88.459152
v 29.000189 0.667816 -85.518143
v 29.000189 5.508625 -85.518143
v 29.437115 8.667816 -89.494202
v 29.437115 0.667816 -89.494202
v 29.874039 0.667816 -93.470268
v 29.874039 5.508625 -93.470268
vn 0.9940 -0.0000 0.1092
vn -0.1092 -0.0000 0.9940
vn -0.0000 -1.0000 -0.0000
vn -0.9940 -0.0000 -0.1092
vn 0.0677 0.7848 -0.6161
vn -0.0677 0.7848 0.6161
vn 0.1092 -0.0000 -0.9940
vt 0.375000 0.625000
vt 0.625000 0.625000
vt 0.625000 0.750000
vt 0.375000 0.750000
vt 0.375000 0.500000
vt 0.625000 0.500000
s 0
f 2456/923/1609 2457/924/1609 2453/925/1609 2452/926/1609
f 2454/927/1609 2455/928/1609 2457/924/1609 2456/923/1609
f 2453/925/1610 2459/925/1610 2458/926/1610 2452/926/1610
f 2456/923/1611 2461/923/1611 2462/927/1611 2454/927/1611
f 2461/923/1612 2458/926/1612 2459/925/1612 2460/924/1612
f 2462/927/1612 2461/923/1612 2460/924/1612 2463/928/1612
f 2455/928/1613 2463/928/1613 2460/924/1613 2457/924/1613
f 2457/924/1614 2460/924/1614 2459/925/1614 2453/925/1614
f 2452/926/1611 2458/926/1611 2461/923/1611 2456/923/1611
f 2454/927/1615 2462/927/1615 2463/928/1615 2455/928/1615
o House.028
v -87.070198 0.667816 34.680218
v -87.070198 5.508625 34.680218
v -78.188675 0.667816 31.883821
v -78.188675 5.508625 31.883821
v -82.629440 0.667816 33.282021
v -82.629440 8.667816 33.282021
v -97.375443 0.667816 0.655766
v -97.375443 5.508625 0.655766
v -92.877701 8.667816 -0.546571
v -92.877701 0.667816 -0.546571
v -88.379959 0.667816 -1.748908
v -88.379959 5.508625 -1.748908
vn 0.3003 -0.0000 0.9538
vn -0.9571 -0.0000 0.2899
vn -0.0000 -1.0000 -0.0000
vn -0.2583 -0.0000 -0.9661
vn 0.5375 0.8274 -0.1628
vn -0.5375 0.8274 0.1628
vn 0.9570 -0.0000 -0.2900
vt 0.375000 0.625000
vt 0.625000 0.625000
vt 0.625000 0.750000
vt 0.375000 0.750000
vt 0.375000 0.500000
vt 0.625000 0.500000
s 0
f 2468/929/1616 2469/930/1616 2465/931/1616 2464/932/1616
f 2466/933/1616 2467/934/1616 2469/930/1616 2468/929/1616
f 2465/931/1617 2471/931/1617 2470/932/1617 2464/932/1617
f 2468/929/1618 2473/929/1618 2474/933/1618 2466/933/1618
f 2473/929/1619 2470/932/1619 2471/931/1619 2472/930/1619
f 2474/933/1619 2473/929/1619 2472/930/1619 2475/934/1619
f 2467/934/1620 2475/934/1620 2472/930/1620 2469/930/1620
f 2469/930/1621 2472/930/1621 2471/931/1621 2465/931/1621
f 2464/932/1618 2470/932/1618 2473/929/1618 2468/929/1618
f 2466/933/1622 2474/933/1622 2475/934/1622 2467/934/1622
o House.029
v -71.968758 0.667816 38.149277
v -71.968758 5.508625 38.149277
v -74.646706 0.667816 30.610802
v -74.646706 5.508625 30.610802
v -73.307732 0.667816 34.380039
v -73.307732 8.667816 34.380039
v -84.267365 0.667816 42.134567
v -84.267365 5.508625 42.134567
v -85.606339 8.667816 38.365330
v -85.606339 0.667816 38.365330
v -86.945312 0.667816 34.596092
v -86.945312 5.508625 34.596092
vn 0.9423 -0.0000 -0.3347
vn 0.3083 -0.0000 0.9513
vn -0.0000 -1.0000 -0.0000
vn -0.9423 -0.0000 0.3347
vn -0.1911 0.7846 -0.5898
vn 0.1911 0.7846 0.5898
vn -0.3083 -0.0000 -0.9513
vt 0.375000 0.625000
vt 0.625000 0.625000
vt 0.625000 0.750000
vt 0.375000 0.750000
vt 0.375000 0.500000
vt 0.625000 0.500000
s 0
f 2480/935/1623 2481/936/1623 2477/937/1623 2476/938/1623
f 2478/939/1623 2479/940/1623 2481/936/1623 2480/935/1623
f 2477/937/1624 2483/937/1624 2482/938/1624 2476/938/1624
f 2480/935/1625 2485/935/1625 2486/939/1625 2478/939/1625
f 2485/935/1626 2482/938/1626 2483/937/1626 2484/936/1626
f 2486/939/1626 2485/935/1626 2484/936/1626 2487/940/1626
f 2479/940/1627 2487/940/1627 2484/936/1627 2481/936/1627
f 2481/936/1628 2484/936/1628 2483/937/1628 2477/937/1628
f 2476/938/1625 2482/938/1625 2485/935/1625 2480/935/1625
f 2478/939/1629 2486/939/1629 2487/940/1629 2479/940/1629
o House.030
v -69.277405 0.667816 45.607250
v -69.277405 5.508625 45.607250
v -71.955353 0.667816 38.068775
v -71.955353 5.508625 38.068775
v -70.616379 0.667816 41.838013
v -70.616379 8.667816 41.838013
v -81.576012 0.667816 49.592537
v -81.576012 5.508625 49.592537
v -82.914986 8.667816 45.823303
v -82.914986 0.667816 45.823303
v -84.253960 0.667816 42.054066
v -84.253960 5.508625 42.054066
vn 0.9423 -0.0000 -0.3347
vn 0.3083 -0.0000 0.9513
vn -0.0000 -1.0000 -0.0000
vn -0.9423 -0.0000 0.3347
vn -0.1911 0.7846 -0.5898
vn 0.1911 0.7846 0.5898
vn -0.3083 -0.0000 -0.9513
vt 0.375000 0.625000
vt 0.625000 0.625000
vt 0.625000 0.750000
vt 0.375000 0.750000
vt 0.375000 0.500000
vt 0.625000 0.500000
s 0
f 2492/941/1630 2493/942/1630 2489/943/1630 2488/944/1630
f 2490/945/1630 2491/946/1630 2493/942/1630 2492/941/1630
f 2489/943/1631 2495/943/1631 2494/944/1631 2488/944/1631
f 2492/941/1632 2497/941/1632 2498/945/1632 2490/945/1632
f 2497/941/1633 2494/944/1633 2495/943/1633 2496/942/1633
f 2498/945/1633 2497/941/1633 2496/942/1633 2499/946/1633
f 2491/946/1634 2499/946/1634 2496/942/1634 2493/942/1634
f 2493/942/1635 2496/942/1635 2495/943/1635 2489/943/1635
f 2488/944/1632 2494/944/1632 2497/941/1632 2492/941/1632
f 2490/945/1636 2498/945/1636 2499/946/1636 2491/946/1636
o House.031
v -66.643471 0.667816 52.963268
v -66.643471 5.508625 52.963268
v -69.321419 0.667816 45.424793
v -69.321419 5.508625 45.424793
v -67.982445 0.667816 49.194031
v -67.982445 8.667816 49.194031
v -78.942078 0.667816 56.948555
v -78.942078 5.508625 56.948555
v -80.281052 8.667816 53.179321
v -80.281052 0.667816 53.179321
v -81.620026 0.667816 49.410084
v -81.620026 5.508625 49.410084
vn 0.9423 -0.0000 -0.3347
vn 0.3083 -0.0000 0.9513
vn -0.0000 -1.0000 -0.0000
vn -0.9423 -0.0000 0.3347
vn -0.1911 0.7846 -0.5898
vn 0.1911 0.7846 0.5898
vn -0.3083 -0.0000 -0.9513
vt 0.375000 0.625000
vt 0.625000 0.625000
vt 0.625000 0.750000
vt 0.375000 0.750000
vt 0.375000 0.500000
vt 0.625000 0.500000
s 0
f 2504/947/1637 2505/948/1637 2501/949/1637 2500/950/1637
f 2502/951/1637 2503/952/1637 2505/948/1637 2504/947/1637
f 2501/949/1638 2507/949/1638 2506/950/1638 2500/950/1638
f 2504/947/1639 2509/947/1639 2510/951/1639 2502/951/1639
f 2509/947/1640 2506/950/1640 2507/949/1640 2508/948/1640
f 2510/951/1640 2509/947/1640 2508/948/1640 2511/952/1640
f 2503/952/1641 2511/952/1641 2508/948/1641 2505/948/1641
f 2505/948/1642 2508/948/1642 2507/949/1642 2501/949/1642
f 2500/950/1639 2506/950/1639 2509/947/1639 2504/947/1639
f 2502/951/1643 2510/951/1643 2511/952/1643 2503/952/1643
o House.032
v -59.367729 0.667816 61.851955
v -59.367729 7.032597 61.851955
v -62.888741 0.667816 51.940239
v -62.888741 7.032597 51.940239
v -61.128235 0.667816 56.896095
v -61.128235 11.186356 56.896095
v -75.538155 0.667816 67.091881
v -75.538155 7.032597 67.091881
v -77.298660 11.186356 62.136024
v -77.298660 0.667816 62.136024
v -79.059166 0.667816 57.180164
v -79.059166 7.032597 57.180164
v -42.771526 0.667816 52.021713
v -42.771526 7.032597 52.021713
v -47.804779 0.667816 42.785587
v -47.804779 7.032597 42.785587
v -45.288155 0.667816 47.403652
v -45.288155 11.186356 47.403652
vn 0.3192 0.7817 0.5358
vn -0.0000 -1.0000 -0.0000
vn 0.3083 -0.0000 0.9513
vn -0.9423 -0.0000 0.3347
vn -0.1911 0.7846 -0.5898
vn 0.1911 0.7846 0.5898
vn -0.3083 -0.0000 -0.9513
vn 0.8781 -0.0000 -0.4785
vn -0.5188 -0.0000 -0.8549
vn -0.3221 0.7815 -0.5342
vn 0.5096 -0.0000 0.8604
vt 0.625000 0.750000
vt 0.625000 0.625000
vt 0.375000 0.625000
vt 0.375000 0.750000
vt 0.375000 0.500000
vt 0.625000 0.500000
s 0
f 2513/953/1644 2525/953/1644 2529/954/1644 2517/954/1644
f 2516/955/1645 2528/955/1645 2524/956/1645 2512/956/1645
f 2513/953/1646 2519/953/1646 2518/956/1646 2512/956/1646
f 2516/955/1645 2521/955/1645 2522/957/1645 2514/957/1645
f 2521/955/1647 2518/956/1647 2519/953/1647 2520/954/1647
f 2522/957/1647 2521/955/1647 2520/954/1647 2523/958/1647
f 2515/958/1648 2523/958/1648 2520/954/1648 2517/954/1648
f 2517/954/1649 2520/954/1649 2519/953/1649 2513/953/1649
f 2512/956/1645 2518/956/1645 2521/955/1645 2516/955/1645
f 2514/957/1650 2522/957/1650 2523/958/1650 2515/958/1650
f 2528/955/1651 2529/954/1651 2525/953/1651 2524/956/1651
f 2526/957/1651 2527/958/1651 2529/954/1651 2528/955/1651
f 2515/958/1652 2527/958/1652 2526/957/1652 2514/957/1652
f 2517/954/1653 2529/954/1653 2527/958/1653 2515/958/1653
f 2512/956/1654 2524/956/1654 2525/953/1654 2513/953/1654
f 2514/957/1645 2526/957/1645 2528/955/1645 2516/955/1645
o House.033
v -56.695316 0.667816 0.274366
v -56.695316 5.508625 0.274366
v -57.280727 0.667816 -7.704187
v -57.280727 5.508625 -7.704187
v -56.988022 0.667816 -3.714911
v -56.988022 8.667816 -3.714911
v -69.610268 0.667816 0.859492
v -69.610268 5.508625 0.859492
v -69.902969 8.667816 -3.129785
v -69.902969 0.667816 -3.129784
v -70.195679 0.667816 -7.119061
v -70.195679 5.508625 -7.119061
v -96.928864 0.667816 1.143386
v -96.928864 5.508625 1.143386
v -96.068588 8.667816 -2.763009
v -96.068588 0.667816 -2.763009
v -95.208305 0.667816 -6.669404
v -95.208305 5.508625 -6.669404
vn 0.9973 -0.0000 -0.0732
vn 0.0453 -0.0000 0.9990
vn -0.0000 -1.0000 -0.0000
vn 0.0104 -0.0000 0.9999
vn -0.0281 0.7846 -0.6193
vn 0.0281 0.7846 0.6193
vn -0.0453 -0.0000 -0.9990
vn -0.9766 -0.0000 -0.2151
vn -0.0100 0.7804 -0.6252
vn -0.0180 -0.0000 -0.9998
vn 0.0076 0.7805 0.6251
vt 0.375000 0.625000
vt 0.625000 0.625000
vt 0.625000 0.750000
vt 0.375000 0.750000
vt 0.375000 0.500000
vt 0.625000 0.500000
s 0
f 2534/959/1655 2535/960/1655 2531/961/1655 2530/962/1655
f 2532/963/1655 2533/964/1655 2535/960/1655 2534/959/1655
f 2531/961/1656 2537/961/1656 2536/962/1656 2530/962/1656
f 2534/959/1657 2539/959/1657 2540/963/1657 2532/963/1657
f 2537/961/1658 2543/961/1658 2542/962/1658 2536/962/1658
f 2536/962/1657 2542/962/1657 2545/959/1657 2539/959/1657
f 2533/964/1659 2541/964/1659 2538/960/1659 2535/960/1659
f 2535/960/1660 2538/960/1660 2537/961/1660 2531/961/1660
f 2530/962/1657 2536/962/1657 2539/959/1657 2534/959/1657
f 2532/963/1661 2540/963/1661 2541/964/1661 2533/964/1661
f 2545/959/1662 2542/962/1662 2543/961/1662 2544/960/1662
f 2546/963/1662 2545/959/1662 2544/960/1662 2547/964/1662
f 2541/964/1663 2547/964/1663 2544/960/1663 2538/960/1663
f 2540/963/1664 2546/963/1664 2547/964/1664 2541/964/1664
f 2538/960/1665 2544/960/1665 2543/961/1665 2537/961/1665
f 2539/959/1657 2545/959/1657 2546/963/1657 2540/963/1657
o House.034
v -56.075661 0.667816 8.178843
v -56.075661 5.508625 8.178843
v -56.661072 0.667816 0.200291
v -56.661072 5.508625 0.200291
v -56.368366 0.667816 4.189567
v -56.368366 8.667816 4.189567
v -68.990616 0.667816 8.763969
v -68.990616 5.508625 8.763969
v -69.283318 8.667816 4.774693
v -69.283318 0.667816 4.774693
v -69.576019 0.667816 0.785417
v -69.576019 5.508625 0.785417
vn 0.9973 -0.0000 -0.0732
vn 0.0453 -0.0000 0.9990
vn -0.0000 -1.0000 -0.0000
vn -0.9973 -0.0000 0.0732
vn -0.0281 0.7846 -0.6193
vn 0.0281 0.7846 0.6193
vn -0.0453 -0.0000 -0.9990
vt 0.375000 0.625000
vt 0.625000 0.625000
vt 0.625000 0.750000
vt 0.375000 0.750000
vt 0.375000 0.500000
vt 0.625000 0.500000
s 0
f 2552/965/1666 2553/966/1666 2549/967/1666 2548/968/1666
f 2550/969/1666 2551/970/1666 2553/966/1666 2552/965/1666
f 2549/967/1667 2555/967/1667 2554/968/1667 2548/968/1667
f 2552/965/1668 2557/965/1668 2558/969/1668 2550/969/1668
f 2557/965/1669 2554/968/1669 2555/967/1669 2556/966/1669
f 2558/969/1669 2557/965/1669 2556/966/1669 2559/970/1669
f 2551/970/1670 2559/970/1670 2556/966/1670 2553/966/1670
f 2553/966/1671 2556/966/1671 2555/967/1671 2549/967/1671
f 2548/968/1668 2554/968/1668 2557/965/1668 2552/965/1668
f 2550/969/1672 2558/969/1672 2559/970/1672 2551/970/1672
o House.035
v -55.484364 0.667816 15.969799
v -55.484364 5.508625 15.969799
v -56.069775 0.667816 7.991246
v -56.069775 5.508625 7.991246
v -55.777069 0.667816 11.980523
v -55.777069 8.667816 11.980522
v -68.399315 0.667816 16.554926
v -68.399315 5.508625 16.554926
v -68.692017 8.667816 12.565649
v -68.692017 0.667816 12.565649
v -68.984726 0.667816 8.576373
v -68.984726 5.508625 8.576373
vn 0.9973 -0.0000 -0.0732
vn 0.0453 -0.0000 0.9990
vn -0.0000 -1.0000 -0.0000
vn -0.9973 -0.0000 0.0732
vn -0.0281 0.7846 -0.6193
vn 0.0281 0.7846 0.6193
vn -0.0453 -0.0000 -0.9990
vt 0.375000 0.625000
vt 0.625000 0.625000
vt 0.625000 0.750000
vt 0.375000 0.750000
vt 0.375000 0.500000
vt 0.625000 0.500000
s 0
f 2564/971/1673 2565/972/1673 2561/973/1673 2560/974/1673
f 2562/975/1673 2563/976/1673 2565/972/1673 2564/971/1673
f 2561/973/1674 2567/973/1674 2566/974/1674 2560/974/1674
f 2564/971/1675 2569/971/1675 2570/975/1675 2562/975/1675
f 2569/971/1676 2566/974/1676 2567/973/1676 2568/972/1676
f 2570/975/1676 2569/971/1676 2568/972/1676 2571/976/1676
f 2563/976/1677 2571/976/1677 2568/972/1677 2565/972/1677
f 2565/972/1678 2568/972/1678 2567/973/1678 2561/973/1678
f 2560/974/1675 2566/974/1675 2569/971/1675 2564/971/1675
f 2562/975/1679 2570/975/1679 2571/976/1679 2563/976/1679
o House.036
v -55.118454 0.667816 50.481812
v -55.118454 5.508625 50.481812
v -46.236931 0.667816 47.685413
v -46.236931 5.508625 47.685413
v -50.677689 0.667816 49.083611
v -50.677689 8.667816 49.083611
v -65.423698 0.667816 16.457357
v -65.423698 5.508625 16.457357
v -60.925953 8.667816 15.255020
v -60.925953 0.667816 15.255020
v -56.428207 0.667816 14.052684
v -56.428207 5.508625 14.052684
vn 0.3003 -0.0000 0.9538
vn -0.9571 -0.0000 0.2899
vn -0.0000 -1.0000 -0.0000
vn -0.2583 -0.0000 -0.9661
vn 0.5375 0.8274 -0.1628
vn -0.5375 0.8274 0.1628
vn 0.9570 -0.0000 -0.2900
vt 0.375000 0.625000
vt 0.625000 0.625000
vt 0.625000 0.750000
vt 0.375000 0.750000
vt 0.375000 0.500000
vt 0.625000 0.500000
s 0
f 2576/977/1680 2577/978/1680 2573/979/1680 2572/980/1680
f 2574/981/1680 2575/982/1680 2577/978/1680 2576/977/1680
f 2573/979/1681 2579/979/1681 2578/980/1681 2572/980/1681
f 2576/977/1682 2581/977/1682 2582/981/1682 2574/981/1682
f 2581/977/1683 2578/980/1683 2579/979/1683 2580/978/1683
f 2582/981/1683 2581/977/1683 2580/978/1683 2583/982/1683
f 2575/982/1684 2583/982/1684 2580/978/1684 2577/978/1684
f 2577/978/1685 2580/978/1685 2579/979/1685 2573/979/1685
f 2572/980/1682 2578/980/1682 2581/977/1682 2576/977/1682
f 2574/981/1686 2582/981/1686 2583/982/1686 2575/982/1686
o House.037
v 23.528942 0.667816 -55.460915
v 23.528942 5.508625 -55.460915
v 35.847233 0.667816 -56.457867
v 35.847233 5.508625 -56.457867
v 29.688087 0.667816 -55.959393
v 29.688087 8.667816 -55.959393
v 22.645555 0.667816 -66.376007
v 22.645555 5.508625 -66.376007
v 28.804701 8.667816 -66.874481
v 28.804701 0.667816 -66.874481
v 34.963844 0.667816 -67.372963
v 34.963844 5.508625 -67.372963
vn 0.0807 -0.0000 0.9967
vn -0.9967 -0.0000 0.0807
vn -0.0000 -1.0000 -0.0000
vn -0.0807 -0.0000 -0.9967
vn 0.4537 0.8904 -0.0367
vn -0.4537 0.8904 0.0367
vn 0.9967 -0.0000 -0.0807
vt 0.375000 0.625000
vt 0.625000 0.625000
vt 0.625000 0.750000
vt 0.375000 0.750000
vt 0.375000 0.500000
vt 0.625000 0.500000
s 0
f 2588/983/1687 2589/984/1687 2585/985/1687 2584/986/1687
f 2586/987/1687 2587/988/1687 2589/984/1687 2588/983/1687
f 2585/985/1688 2591/985/1688 2590/986/1688 2584/986/1688
f 2588/983/1689 2593/983/1689 2594/987/1689 2586/987/1689
f 2593/983/1690 2590/986/1690 2591/985/1690 2592/984/1690
f 2594/987/1690 2593/983/1690 2592/984/1690 2595/988/1690
f 2587/988/1691 2595/988/1691 2592/984/1691 2589/984/1691
f 2589/984/1692 2592/984/1692 2591/985/1692 2585/985/1692
f 2584/986/1689 2590/986/1689 2593/983/1689 2588/983/1689
f 2586/987/1693 2594/987/1693 2595/988/1693 2587/988/1693
o House.038
v 96.016220 1.000000 -46.740685
v 96.016220 6.000000 -46.740685
v 87.368614 1.000000 -44.398144
v 87.368614 6.000000 -44.398144
v 92.307686 1.000000 -45.560947
v 92.307686 9.000000 -45.560947
v 97.269890 1.000000 -40.286125
v 97.269890 6.000000 -40.286125
v 93.561356 9.000000 -39.106388
v 93.561356 1.000000 -39.106388
v 88.622292 1.000000 -37.943584
v 88.622292 6.000000 -37.943584
v 92.989517 1.000000 -59.822639
v 92.989517 6.000000 -59.822639
v 84.341919 1.000000 -57.480103
v 84.341919 6.000000 -57.480103
v 89.280983 1.000000 -58.642906
v 89.280983 9.000000 -58.642906
v 89.690056 1.000000 -74.771950
v 89.690056 6.000000 -74.771950
v 81.042458 1.000000 -72.429413
v 81.042458 6.000000 -72.429413
v 85.981522 1.000000 -73.592209
v 85.981522 9.000000 -73.592209
vn 0.9743 -0.0000 -0.2254
vn -0.4958 0.8608 0.1147
vn 0.9817 -0.0000 -0.1907
vn -0.0000 -1.0000 -0.0000
vn 0.3031 -0.0000 0.9529
vn 0.2292 -0.0000 0.9734
vn -0.4999 0.8606 0.0971
vn 0.6019 0.7900 -0.1169
vn -0.9817 -0.0000 0.1907
vn 0.9765 -0.0000 -0.2155
vn -0.4970 0.8608 0.1097
vn 0.5960 0.7910 -0.1379
vn -0.9743 -0.0000 0.2254
vn -0.3031 -0.0000 -0.9529
vn -0.2292 -0.0000 -0.9734
vn 0.5977 0.7908 -0.1319
vn -0.9765 -0.0000 0.2155
vt 0.375000 0.750000
vt 0.625000 0.750000
vt 0.625000 0.625000
vt 0.625000 0.500000
vt 0.375000 0.625000
vt 0.375000 0.500000
s 0
f 2596/989/1694 2608/989/1694 2609/990/1694 2597/990/1694
f 2601/991/1695 2613/991/1695 2611/992/1695 2599/992/1695
f 2597/990/1696 2603/990/1696 2602/989/1696 2596/989/1696
f 2600/993/1697 2605/993/1697 2606/994/1697 2598/994/1697
f 2605/993/1698 2602/989/1698 2603/990/1698 2604/991/1698
f 2606/994/1699 2605/993/1699 2604/991/1699 2607/992/1699
f 2599/992/1700 2607/992/1700 2604/991/1700 2601/991/1700
f 2601/991/1701 2604/991/1701 2603/990/1701 2597/990/1701
f 2596/989/1697 2602/989/1697 2605/993/1697 2600/993/1697
f 2598/994/1702 2606/994/1702 2607/992/1702 2599/992/1702
f 2608/989/1703 2614/989/1703 2615/990/1703 2609/990/1703
f 2613/991/1704 2619/991/1704 2617/992/1704 2611/992/1704
f 2598/994/1697 2610/994/1697 2612/993/1697 2600/993/1697
f 2600/993/1697 2612/993/1697 2608/989/1697 2596/989/1697
f 2597/990/1705 2609/990/1705 2613/991/1705 2601/991/1705
f 2599/992/1706 2611/992/1706 2610/994/1706 2598/994/1706
f 2618/993/1707 2619/991/1707 2615/990/1707 2614/989/1707
f 2616/994/1708 2617/992/1708 2619/991/1708 2618/993/1708
f 2610/994/1697 2616/994/1697 2618/993/1697 2612/993/1697
f 2612/993/1697 2618/993/1697 2614/989/1697 2608/989/1697
f 2609/990/1709 2615/990/1709 2619/991/1709 2613/991/1709
f 2611/992/1710 2617/992/1710 2616/994/1710 2610/994/1710
o House.039
v 25.569563 0.667816 -50.852577
v 25.569563 5.508625 -50.852577
v 27.306969 0.667816 -40.768799
v 27.306969 5.508625 -40.768799
v 26.438267 0.667816 -45.810688
v 26.438267 8.667816 -45.810688
v 36.361332 0.667816 -52.711971
v 36.361332 5.508625 -52.711971
v 37.230038 8.667816 -47.670082
v 37.230038 0.667816 -47.670082
v 38.098740 0.667816 -42.628193
v 38.098740 5.508625 -42.628193
v 52.478207 0.667816 -53.576122
v 52.478207 5.508625 -53.576122
v 52.390717 8.667816 -48.461948
v 52.390717 0.667816 -48.461948
v 52.303230 0.667816 -43.347775
v 52.303230 5.508625 -43.347775
v 67.389717 0.667816 -52.765858
v 67.389717 5.508625 -52.765858
v 67.053558 8.667816 -47.660736
v 67.053558 0.667816 -47.660736
v 66.717407 0.667816 -42.555611
v 66.717407 5.508625 -42.555611
vn -0.9855 -0.0000 0.1698
vn -0.1698 -0.0000 -0.9855
vn -0.0000 -1.0000 -0.0000
vn -0.0535 -0.0000 -0.9986
vn 0.0892 0.8509 0.5178
vn -0.0892 0.8509 -0.5178
vn 0.1698 -0.0000 0.9855
vn 0.0286 0.8507 -0.5248
vn -0.0549 -0.0000 0.9985
vn 0.0271 0.8497 0.5265
vn 0.0506 -0.0000 0.9987
vn -0.0279 0.8497 -0.5265
vn 0.9978 -0.0000 0.0657
vn 0.0543 -0.0000 -0.9985
vn -0.0288 0.8507 0.5248
vt 0.375000 0.625000
vt 0.625000 0.625000
vt 0.625000 0.750000
vt 0.375000 0.750000
vt 0.375000 0.500000
vt 0.625000 0.500000
vt 0.375000 0.500000
s 0
f 2624/995/1711 2625/996/1711 2621/997/1711 2620/998/1711
f 2622/999/1711 2623/1000/1711 2625/996/1711 2624/995/1711
f 2621/997/1712 2627/997/1712 2626/998/1712 2620/998/1712
f 2624/995/1713 2629/995/1713 2630/999/1713 2622/999/1713
f 2627/997/1714 2633/997/1714 2632/998/1714 2626/998/1714
f 2626/998/1713 2632/998/1713 2635/995/1713 2629/995/1713
f 2623/1000/1715 2631/1000/1715 2628/996/1715 2625/996/1715
f 2625/996/1716 2628/996/1716 2627/997/1716 2621/997/1716
f 2620/998/1713 2626/998/1713 2629/995/1713 2624/995/1713
f 2622/999/1717 2630/999/1717 2631/1000/1717 2623/1000/1717
f 2634/996/1718 2640/996/1718 2639/997/1718 2633/997/1718
f 2636/1001/1719 2642/999/1719 2643/1000/1719 2637/1000/1719
f 2631/1000/1720 2637/1000/1720 2634/996/1720 2628/996/1720
f 2630/999/1721 2636/1001/1721 2637/1000/1721 2631/1000/1721
f 2628/996/1722 2634/996/1722 2633/997/1722 2627/997/1722
f 2629/995/1713 2635/995/1713 2636/1001/1713 2630/999/1713
f 2641/995/1723 2638/998/1723 2639/997/1723 2640/996/1723
f 2642/999/1723 2641/995/1723 2640/996/1723 2643/1000/1723
f 2635/995/1713 2641/995/1713 2642/999/1713 2636/1001/1713
f 2632/998/1713 2638/998/1713 2641/995/1713 2635/995/1713
f 2633/997/1724 2639/997/1724 2638/998/1724 2632/998/1724
f 2637/1000/1725 2643/1000/1725 2640/996/1725 2634/996/1725
o House.040
v 60.540573 0.667816 -78.111832
v 60.540573 5.508625 -78.111832
v 63.442932 0.667816 -85.566780
v 63.442932 5.508625 -85.566780
v 61.991753 0.667816 -81.839302
v 61.991753 8.667816 -81.839302
v 39.794399 0.667816 -84.345222
v 39.794399 5.508625 -84.345222
v 40.519718 8.667816 -88.278915
v 40.519718 0.667816 -88.278915
v 41.245037 0.667816 -92.212601
v 41.245037 5.508625 -92.212601
vn 0.9319 -0.0000 0.3628
vn -0.2878 -0.0000 0.9577
vn -0.0000 -1.0000 -0.0000
vn -0.9834 -0.0000 -0.1813
vn 0.1784 0.7834 -0.5954
vn -0.1787 0.7834 0.5953
vn 0.2868 -0.0000 -0.9580
vt 0.375000 0.625000
vt 0.625000 0.625000
vt 0.625000 0.750000
vt 0.375000 0.750000
vt 0.375000 0.500000
vt 0.625000 0.500000
s 0
f 2648/1002/1726 2649/1003/1726 2645/1004/1726 2644/1005/1726
f 2646/1006/1726 2647/1007/1726 2649/1003/1726 2648/1002/1726
f 2645/1004/1727 2651/1004/1727 2650/1005/1727 2644/1005/1727
f 2648/1002/1728 2653/1002/1728 2654/1006/1728 2646/1006/1728
f 2653/1002/1729 2650/1005/1729 2651/1004/1729 2652/1003/1729
f 2654/1006/1729 2653/1002/1729 2652/1003/1729 2655/1007/1729
f 2647/1007/1730 2655/1007/1730 2652/1003/1730 2649/1003/1730
f 2649/1003/1731 2652/1003/1731 2651/1004/1731 2645/1004/1731
f 2644/1005/1728 2650/1005/1728 2653/1002/1728 2648/1002/1728
f 2646/1006/1732 2654/1006/1732 2655/1007/1732 2647/1007/1732
o House.041
v 48.528114 0.667816 -86.409912
v 48.528114 5.508625 -86.409912
v 40.793110 0.667816 -88.451904
v 40.793110 5.508625 -88.451904
v 44.660614 0.667816 -87.430908
v 44.660614 8.667816 -87.430908
v 45.935482 0.667816 -73.997185
v 45.935482 5.508625 -73.997185
v 41.945049 8.667816 -74.273682
v 41.945049 0.667816 -74.273682
v 37.954617 0.667816 -74.550171
v 37.954617 5.508625 -74.550171
v 46.255421 0.667816 -67.653381
v 46.255421 5.508625 -67.653381
v 43.058193 8.667816 -65.249695
v 43.058193 0.667816 -65.249695
v 39.860966 0.667816 -62.845997
v 39.860966 5.508625 -62.845997
v 53.401566 0.667816 -60.499256
v 53.401566 5.508625 -60.499256
v 50.204338 8.667816 -58.095562
v 50.204338 0.667816 -58.095562
v 47.007111 0.667816 -55.691872
v 47.007111 5.508625 -55.691872
vn 0.2552 -0.0000 -0.9669
vn 0.9789 -0.0000 0.2045
vn -0.0000 -1.0000 -0.0000
vn 0.9987 -0.0000 -0.0504
vn -0.6091 0.7832 -0.1250
vn 0.6088 0.7832 0.1264
vn -0.9798 -0.0000 -0.2001
vn -0.7075 -0.0000 0.7067
vn -0.4412 0.7818 0.4407
vn -0.6416 0.7613 0.0935
vn -0.9870 -0.0000 0.1608
vn 0.6489 0.7585 -0.0605
vn 0.6009 -0.0000 0.7993
vn 0.4412 0.7818 -0.4407
vn 0.7075 -0.0000 -0.7067
vt 0.375000 0.625000
vt 0.625000 0.625000
vt 0.625000 0.750000
vt 0.375000 0.750000
vt 0.375000 0.500000
vt 0.625000 0.500000
s 0
f 2660/1008/1733 2661/1009/1733 2657/1010/1733 2656/1011/1733
f 2658/1012/1733 2659/1013/1733 2661/1009/1733 2660/1008/1733
f 2657/1010/1734 2663/1010/1734 2662/1011/1734 2656/1011/1734
f 2660/1008/1735 2665/1008/1735 2666/1012/1735 2658/1012/1735
f 2663/1010/1736 2669/1010/1736 2668/1011/1736 2662/1011/1736
f 2662/1011/1735 2668/1011/1735 2671/1008/1735 2665/1008/1735
f 2659/1013/1737 2667/1013/1737 2664/1009/1737 2661/1009/1737
f 2661/1009/1738 2664/1009/1738 2663/1010/1738 2657/1010/1738
f 2656/1011/1735 2662/1011/1735 2665/1008/1735 2660/1008/1735
f 2658/1012/1739 2666/1012/1739 2667/1013/1739 2659/1013/1739
f 2672/1012/1740 2678/1012/1740 2679/1013/1740 2673/1013/1740
f 2673/1013/1741 2679/1013/1741 2676/1009/1741 2670/1009/1741
f 2667/1013/1742 2673/1013/1742 2670/1009/1742 2664/1009/1742
f 2666/1012/1743 2672/1012/1743 2673/1013/1743 2667/1013/1743
f 2664/1009/1744 2670/1009/1744 2669/1010/1744 2663/1010/1744
f 2665/1008/1735 2671/1008/1735 2672/1012/1735 2666/1012/1735
f 2677/1008/1745 2674/1011/1745 2675/1010/1745 2676/1009/1745
f 2678/1012/1745 2677/1008/1745 2676/1009/1745 2679/1013/1745
f 2670/1009/1746 2676/1009/1746 2675/1010/1746 2669/1010/1746
f 2671/1008/1735 2677/1008/1735 2678/1012/1735 2672/1012/1735
f 2668/1011/1735 2674/1011/1735 2677/1008/1735 2671/1008/1735
f 2669/1010/1747 2675/1010/1747 2674/1011/1747 2668/1011/1747
o House.042
v 59.150719 0.667816 -62.922127
v 59.150719 5.508625 -62.922127
v 66.335648 0.667816 -59.404057
v 66.335648 5.508625 -59.404057
v 62.743183 0.667816 -61.163094
v 62.743183 8.667816 -61.163094
v 65.656067 0.667816 -84.801155
v 65.656067 5.508625 -84.801155
v 69.220757 8.667816 -82.986488
v 69.220757 0.667816 -82.986488
v 72.785446 0.667816 -81.171829
v 72.785446 5.508625 -81.171829
v 57.607956 0.667816 -60.320778
v 57.607956 5.508625 -60.320778
v 63.500168 0.667816 -54.909515
v 63.500168 5.508625 -54.909515
v 60.554062 0.667816 -57.615147
v 60.554062 8.667816 -57.615147
vn -0.8601 -0.0000 -0.5101
vn 0.5293 0.7814 0.3307
vn -0.9585 -0.0000 -0.2850
vn -0.0000 -1.0000 -0.0000
vn 0.4537 -0.0000 -0.8912
vn 0.5998 0.7801 0.1779
vn -0.5997 0.7801 -0.1782
vn 0.9588 -0.0000 0.2841
vn -0.6764 -0.0000 0.7365
vn -0.5337 0.7812 -0.3239
vn 0.8458 -0.0000 0.5336
vt 0.375000 0.750000
vt 0.625000 0.750000
vt 0.625000 0.625000
vt 0.625000 0.500000
vt 0.375000 0.625000
vt 0.375000 0.500000
s 0
f 2680/1014/1748 2692/1014/1748 2693/1015/1748 2681/1015/1748
f 2685/1016/1749 2697/1016/1749 2695/1017/1749 2683/1017/1749
f 2681/1015/1750 2687/1015/1750 2686/1014/1750 2680/1014/1750
f 2684/1018/1751 2689/1018/1751 2690/1019/1751 2682/1019/1751
f 2689/1018/1752 2686/1014/1752 2687/1015/1752 2688/1016/1752
f 2690/1019/1752 2689/1018/1752 2688/1016/1752 2691/1017/1752
f 2683/1017/1753 2691/1017/1753 2688/1016/1753 2685/1016/1753
f 2685/1016/1754 2688/1016/1754 2687/1015/1754 2681/1015/1754
f 2680/1014/1751 2686/1014/1751 2689/1018/1751 2684/1018/1751
f 2682/1019/1755 2690/1019/1755 2691/1017/1755 2683/1017/1755
f 2696/1018/1756 2697/1016/1756 2693/1015/1756 2692/1014/1756
f 2694/1019/1756 2695/1017/1756 2697/1016/1756 2696/1018/1756
f 2682/1019/1751 2694/1019/1751 2696/1018/1751 2684/1018/1751
f 2684/1018/1751 2696/1018/1751 2692/1014/1751 2680/1014/1751
f 2681/1015/1757 2693/1015/1757 2697/1016/1757 2685/1016/1757
f 2683/1017/1758 2695/1017/1758 2694/1019/1758 2682/1019/1758
o House.043
v 64.497581 0.667816 -47.961678
v 64.497581 5.508625 -47.961678
v 71.244133 0.667816 -43.662376
v 71.244133 5.508625 -43.662376
v 67.870857 0.667816 -45.812031
v 67.870857 8.667816 -45.812027
v 75.674850 0.667816 -75.730141
v 75.674850 7.351945 -75.730141
v 75.475121 10.237117 -67.005112
v 75.489426 0.667816 -67.839096
v 75.289696 0.667816 -59.114059
v 75.289696 7.272833 -59.114059
v 62.673653 0.667816 -45.549118
v 62.673653 5.508625 -45.549118
v 67.923943 0.667816 -39.513023
v 67.923943 5.508625 -39.513023
v 65.298798 0.667816 -42.531075
v 65.298798 8.667816 -42.531075
v 84.868225 10.316229 -35.692848
v 84.868225 0.667816 -35.692848
v 82.761902 7.351945 -35.644745
v 82.761902 0.667816 -35.644745
v 86.974556 7.351945 -35.740959
v 86.974556 0.667816 -35.740959
vn -0.7977 -0.0000 -0.6031
vn 0.4890 0.7814 0.3878
vn -0.9277 -0.0000 -0.3734
vn -0.0000 -1.0000 -0.0000
vn 0.7506 0.6236 -0.2185
vn 0.6104 0.7475 0.2621
vn -0.6650 0.7181 -0.2051
vn 0.9674 -0.0000 0.2533
vn -0.7545 -0.0000 0.6563
vn -0.4942 0.7812 -0.3815
vn 0.7808 -0.0000 0.6248
vn 0.0228 -0.0000 0.9997
vn 0.9623 -0.0000 -0.2719
vn -0.7610 0.6056 0.2325
vn -0.9529 -0.0000 0.3034
vt 0.375000 0.750000
vt 0.625000 0.750000
vt 0.625000 0.625000
vt 0.625000 0.500000
vt 0.375000 0.625000
vt 0.375000 0.500000
s 0
f 2698/1020/1759 2710/1020/1759 2711/1021/1759 2699/1021/1759
f 2703/1022/1760 2715/1022/1760 2713/1023/1760 2701/1023/1760
f 2699/1021/1761 2705/1021/1761 2704/1020/1761 2698/1020/1761
f 2702/1024/1762 2707/1024/1762 2708/1025/1762 2700/1025/1762
f 2707/1024/1762 2717/1024/1762 2719/1025/1762 2708/1025/1762
f 2706/1022/1763 2716/1022/1763 2720/1021/1763 2705/1021/1763
f 2701/1023/1764 2709/1023/1764 2706/1022/1764 2703/1022/1764
f 2703/1022/1765 2706/1022/1765 2705/1021/1765 2699/1021/1765
f 2698/1020/1762 2704/1020/1762 2707/1024/1762 2702/1024/1762
f 2700/1025/1766 2708/1025/1766 2709/1023/1766 2701/1023/1766
f 2714/1024/1767 2715/1022/1767 2711/1021/1767 2710/1020/1767
f 2712/1025/1767 2713/1023/1767 2715/1022/1767 2714/1024/1767
f 2700/1025/1762 2712/1025/1762 2714/1024/1762 2702/1024/1762
f 2702/1024/1762 2714/1024/1762 2710/1020/1762 2698/1020/1762
f 2699/1021/1768 2711/1021/1768 2715/1022/1768 2703/1022/1768
f 2701/1023/1769 2713/1023/1769 2712/1025/1769 2700/1025/1769
f 2717/1024/1770 2721/1020/1770 2720/1021/1770 2716/1022/1770
f 2719/1025/1770 2717/1024/1770 2716/1022/1770 2718/1023/1770
f 2704/1020/1762 2721/1020/1762 2717/1024/1762 2707/1024/1762
f 2705/1021/1771 2720/1021/1771 2721/1020/1771 2704/1020/1771
f 2709/1023/1772 2718/1023/1772 2716/1022/1772 2706/1022/1772
f 2708/1025/1773 2719/1025/1773 2718/1023/1773 2709/1023/1773
o House.044
v 39.114964 1.000000 -31.077473
v 39.114964 6.000000 -31.077473
v 38.410301 1.000000 -40.008987
v 38.410301 6.000000 -40.008987
v 38.640648 1.000000 -34.940117
v 38.640648 9.000000 -34.940117
v 32.539898 1.000000 -31.037790
v 32.539898 6.000000 -31.037790
v 32.065582 9.000000 -34.900436
v 32.065582 1.000000 -34.900436
v 31.835238 1.000000 -39.969307
v 31.835238 6.000000 -39.969307
v 52.530899 1.000000 -31.635319
v 52.530899 6.000000 -31.635319
v 51.826237 1.000000 -40.566833
v 51.826237 6.000000 -40.566833
v 52.056583 1.000000 -35.497963
v 52.056583 9.000000 -35.497963
v 68.509964 1.000000 -30.761202
v 68.509964 6.000000 -30.761202
v 67.805298 1.000000 -39.692719
v 67.805298 6.000000 -39.692719
v 68.035645 1.000000 -34.623848
v 68.035645 9.000000 -34.623848
v 81.701294 1.000000 -29.054947
v 81.701294 6.000000 -29.054947
v 80.996628 1.000000 -37.986462
v 80.996628 6.000000 -37.986462
v 81.226974 1.000000 -32.917591
v 81.226974 9.000000 -32.917591
v 90.040260 1.000000 -27.971676
v 90.040260 6.000000 -27.971676
v 86.783981 1.000000 -36.318241
v 86.783981 6.000000 -36.318241
v 88.469673 1.000000 -31.532333
v 88.469673 9.000000 -31.532333
vn 0.0415 -0.0000 0.9991
vn -0.0211 0.8608 -0.5085
vn 0.0060 -0.0000 1.0000
vn -0.0000 -1.0000 -0.0000
vn -0.9925 -0.0000 0.1219
vn -0.9990 -0.0000 0.0454
vn -0.0031 0.8606 -0.5092
vn 0.0037 0.7900 0.6131
vn -0.0060 -0.0000 -1.0000
vn -0.0546 -0.0000 0.9985
vn 0.0279 0.8597 -0.5101
vn 0.0254 0.7910 0.6112
vn -0.0415 -0.0000 -0.9991
vn -0.0337 0.7873 0.6156
vn 0.0546 -0.0000 -0.9985
vn 0.1250 0.8365 -0.5336
vn 0.2770 -0.0000 -0.9609
vn -0.0799 0.7825 0.6175
vn 0.1283 -0.0000 -0.9917
vn 0.0660 0.8574 -0.5104
vn -0.1283 -0.0000 0.9917
vn 0.9149 -0.0000 -0.4036
vn 0.9432 -0.0000 -0.3322
vn -0.1288 -0.0000 0.9917
vn -0.1017 0.7598 0.6421
vt 0.375000 0.750000
vt 0.625000 0.750000
vt 0.625000 0.625000
vt 0.625000 0.500000
vt 0.375000 0.625000
vt 0.375000 0.500000
s 0
f 2722/1026/1774 2734/1026/1774 2735/1027/1774 2723/1027/1774
f 2727/1028/1775 2739/1028/1775 2737/1029/1775 2725/1029/1775
f 2723/1027/1776 2729/1027/1776 2728/1026/1776 2722/1026/1776
f 2726/1030/1777 2731/1030/1777 2732/1031/1777 2724/1031/1777
f 2731/1030/1778 2728/1026/1778 2729/1027/1778 2730/1028/1778
f 2732/1031/1779 2731/1030/1779 2730/1028/1779 2733/1029/1779
f 2725/1029/1780 2733/1029/1780 2730/1028/1780 2727/1028/1780
f 2727/1028/1781 2730/1028/1781 2729/1027/1781 2723/1027/1781
f 2722/1026/1777 2728/1026/1777 2731/1030/1777 2726/1030/1777
f 2724/1031/1782 2732/1031/1782 2733/1029/1782 2725/1029/1782
f 2734/1026/1783 2740/1026/1783 2741/1027/1783 2735/1027/1783
f 2739/1028/1784 2745/1028/1784 2743/1029/1784 2737/1029/1784
f 2724/1031/1777 2736/1031/1777 2738/1030/1777 2726/1030/1777
f 2726/1030/1777 2738/1030/1777 2734/1026/1777 2722/1026/1777
f 2723/1027/1785 2735/1027/1785 2739/1028/1785 2727/1028/1785
f 2725/1029/1786 2737/1029/1786 2736/1031/1786 2724/1031/1786
f 2744/1030/1777 2750/1030/1777 2746/1026/1777 2740/1026/1777
f 2742/1031/1777 2748/1031/1777 2750/1030/1777 2744/1030/1777
f 2736/1031/1777 2742/1031/1777 2744/1030/1777 2738/1030/1777
f 2738/1030/1777 2744/1030/1777 2740/1026/1777 2734/1026/1777
f 2735/1027/1787 2741/1027/1787 2745/1028/1787 2739/1028/1787
f 2737/1029/1788 2743/1029/1788 2742/1031/1788 2736/1031/1788
f 2751/1028/1789 2757/1028/1789 2755/1029/1789 2749/1029/1789
f 2749/1029/1790 2755/1029/1790 2754/1031/1790 2748/1031/1790
f 2741/1027/1791 2747/1027/1791 2751/1028/1791 2745/1028/1791
f 2743/1029/1792 2749/1029/1792 2748/1031/1792 2742/1031/1792
f 2745/1028/1793 2751/1028/1793 2749/1029/1793 2743/1029/1793
f 2740/1026/1794 2746/1026/1794 2747/1027/1794 2741/1027/1794
f 2756/1030/1795 2757/1028/1795 2753/1027/1795 2752/1026/1795
f 2754/1031/1796 2755/1029/1796 2757/1028/1796 2756/1030/1796
f 2746/1026/1797 2752/1026/1797 2753/1027/1797 2747/1027/1797
f 2748/1031/1777 2754/1031/1777 2756/1030/1777 2750/1030/1777
f 2750/1030/1777 2756/1030/1777 2752/1026/1777 2746/1026/1777
f 2747/1027/1798 2753/1027/1798 2757/1028/1798 2751/1028/1798
o House.045
v -34.370132 0.667816 -57.832371
v -34.370132 5.508625 -57.832371
v -36.893757 0.667816 -65.423904
v -36.893757 5.508625 -65.423904
v -35.631943 0.667816 -61.628136
v -35.631943 8.667816 -61.628136
v -43.362125 0.667816 -54.843193
v -43.362125 5.508625 -54.843193
v -44.623940 8.667816 -58.638958
v -44.623940 0.667816 -58.638958
v -45.885754 0.667816 -62.434723
v -45.885754 5.508625 -62.434723
vn 0.9489 -0.0000 -0.3155
vn 0.3155 -0.0000 0.9489
vn -0.0000 -1.0000 -0.0000
vn -0.9489 -0.0000 0.3155
vn -0.1955 0.7848 -0.5882
vn 0.1955 0.7848 0.5882
vn -0.3155 -0.0000 -0.9489
vt 0.375000 0.625000
vt 0.625000 0.625000
vt 0.625000 0.750000
vt 0.375000 0.750000
vt 0.375000 0.500000
vt 0.625000 0.500000
s 0
f 2762/1032/1799 2763/1033/1799 2759/1034/1799 2758/1035/1799
f 2760/1036/1799 2761/1037/1799 2763/1033/1799 2762/1032/1799
f 2759/1034/1800 2765/1034/1800 2764/1035/1800 2758/1035/1800
f 2762/1032/1801 2767/1032/1801 2768/1036/1801 2760/1036/1801
f 2767/1032/1802 2764/1035/1802 2765/1034/1802 2766/1033/1802
f 2768/1036/1802 2767/1032/1802 2766/1033/1802 2769/1037/1802
f 2761/1037/1803 2769/1037/1803 2766/1033/1803 2763/1033/1803
f 2763/1033/1804 2766/1033/1804 2765/1034/1804 2759/1034/1804
f 2758/1035/1801 2764/1035/1801 2767/1032/1801 2762/1032/1801
f 2760/1036/1805 2768/1036/1805 2769/1037/1805 2761/1037/1805
o House.046
v -31.831461 0.667816 -50.321049
v -31.831461 5.508625 -50.321049
v -34.355087 0.667816 -57.912579
v -34.355087 5.508625 -57.912579
v -33.093273 0.667816 -54.116814
v -33.093273 8.667816 -54.116814
v -40.823456 0.667816 -47.331871
v -40.823456 5.508625 -47.331871
v -42.085270 8.667816 -51.127636
v -42.085270 0.667816 -51.127636
v -43.347084 0.667816 -54.923401
v -43.347084 5.508625 -54.923401
vn 0.9489 -0.0000 -0.3155
vn 0.3155 -0.0000 0.9489
vn -0.0000 -1.0000 -0.0000
vn -0.9489 -0.0000 0.3155
vn -0.1955 0.7848 -0.5882
vn 0.1955 0.7848 0.5882
vn -0.3155 -0.0000 -0.9489
vt 0.375000 0.625000
vt 0.625000 0.625000
vt 0.625000 0.750000
vt 0.375000 0.750000
vt 0.375000 0.500000
vt 0.625000 0.500000
s 0
f 2774/1038/1806 2775/1039/1806 2771/1040/1806 2770/1041/1806
f 2772/1042/1806 2773/1043/1806 2775/1039/1806 2774/1038/1806
f 2771/1040/1807 2777/1040/1807 2776/1041/1807 2770/1041/1807
f 2774/1038/1808 2779/1038/1808 2780/1042/1808 2772/1042/1808
f 2779/1038/1809 2776/1041/1809 2777/1040/1809 2778/1039/1809
f 2780/1042/1809 2779/1038/1809 2778/1039/1809 2781/1043/1809
f 2773/1043/1810 2781/1043/1810 2778/1039/1810 2775/1039/1810
f 2775/1039/1811 2778/1039/1811 2777/1040/1811 2771/1040/1811
f 2770/1041/1808 2776/1041/1808 2779/1038/1808 2774/1038/1808
f 2772/1042/1812 2780/1042/1812 2781/1043/1812 2773/1043/1812
o House.047
v -36.846714 0.667816 -65.461777
v -36.846714 5.508625 -65.461777
v -39.370338 0.667816 -73.053307
v -39.370338 5.508625 -73.053307
v -38.108524 0.667816 -69.257545
v -38.108524 8.667816 -69.257545
v -45.838707 0.667816 -62.472599
v -45.838707 5.508625 -62.472599
v -47.100521 8.667816 -66.268364
v -47.100521 0.667816 -66.268364
v -48.362335 0.667816 -70.064133
v -48.362335 5.508625 -70.064133
vn 0.9489 -0.0000 -0.3155
vn 0.3155 -0.0000 0.9489
vn -0.0000 -1.0000 -0.0000
vn -0.9489 -0.0000 0.3155
vn -0.1955 0.7848 -0.5882
vn 0.1955 0.7848 0.5882
vn -0.3155 -0.0000 -0.9489
vt 0.375000 0.625000
vt 0.625000 0.625000
vt 0.625000 0.750000
vt 0.375000 0.750000
vt 0.375000 0.500000
vt 0.625000 0.500000
s 0
f 2786/1044/1813 2787/1045/1813 2783/1046/1813 2782/1047/1813
f 2784/1048/1813 2785/1049/1813 2787/1045/1813 2786/1044/1813
f 2783/1046/1814 2789/1046/1814 2788/1047/1814 2782/1047/1814
f 2786/1044/1815 2791/1044/1815 2792/1048/1815 2784/1048/1815
f 2791/1044/1816 2788/1047/1816 2789/1046/1816 2790/1045/1816
f 2792/1048/1816 2791/1044/1816 2790/1045/1816 2793/1049/1816
f 2785/1049/1817 2793/1049/1817 2790/1045/1817 2787/1045/1817
f 2787/1045/1818 2790/1045/1818 2789/1046/1818 2783/1046/1818
f 2782/1047/1815 2788/1047/1815 2791/1044/1815 2786/1044/1815
f 2784/1048/1819 2792/1048/1819 2793/1049/1819 2785/1049/1819
o House.048
v -27.052847 0.667816 -35.299789
v -27.052847 5.508625 -35.299789
v -29.576473 0.667816 -42.891319
v -29.576473 5.508625 -42.891319
v -28.314661 0.667816 -39.095554
v -28.314661 8.667816 -39.095554
v -36.044842 0.667816 -32.310612
v -36.044842 5.508625 -32.310612
v -37.306656 8.667816 -36.106377
v -37.306656 0.667816 -36.106377
v -38.568470 0.667816 -39.902142
v -38.568470 5.508625 -39.902142
vn 0.9489 -0.0000 -0.3155
vn 0.3155 -0.0000 0.9489
vn -0.0000 -1.0000 -0.0000
vn -0.9489 -0.0000 0.3155
vn -0.1955 0.7848 -0.5882
vn 0.1955 0.7848 0.5882
vn -0.3155 -0.0000 -0.9489
vt 0.375000 0.625000
vt 0.625000 0.625000
vt 0.625000 0.750000
vt 0.375000 0.750000
vt 0.375000 0.500000
vt 0.625000 0.500000
s 0
f 2798/1050/1820 2799/1051/1820 2795/1052/1820 2794/1053/1820
f 2796/1054/1820 2797/1055/1820 2799/1051/1820 2798/1050/1820
f 2795/1052/1821 2801/1052/1821 2800/1053/1821 2794/1053/1821
f 2798/1050/1822 2803/1050/1822 2804/1054/1822 2796/1054/1822
f 2803/1050/1823 2800/1053/1823 2801/1052/1823 2802/1051/1823
f 2804/1054/1823 2803/1050/1823 2802/1051/1823 2805/1055/1823
f 2797/1055/1824 2805/1055/1824 2802/1051/1824 2799/1051/1824
f 2799/1051/1825 2802/1051/1825 2801/1052/1825 2795/1052/1825
f 2794/1053/1822 2800/1053/1822 2803/1050/1822 2798/1050/1822
f 2796/1054/1826 2804/1054/1826 2805/1055/1826 2797/1055/1826
o House.049
v -24.514177 0.667816 -27.788467
v -24.514177 5.508625 -27.788467
v -27.037804 0.667816 -35.379997
v -27.037804 5.508625 -35.379997
v -25.775991 0.667816 -31.584232
v -25.775991 8.667816 -31.584232
v -33.506172 0.667816 -24.799288
v -33.506172 5.508625 -24.799288
v -34.767986 8.667816 -28.595053
v -34.767986 0.667816 -28.595053
v -36.029800 0.667816 -32.390816
v -36.029800 5.508625 -32.390816
vn 0.9489 -0.0000 -0.3155
vn 0.3155 -0.0000 0.9489
vn -0.0000 -1.0000 -0.0000
vn -0.9489 -0.0000 0.3155
vn -0.1955 0.7848 -0.5882
vn 0.1955 0.7848 0.5882
vn -0.3155 -0.0000 -0.9489
vt 0.375000 0.625000
vt 0.625000 0.625000
vt 0.625000 0.750000
vt 0.375000 0.750000
vt 0.375000 0.500000
vt 0.625000 0.500000
s 0
f 2810/1056/1827 2811/1057/1827 2807/1058/1827 2806/1059/1827
f 2808/1060/1827 2809/1061/1827 2811/1057/1827 2810/1056/1827
f 2807/1058/1828 2813/1058/1828 2812/1059/1828 2806/1059/1828
f 2810/1056/1829 2815/1056/1829 2816/1060/1829 2808/1060/1829
f 2815/1056/1830 2812/1059/1830 2813/1058/1830 2814/1057/1830
f 2816/1060/1830 2815/1056/1830 2814/1057/1830 2817/1061/1830
f 2809/1061/1831 2817/1061/1831 2814/1057/1831 2811/1057/1831
f 2811/1057/1832 2814/1057/1832 2813/1058/1832 2807/1058/1832
f 2806/1059/1829 2812/1059/1829 2815/1056/1829 2810/1056/1829
f 2808/1060/1833 2816/1060/1833 2817/1061/1833 2809/1061/1833
o House.050
v -29.529428 0.667816 -42.929192
v -29.529428 5.508625 -42.929192
v -32.053055 0.667816 -50.520721
v -32.053055 5.508625 -50.520721
v -30.791243 0.667816 -46.724957
v -30.791243 8.667816 -46.724957
v -38.521423 0.667816 -39.940014
v -38.521423 5.508625 -39.940014
v -39.783237 8.667816 -43.735779
v -39.783237 0.667816 -43.735779
v -41.045052 0.667816 -47.531544
v -41.045052 5.508625 -47.531544
vn 0.9489 -0.0000 -0.3155
vn 0.3155 -0.0000 0.9489
vn -0.0000 -1.0000 -0.0000
vn -0.9489 -0.0000 0.3155
vn -0.1955 0.7848 -0.5882
vn 0.1955 0.7848 0.5882
vn -0.3155 -0.0000 -0.9489
vt 0.375000 0.625000
vt 0.625000 0.625000
vt 0.625000 0.750000
vt 0.375000 0.750000
vt 0.375000 0.500000
vt 0.625000 0.500000
s 0
f 2822/1062/1834 2823/1063/1834 2819/1064/1834 2818/1065/1834
f 2820/1066/1834 2821/1067/1834 2823/1063/1834 2822/1062/1834
f 2819/1064/1835 2825/1064/1835 2824/1065/1835 2818/1065/1835
f 2822/1062/1836 2827/1062/1836 2828/1066/1836 2820/1066/1836
f 2827/1062/1837 2824/1065/1837 2825/1064/1837 2826/1063/1837
f 2828/1066/1837 2827/1062/1837 2826/1063/1837 2829/1067/1837
f 2821/1067/1838 2829/1067/1838 2826/1063/1838 2823/1063/1838
f 2823/1063/1839 2826/1063/1839 2825/1064/1839 2819/1064/1839
f 2818/1065/1836 2824/1065/1836 2827/1062/1836 2822/1062/1836
f 2820/1066/1840 2828/1066/1840 2829/1067/1840 2821/1067/1840
o House.051
v -35.123425 0.667816 -23.964098
v -35.123425 5.508625 -23.964098
v -37.205605 0.667816 -31.688381
v -37.205605 5.508625 -31.688381
v -36.164513 0.667816 -27.826239
v -36.164513 8.667816 -27.826239
v -54.812164 0.667816 -19.483074
v -54.812164 5.508625 -19.483074
v -55.853252 8.667816 -23.345215
v -55.853252 0.667816 -23.345215
v -56.894341 0.667816 -27.207355
v -56.894341 5.508625 -27.207355
vn 0.9655 -0.0000 -0.2603
vn 0.2219 -0.0000 0.9751
vn -0.0000 -1.0000 -0.0000
vn -0.9655 -0.0000 0.2603
vn -0.1376 0.7845 -0.6046
vn 0.1376 0.7845 0.6046
vn -0.2219 -0.0000 -0.9751
vt 0.375000 0.625000
vt 0.625000 0.625000
vt 0.625000 0.750000
vt 0.375000 0.750000
vt 0.375000 0.500000
vt 0.625000 0.500000
s 0
f 2834/1068/1841 2835/1069/1841 2831/1070/1841 2830/1071/1841
f 2832/1072/1841 2833/1073/1841 2835/1069/1841 2834/1068/1841
f 2831/1070/1842 2837/1070/1842 2836/1071/1842 2830/1071/1842
f 2834/1068/1843 2839/1068/1843 2840/1072/1843 2832/1072/1843
f 2839/1068/1844 2836/1071/1844 2837/1070/1844 2838/1069/1844
f 2840/1072/1844 2839/1068/1844 2838/1069/1844 2841/1073/1844
f 2833/1073/1845 2841/1073/1845 2838/1069/1845 2835/1069/1845
f 2835/1069/1846 2838/1069/1846 2837/1070/1846 2831/1070/1846
f 2830/1071/1843 2836/1071/1843 2839/1068/1843 2834/1068/1843
f 2832/1072/1847 2840/1072/1847 2841/1073/1847 2833/1073/1847
o House.052
v -54.925762 0.667816 -43.786274
v -54.925762 5.508625 -43.786274
v -62.310715 0.667816 -40.710159
v -62.310715 5.508625 -40.710159
v -58.618237 0.667816 -42.248215
v -58.618240 8.667816 -42.248215
v -47.904121 0.667816 -24.854221
v -47.904121 5.508625 -24.854221
v -51.596600 8.667816 -23.316162
v -51.596600 0.667816 -23.316162
v -55.289074 0.667816 -21.778103
v -55.289074 5.508625 -21.778103
vn -0.3845 -0.0000 -0.9231
vn 0.9376 -0.0000 -0.3477
vn -0.0000 -1.0000 -0.0000
vn 0.3845 -0.0000 0.9231
vn -0.5814 0.7845 0.2156
vn 0.5814 0.7845 -0.2156
vn -0.9376 -0.0000 0.3477
vt 0.375000 0.625000
vt 0.625000 0.625000
vt 0.625000 0.750000
vt 0.375000 0.750000
vt 0.375000 0.500000
vt 0.625000 0.500000
s 0
f 2846/1074/1848 2847/1075/1848 2843/1076/1848 2842/1077/1848
f 2844/1078/1848 2845/1079/1848 2847/1075/1848 2846/1074/1848
f 2843/1076/1849 2849/1076/1849 2848/1077/1849 2842/1077/1849
f 2846/1074/1850 2851/1074/1850 2852/1078/1850 2844/1078/1850
f 2851/1074/1851 2848/1077/1851 2849/1076/1851 2850/1075/1851
f 2852/1078/1851 2851/1074/1851 2850/1075/1851 2853/1079/1851
f 2845/1079/1852 2853/1079/1852 2850/1075/1852 2847/1075/1852
f 2847/1075/1853 2850/1075/1853 2849/1076/1853 2843/1076/1853
f 2842/1077/1850 2848/1077/1850 2851/1074/1850 2846/1074/1850
f 2844/1078/1854 2852/1078/1854 2853/1079/1854 2845/1079/1854
o House.053
v -59.567024 0.667816 -62.177185
v -59.567024 5.508625 -62.177185
v -67.251854 0.667816 -59.953819
v -67.251854 5.508625 -59.953819
v -63.409439 0.667816 -61.065502
v -63.409439 8.667816 -61.065502
v -54.725975 0.667816 -42.573860
v -54.725975 5.508625 -42.573860
v -58.568390 8.667816 -41.462177
v -58.568390 0.667816 -41.462177
v -62.410805 0.667816 -40.350494
v -62.410805 5.508625 -40.350494
vn -0.2779 -0.0000 -0.9606
vn 0.9708 -0.0000 -0.2397
vn -0.0000 -1.0000 -0.0000
vn 0.2779 -0.0000 0.9606
vn -0.6020 0.7845 0.1487
vn 0.6020 0.7845 -0.1487
vn -0.9708 -0.0000 0.2397
vt 0.375000 0.625000
vt 0.625000 0.625000
vt 0.625000 0.750000
vt 0.375000 0.750000
vt 0.375000 0.500000
vt 0.625000 0.500000
s 0
f 2858/1080/1855 2859/1081/1855 2855/1082/1855 2854/1083/1855
f 2856/1084/1855 2857/1085/1855 2859/1081/1855 2858/1080/1855
f 2855/1082/1856 2861/1082/1856 2860/1083/1856 2854/1083/1856
f 2858/1080/1857 2863/1080/1857 2864/1084/1857 2856/1084/1857
f 2863/1080/1858 2860/1083/1858 2861/1082/1858 2862/1081/1858
f 2864/1084/1858 2863/1080/1858 2862/1081/1858 2865/1085/1858
f 2857/1085/1859 2865/1085/1859 2862/1081/1859 2859/1081/1859
f 2859/1081/1860 2862/1081/1860 2861/1082/1860 2855/1082/1860
f 2854/1083/1857 2860/1083/1857 2863/1080/1857 2858/1080/1857
f 2856/1084/1861 2864/1084/1861 2865/1085/1861 2857/1085/1861
o House.054
v -42.888580 0.667816 -63.232224
v -42.888580 5.508625 -63.232224
v -45.549740 0.667816 -70.776642
v -45.549740 5.508625 -70.776642
v -44.219158 0.667816 -67.004433
v -44.219158 8.667816 -67.004433
v -62.181431 0.667816 -57.273033
v -62.181431 5.508625 -57.273033
v -63.512012 8.667816 -61.045242
v -63.512012 0.667816 -61.045242
v -64.842590 0.667816 -64.817451
v -64.842590 5.508625 -64.817451
vn 0.9431 -0.0000 -0.3326
vn 0.2951 -0.0000 0.9555
vn -0.0000 -1.0000 -0.0000
vn -0.9431 -0.0000 0.3326
vn -0.1830 0.7845 -0.5925
vn 0.1830 0.7845 0.5925
vn -0.2951 -0.0000 -0.9555
vt 0.375000 0.625000
vt 0.625000 0.625000
vt 0.625000 0.750000
vt 0.375000 0.750000
vt 0.375000 0.500000
vt 0.625000 0.500000
s 0
f 2870/1086/1862 2871/1087/1862 2867/1088/1862 2866/1089/1862
f 2868/1090/1862 2869/1091/1862 2871/1087/1862 2870/1086/1862
f 2867/1088/1863 2873/1088/1863 2872/1089/1863 2866/1089/1863
f 2870/1086/1864 2875/1086/1864 2876/1090/1864 2868/1090/1864
f 2875/1086/1865 2872/1089/1865 2873/1088/1865 2874/1087/1865
f 2876/1090/1865 2875/1086/1865 2874/1087/1865 2877/1091/1865
f 2869/1091/1866 2877/1091/1866 2874/1087/1866 2871/1087/1866
f 2871/1087/1867 2874/1087/1867 2873/1088/1867 2867/1088/1867
f 2866/1089/1864 2872/1089/1864 2875/1086/1864 2870/1086/1864
f 2868/1090/1868 2876/1090/1868 2877/1091/1868 2869/1091/1868
o House.055
v -48.427143 0.667816 31.316092
v -48.427143 5.508625 31.316092
v -39.306503 0.667816 29.441195
v -39.306503 5.508625 29.441195
v -43.866825 0.667816 30.378643
v -43.866825 8.667816 30.378643
v -52.765221 0.667816 14.187766
v -52.765221 5.508625 14.187766
v -48.168213 8.667816 13.450975
v -48.168213 0.667816 13.450975
v -43.571209 0.667816 12.714185
v -43.571209 5.508625 12.714185
v -54.330265 0.667816 -7.701641
v -54.330265 5.508625 -7.701641
v -49.747391 8.667816 -8.521756
v -49.747391 0.667816 -8.521756
v -45.164516 0.667816 -9.341872
v -45.164516 5.508625 -9.341872
vn 0.2014 -0.0000 0.9795
vn -0.9694 -0.0000 0.2455
vn -0.0000 -1.0000 -0.0000
vn -0.9975 -0.0000 0.0713
vn 0.5451 0.8268 -0.1387
vn -0.5452 0.8268 0.1383
vn 0.9690 -0.0000 -0.2471
vn -0.1762 -0.0000 -0.9844
vn 0.5618 0.8263 -0.0405
vn 0.9974 -0.0000 -0.0721
vn -0.5619 0.8262 0.0403
vt 0.375000 0.625000
vt 0.625000 0.625000
vt 0.625000 0.750000
vt 0.375000 0.750000
vt 0.375000 0.500000
vt 0.625000 0.500000
s 0
f 2882/1092/1869 2883/1093/1869 2879/1094/1869 2878/1095/1869
f 2880/1096/1869 2881/1097/1869 2883/1093/1869 2882/1092/1869
f 2879/1094/1870 2885/1094/1870 2884/1095/1870 2878/1095/1870
f 2882/1092/1871 2887/1092/1871 2888/1096/1871 2880/1096/1871
f 2885/1094/1872 2891/1094/1872 2890/1095/1872 2884/1095/1872
f 2884/1095/1871 2890/1095/1871 2893/1092/1871 2887/1092/1871
f 2881/1097/1873 2889/1097/1873 2886/1093/1873 2883/1093/1873
f 2883/1093/1874 2886/1093/1874 2885/1094/1874 2879/1094/1874
f 2878/1095/1871 2884/1095/1871 2887/1092/1871 2882/1092/1871
f 2880/1096/1875 2888/1096/1875 2889/1097/1875 2881/1097/1875
f 2893/1092/1876 2890/1095/1876 2891/1094/1876 2892/1093/1876
f 2894/1096/1876 2893/1092/1876 2892/1093/1876 2895/1097/1876
f 2889/1097/1877 2895/1097/1877 2892/1093/1877 2886/1093/1877
f 2888/1096/1878 2894/1096/1878 2895/1097/1878 2889/1097/1878
f 2886/1093/1879 2892/1093/1879 2891/1094/1879 2885/1094/1879
f 2887/1092/1871 2893/1092/1871 2894/1096/1871 2888/1096/1871
o House.056
v -50.432327 0.667816 -8.332338
v -50.432327 5.508625 -8.332338
v -48.380821 0.667816 0.750208
v -48.380821 5.508625 0.750208
v -49.406574 0.667816 -3.791066
v -49.406574 8.667816 -3.791065
v -19.743170 0.667816 -17.149481
v -19.743170 5.508625 -17.149481
v -18.330090 8.667816 -12.713431
v -18.330090 0.667816 -12.713431
v -16.917011 0.667816 -8.277383
v -16.917011 5.508625 -8.277383
vn -0.9754 -0.0000 0.2203
vn -0.2761 -0.0000 -0.9611
vn -0.0000 -1.0000 -0.0000
vn 0.9528 -0.0000 -0.3035
vn 0.1550 0.8272 0.5401
vn -0.1551 0.8272 -0.5401
vn 0.2758 -0.0000 0.9612
vt 0.375000 0.625000
vt 0.625000 0.625000
vt 0.625000 0.750000
vt 0.375000 0.750000
vt 0.375000 0.500000
vt 0.625000 0.500000
s 0
f 2900/1098/1880 2901/1099/1880 2897/1100/1880 2896/1101/1880
f 2898/1102/1880 2899/1103/1880 2901/1099/1880 2900/1098/1880
f 2897/1100/1881 2903/1100/1881 2902/1101/1881 2896/1101/1881
f 2900/1098/1882 2905/1098/1882 2906/1102/1882 2898/1102/1882
f 2905/1098/1883 2902/1101/1883 2903/1100/1883 2904/1099/1883
f 2906/1102/1883 2905/1098/1883 2904/1099/1883 2907/1103/1883
f 2899/1103/1884 2907/1103/1884 2904/1099/1884 2901/1099/1884
f 2901/1099/1885 2904/1099/1885 2903/1100/1885 2897/1100/1885
f 2896/1101/1882 2902/1101/1882 2905/1098/1882 2900/1098/1882
f 2898/1102/1886 2906/1102/1886 2907/1103/1886 2899/1103/1886
o House.057
v -14.053408 0.667816 -3.528314
v -14.053408 5.508625 -3.528314
v -16.757109 0.667816 -11.057590
v -16.757109 5.508625 -11.057590
v -15.405258 0.667816 -7.292952
v -15.405258 8.667816 -7.292953
v -26.338324 0.667816 0.498989
v -26.338324 5.508625 0.498989
v -27.690174 8.667816 -3.265649
v -27.690174 0.667816 -3.265649
v -29.042025 0.667816 -7.030287
v -29.042025 5.508625 -7.030287
vn 0.9412 -0.0000 -0.3380
vn 0.3115 -0.0000 0.9502
vn -0.0000 -1.0000 -0.0000
vn -0.9412 -0.0000 0.3380
vn -0.1931 0.7846 -0.5891
vn 0.1931 0.7846 0.5891
vn -0.3115 -0.0000 -0.9502
vt 0.375000 0.625000
vt 0.625000 0.625000
vt 0.625000 0.750000
vt 0.375000 0.750000
vt 0.375000 0.500000
vt 0.625000 0.500000
s 0
f 2912/1104/1887 2913/1105/1887 2909/1106/1887 2908/1107/1887
f 2910/1108/1887 2911/1109/1887 2913/1105/1887 2912/1104/1887
f 2909/1106/1888 2915/1106/1888 2914/1107/1888 2908/1107/1888
f 2912/1104/1889 2917/1104/1889 2918/1108/1889 2910/1108/1889
f 2917/1104/1890 2914/1107/1890 2915/1106/1890 2916/1105/1890
f 2918/1108/1890 2917/1104/1890 2916/1105/1890 2919/1109/1890
f 2911/1109/1891 2919/1109/1891 2916/1105/1891 2913/1105/1891
f 2913/1105/1892 2916/1105/1892 2915/1106/1892 2909/1106/1892
f 2908/1107/1889 2914/1107/1889 2917/1104/1889 2912/1104/1889
f 2910/1108/1893 2918/1108/1893 2919/1109/1893 2911/1109/1893
o House.058
v -11.336584 0.667816 3.920415
v -11.336584 5.508625 3.920415
v -14.040285 0.667816 -3.608861
v -14.040285 5.508625 -3.608861
v -12.688435 0.667816 0.155777
v -12.688435 8.667816 0.155777
v -23.621500 0.667816 7.947718
v -23.621500 5.508625 7.947718
v -24.973351 8.667816 4.183080
v -24.973351 0.667816 4.183080
v -26.325201 0.667816 0.418442
v -26.325201 5.508625 0.418442
vn 0.9412 -0.0000 -0.3380
vn 0.3115 -0.0000 0.9502
vn -0.0000 -1.0000 -0.0000
vn -0.9412 -0.0000 0.3380
vn -0.1931 0.7846 -0.5891
vn 0.1931 0.7846 0.5891
vn -0.3115 -0.0000 -0.9502
vt 0.375000 0.625000
vt 0.625000 0.625000
vt 0.625000 0.750000
vt 0.375000 0.750000
vt 0.375000 0.500000
vt 0.625000 0.500000
s 0
f 2924/1110/1894 2925/1111/1894 2921/1112/1894 2920/1113/1894
f 2922/1114/1894 2923/1115/1894 2925/1111/1894 2924/1110/1894
f 2921/1112/1895 2927/1112/1895 2926/1113/1895 2920/1113/1895
f 2924/1110/1896 2929/1110/1896 2930/1114/1896 2922/1114/1896
f 2929/1110/1897 2926/1113/1897 2927/1112/1897 2928/1111/1897
f 2930/1114/1897 2929/1110/1897 2928/1111/1897 2931/1115/1897
f 2923/1115/1898 2931/1115/1898 2928/1111/1898 2925/1111/1898
f 2925/1111/1899 2928/1111/1899 2927/1112/1899 2921/1112/1899
f 2920/1113/1896 2926/1113/1896 2929/1110/1896 2924/1110/1896
f 2922/1114/1900 2930/1114/1900 2931/1115/1900 2923/1115/1900
o House.059
v -8.763068 0.667816 23.963470
v -8.763068 5.508625 23.963470
v -2.040030 0.667816 19.627483
v -2.040030 5.508625 19.627483
v -5.401549 0.667816 21.795477
v -5.401549 8.667816 21.795477
v -14.455359 0.667816 12.739147
v -14.455359 5.508625 12.739147
v -11.093840 8.667816 10.571155
v -11.093840 0.667816 10.571155
v -7.732321 0.667816 8.403162
v -7.732321 5.508625 8.403162
vn 0.5420 -0.0000 0.8404
vn -0.8919 -0.0000 0.4523
vn -0.0000 -1.0000 -0.0000
vn -0.5420 -0.0000 -0.8404
vn 0.5546 0.7831 -0.2813
vn -0.5546 0.7831 0.2813
vn 0.8919 -0.0000 -0.4523
vt 0.375000 0.625000
vt 0.625000 0.625000
vt 0.625000 0.750000
vt 0.375000 0.750000
vt 0.375000 0.500000
vt 0.625000 0.500000
s 0
f 2936/1116/1901 2937/1117/1901 2933/1118/1901 2932/1119/1901
f 2934/1120/1901 2935/1121/1901 2937/1117/1901 2936/1116/1901
f 2933/1118/1902 2939/1118/1902 2938/1119/1902 2932/1119/1902
f 2936/1116/1903 2941/1116/1903 2942/1120/1903 2934/1120/1903
f 2941/1116/1904 2938/1119/1904 2939/1118/1904 2940/1117/1904
f 2942/1120/1904 2941/1116/1904 2940/1117/1904 2943/1121/1904
f 2935/1121/1905 2943/1121/1905 2940/1117/1905 2937/1117/1905
f 2937/1117/1906 2940/1117/1906 2939/1118/1906 2933/1118/1906
f 2932/1119/1903 2938/1119/1903 2941/1116/1903 2936/1116/1903
f 2934/1120/1907 2942/1120/1907 2943/1121/1907 2935/1121/1907
o House.060
v -23.767635 0.667816 9.624626
v -23.767635 5.508625 9.624626
v -16.107058 0.667816 11.930178
v -16.107058 5.508625 11.930178
v -19.937346 0.667816 10.777402
v -19.937346 8.667816 10.777402
v -19.865131 0.667816 1.162814
v -19.865131 5.508625 1.162814
v -16.034843 8.667816 2.315589
v -16.034843 0.667816 2.315589
v -12.204554 0.667816 3.468365
v -12.204554 5.508625 3.468365
v -21.383686 0.667816 25.247429
v -21.383686 5.508625 25.247429
v -15.208478 0.667816 20.161488
v -15.208478 5.508625 20.161488
v -18.296083 0.667816 22.704458
v -18.296082 8.667816 22.704458
v -13.592222 0.667816 39.651855
v -13.592222 5.508625 39.651855
v -6.251762 0.667816 36.471027
v -6.251762 5.508625 36.471027
v -9.921995 0.667816 38.061440
v -9.921995 8.667816 38.061440
vn -0.9886 -0.0000 0.1508
vn 0.6628 0.7441 -0.0835
vn -0.9081 -0.0000 -0.4188
vn -0.0000 -1.0000 -0.0000
vn 0.2882 -0.0000 -0.9576
vn 0.5662 0.7818 0.2611
vn -0.5662 0.7818 -0.2611
vn 0.9081 -0.0000 0.4188
vn -0.8796 -0.0000 0.4758
vn 0.5474 0.7814 -0.2996
vn -0.6606 0.7445 0.0965
vn 0.9941 -0.0000 -0.1085
vn 0.3976 -0.0000 0.9176
vn -0.5484 0.7814 0.2979
vn 0.8765 -0.0000 -0.4814
vt 0.375000 0.750000
vt 0.625000 0.750000
vt 0.625000 0.625000
vt 0.625000 0.500000
vt 0.375000 0.625000
vt 0.375000 0.500000
s 0
f 2944/1122/1908 2956/1122/1908 2957/1123/1908 2945/1123/1908
f 2949/1124/1909 2961/1124/1909 2959/1125/1909 2947/1125/1909
f 2945/1123/1910 2951/1123/1910 2950/1122/1910 2944/1122/1910
f 2948/1126/1911 2953/1126/1911 2954/1127/1911 2946/1127/1911
f 2953/1126/1912 2950/1122/1912 2951/1123/1912 2952/1124/1912
f 2954/1127/1912 2953/1126/1912 2952/1124/1912 2955/1125/1912
f 2947/1125/1913 2955/1125/1913 2952/1124/1913 2949/1124/1913
f 2949/1124/1914 2952/1124/1914 2951/1123/1914 2945/1123/1914
f 2944/1122/1911 2950/1122/1911 2953/1126/1911 2948/1126/1911
f 2946/1127/1915 2954/1127/1915 2955/1125/1915 2947/1125/1915
f 2956/1122/1916 2962/1122/1916 2963/1123/1916 2957/1123/1916
f 2961/1124/1917 2967/1124/1917 2965/1125/1917 2959/1125/1917
f 2946/1127/1911 2958/1127/1911 2960/1126/1911 2948/1126/1911
f 2948/1126/1911 2960/1126/1911 2956/1122/1911 2944/1122/1911
f 2945/1123/1918 2957/1123/1918 2961/1124/1918 2949/1124/1918
f 2947/1125/1919 2959/1125/1919 2958/1127/1919 2946/1127/1919
f 2966/1126/1920 2967/1124/1920 2963/1123/1920 2962/1122/1920
f 2964/1127/1920 2965/1125/1920 2967/1124/1920 2966/1126/1920
f 2958/1127/1911 2964/1127/1911 2966/1126/1911 2960/1126/1911
f 2960/1126/1911 2966/1126/1911 2962/1122/1911 2956/1122/1911
f 2957/1123/1921 2963/1123/1921 2967/1124/1921 2961/1124/1921
f 2959/1125/1922 2965/1125/1922 2964/1127/1922 2958/1127/1922
o House.061
v -58.507214 0.667816 -17.984001
v -58.507214 5.508625 -17.984001
v -59.092625 0.667816 -25.962555
v -59.092625 5.508625 -25.962555
v -58.799919 0.667816 -21.973278
v -58.799919 8.667816 -21.973278
v -71.422165 0.667816 -17.398874
v -71.422165 5.508625 -17.398874
v -71.714867 8.667816 -21.388151
v -71.714867 0.667816 -21.388151
v -72.007576 0.667816 -25.377428
v -72.007576 5.508625 -25.377428
v -96.341774 0.667816 -15.469126
v -96.341774 5.508625 -15.469126
v -97.396538 8.667816 -19.327557
v -97.396538 0.667816 -19.327557
v -98.451302 0.667816 -23.185984
v -98.451302 5.508625 -23.185984
vn 0.9973 -0.0000 -0.0732
vn 0.0453 -0.0000 0.9990
vn -0.0000 -1.0000 -0.0000
vn 0.0772 -0.0000 0.9970
vn -0.0281 0.7846 -0.6193
vn 0.0281 0.7846 0.6193
vn -0.0453 -0.0000 -0.9990
vn -0.9646 -0.0000 0.2637
vn -0.0507 0.7821 -0.6210
vn -0.0826 -0.0000 -0.9966
vn 0.0490 0.7821 0.6213
vt 0.375000 0.625000
vt 0.625000 0.625000
vt 0.625000 0.750000
vt 0.375000 0.750000
vt 0.375000 0.500000
vt 0.625000 0.500000
s 0
f 2972/1128/1923 2973/1129/1923 2969/1130/1923 2968/1131/1923
f 2970/1132/1923 2971/1133/1923 2973/1129/1923 2972/1128/1923
f 2969/1130/1924 2975/1130/1924 2974/1131/1924 2968/1131/1924
f 2972/1128/1925 2977/1128/1925 2978/1132/1925 2970/1132/1925
f 2975/1130/1926 2981/1130/1926 2980/1131/1926 2974/1131/1926
f 2974/1131/1925 2980/1131/1925 2983/1128/1925 2977/1128/1925
f 2971/1133/1927 2979/1133/1927 2976/1129/1927 2973/1129/1927
f 2973/1129/1928 2976/1129/1928 2975/1130/1928 2969/1130/1928
f 2968/1131/1925 2974/1131/1925 2977/1128/1925 2972/1128/1925
f 2970/1132/1929 2978/1132/1929 2979/1133/1929 2971/1133/1929
f 2983/1128/1930 2980/1131/1930 2981/1130/1930 2982/1129/1930
f 2984/1132/1930 2983/1128/1930 2982/1129/1930 2985/1133/1930
f 2979/1133/1931 2985/1133/1931 2982/1129/1931 2976/1129/1931
f 2978/1132/1932 2984/1132/1932 2985/1133/1932 2979/1133/1932
f 2976/1129/1933 2982/1129/1933 2981/1130/1933 2975/1130/1933
f 2977/1128/1925 2983/1128/1925 2984/1132/1925 2978/1132/1925
o House.062
v -90.628464 0.667816 -42.375950
v -90.628464 5.508625 -42.375950
v -98.625870 0.667816 -42.172340
v -98.625870 5.508625 -42.172340
v -94.627167 0.667816 -42.274147
v -94.627167 8.667816 -42.274147
v -90.912529 0.667816 -22.185722
v -90.912529 5.508625 -22.185722
v -94.911232 8.667816 -22.083916
v -94.911232 0.667816 -22.083916
v -98.909935 0.667816 -21.982113
v -98.909935 5.508625 -21.982113
vn -0.0255 -0.0000 -0.9997
vn 0.9999 -0.0000 0.0141
vn -0.0000 -1.0000 -0.0000
vn 0.0255 -0.0000 0.9997
vn -0.6200 0.7845 -0.0087
vn 0.6200 0.7845 0.0087
vn -0.9999 -0.0000 -0.0141
vt 0.375000 0.625000
vt 0.625000 0.625000
vt 0.625000 0.750000
vt 0.375000 0.750000
vt 0.375000 0.500000
vt 0.625000 0.500000
s 0
f 2990/1134/1934 2991/1135/1934 2987/1136/1934 2986/1137/1934
f 2988/1138/1934 2989/1139/1934 2991/1135/1934 2990/1134/1934
f 2987/1136/1935 2993/1136/1935 2992/1137/1935 2986/1137/1935
f 2990/1134/1936 2995/1134/1936 2996/1138/1936 2988/1138/1936
f 2995/1134/1937 2992/1137/1937 2993/1136/1937 2994/1135/1937
f 2996/1138/1937 2995/1134/1937 2994/1135/1937 2997/1139/1937
f 2989/1139/1938 2997/1139/1938 2994/1135/1938 2991/1135/1938
f 2991/1135/1939 2994/1135/1939 2993/1136/1939 2987/1136/1939
f 2986/1137/1936 2992/1137/1936 2995/1134/1936 2990/1134/1936
f 2988/1138/1940 2996/1138/1940 2997/1139/1940 2989/1139/1940
o House.063
v -79.443611 0.667816 -46.240974
v -79.443611 5.508625 -46.240974
v -84.136909 0.667816 -52.719624
v -84.136909 5.508625 -52.719624
v -81.790260 0.667816 -49.480301
v -81.790260 8.667816 -49.480301
v -94.234756 0.667816 -35.856892
v -94.234756 5.508625 -35.856892
v -96.581406 8.667816 -39.096214
v -96.581406 0.667816 -39.096214
v -98.928055 0.667816 -42.335541
v -98.928055 5.508625 -42.335541
v -74.571320 0.667816 -47.533577
v -74.571320 5.508625 -47.533577
v -76.430542 0.667816 -55.314529
v -76.430542 5.508625 -55.314529
v -75.500931 0.667816 -51.424053
v -75.500931 8.667816 -51.424053
vn 0.2564 -0.0000 0.9666
vn -0.1943 0.7768 -0.5991
vn 0.5746 -0.0000 0.8184
vn -0.0000 -1.0000 -0.0000
vn -0.8098 -0.0000 0.5867
vn -0.3562 0.7847 -0.5073
vn 0.3562 0.7847 0.5073
vn -0.5746 -0.0000 -0.8184
vn 0.9726 -0.0000 -0.2324
vn 0.1758 0.7755 0.6064
vn -0.3191 -0.0000 -0.9477
vt 0.375000 0.750000
vt 0.625000 0.750000
vt 0.625000 0.625000
vt 0.625000 0.500000
vt 0.375000 0.625000
vt 0.375000 0.500000
s 0
f 2998/1140/1941 3010/1140/1941 3011/1141/1941 2999/1141/1941
f 3003/1142/1942 3015/1142/1942 3013/1143/1942 3001/1143/1942
f 2999/1141/1943 3005/1141/1943 3004/1140/1943 2998/1140/1943
f 3002/1144/1944 3007/1144/1944 3008/1145/1944 3000/1145/1944
f 3007/1144/1945 3004/1140/1945 3005/1141/1945 3006/1142/1945
f 3008/1145/1945 3007/1144/1945 3006/1142/1945 3009/1143/1945
f 3001/1143/1946 3009/1143/1946 3006/1142/1946 3003/1142/1946
f 3003/1142/1947 3006/1142/1947 3005/1141/1947 2999/1141/1947
f 2998/1140/1944 3004/1140/1944 3007/1144/1944 3002/1144/1944
f 3000/1145/1948 3008/1145/1948 3009/1143/1948 3001/1143/1948
f 3014/1144/1949 3015/1142/1949 3011/1141/1949 3010/1140/1949
f 3012/1145/1949 3013/1143/1949 3015/1142/1949 3014/1144/1949
f 3000/1145/1944 3012/1145/1944 3014/1144/1944 3002/1144/1944
f 3002/1144/1944 3014/1144/1944 3010/1140/1944 2998/1140/1944
f 2999/1141/1950 3011/1141/1950 3015/1142/1950 3003/1142/1950
f 3001/1143/1951 3013/1143/1951 3012/1145/1951 3000/1145/1951
o House.064
v -74.137787 0.667816 -34.648506
v -74.137787 5.508625 -34.648506
v -66.674774 0.667816 -37.530079
v -66.674774 5.508625 -37.530079
v -70.406281 0.667816 -36.089294
v -70.406281 8.667816 -36.089294
v -80.660988 0.667816 -53.758034
v -80.660988 5.508625 -53.758034
v -76.929482 8.667816 -55.198818
v -76.929482 0.667816 -55.198818
v -73.197975 0.667816 -56.639603
v -73.197975 5.508625 -56.639603
vn 0.3602 -0.0000 0.9329
vn -0.9464 -0.0000 0.3231
vn -0.0000 -1.0000 -0.0000
vn -0.3602 -0.0000 -0.9329
vn 0.5868 0.7845 -0.2003
vn -0.5868 0.7845 0.2003
vn 0.9464 -0.0000 -0.3231
vt 0.375000 0.625000
vt 0.625000 0.625000
vt 0.625000 0.750000
vt 0.375000 0.750000
vt 0.375000 0.500000
vt 0.625000 0.500000
s 0
f 3020/1146/1952 3021/1147/1952 3017/1148/1952 3016/1149/1952
f 3018/1150/1952 3019/1151/1952 3021/1147/1952 3020/1146/1952
f 3017/1148/1953 3023/1148/1953 3022/1149/1953 3016/1149/1953
f 3020/1146/1954 3025/1146/1954 3026/1150/1954 3018/1150/1954
f 3025/1146/1955 3022/1149/1955 3023/1148/1955 3024/1147/1955
f 3026/1150/1955 3025/1146/1955 3024/1147/1955 3027/1151/1955
f 3019/1151/1956 3027/1151/1956 3024/1147/1956 3021/1147/1956
f 3021/1147/1957 3024/1147/1957 3023/1148/1957 3017/1148/1957
f 3016/1149/1954 3022/1149/1954 3025/1146/1954 3020/1146/1954
f 3018/1150/1958 3026/1150/1958 3027/1151/1958 3019/1151/1958
o House.065
v -65.482803 0.667816 -19.911161
v -65.482803 5.508625 -19.911161
v -58.749210 0.667816 -24.230743
v -58.749210 5.508625 -24.230743
v -62.116005 0.667816 -22.070951
v -62.116005 8.667816 -22.070953
v -75.705490 0.667816 -37.324451
v -75.705490 5.508625 -37.324451
v -72.338699 8.667816 -39.484241
v -72.338699 0.667816 -39.484241
v -68.971901 0.667816 -41.644032
v -68.971901 5.508625 -41.644032
vn 0.5399 -0.0000 0.8417
vn -0.8624 -0.0000 0.5063
vn -0.0000 -1.0000 -0.0000
vn -0.5399 -0.0000 -0.8417
vn 0.5348 0.7845 -0.3139
vn -0.5348 0.7845 0.3139
vn 0.8624 -0.0000 -0.5063
vt 0.375000 0.625000
vt 0.625000 0.625000
vt 0.625000 0.750000
vt 0.375000 0.750000
vt 0.375000 0.500000
vt 0.625000 0.500000
s 0
f 3032/1152/1959 3033/1153/1959 3029/1154/1959 3028/1155/1959
f 3030/1156/1959 3031/1157/1959 3033/1153/1959 3032/1152/1959
f 3029/1154/1960 3035/1154/1960 3034/1155/1960 3028/1155/1960
f 3032/1152/1961 3037/1152/1961 3038/1156/1961 3030/1156/1961
f 3037/1152/1962 3034/1155/1962 3035/1154/1962 3036/1153/1962
f 3038/1156/1962 3037/1152/1962 3036/1153/1962 3039/1157/1962
f 3031/1157/1963 3039/1157/1963 3036/1153/1963 3033/1153/1963
f 3033/1153/1964 3036/1153/1964 3035/1154/1964 3029/1154/1964
f 3028/1155/1961 3034/1155/1961 3037/1152/1961 3032/1152/1961
f 3030/1156/1965 3038/1156/1965 3039/1157/1965 3031/1157/1965
o House.066
v 32.745842 0.667816 -34.658062
v 32.745842 5.508625 -34.658062
v 41.606815 0.667816 -39.775127
v 41.606815 5.508625 -39.775127
v 37.176331 0.667816 -37.216595
v 37.176331 8.667816 -37.216595
v 27.269505 0.667816 -44.141174
v 27.269505 5.508625 -44.141174
v 31.699991 8.667816 -46.699703
v 31.699991 0.667816 -46.699703
v 36.130478 0.667816 -49.258236
v 36.130478 5.508625 -49.258236
vn 0.5001 -0.0000 0.8660
vn -0.8660 -0.0000 0.5001
vn -0.0000 -1.0000 -0.0000
vn -0.5001 -0.0000 -0.8660
vn 0.4550 0.8509 -0.2627
vn -0.4550 0.8509 0.2627
vn 0.8660 -0.0000 -0.5001
vt 0.375000 0.625000
vt 0.625000 0.625000
vt 0.625000 0.750000
vt 0.375000 0.750000
vt 0.375000 0.500000
vt 0.625000 0.500000
s 0
f 3044/1158/1966 3045/1159/1966 3041/1160/1966 3040/1161/1966
f 3042/1162/1966 3043/1163/1966 3045/1159/1966 3044/1158/1966
f 3041/1160/1967 3047/1160/1967 3046/1161/1967 3040/1161/1967
f 3044/1158/1968 3049/1158/1968 3050/1162/1968 3042/1162/1968
f 3049/1158/1969 3046/1161/1969 3047/1160/1969 3048/1159/1969
f 3050/1162/1969 3049/1158/1969 3048/1159/1969 3051/1163/1969
f 3043/1163/1970 3051/1163/1970 3048/1159/1970 3045/1159/1970
f 3045/1159/1971 3048/1159/1971 3047/1160/1971 3041/1160/1971
f 3040/1161/1968 3046/1161/1968 3049/1158/1968 3044/1158/1968
f 3042/1162/1972 3050/1162/1972 3051/1163/1972 3043/1163/1972
o House.067
v 30.681950 0.667816 -70.201698
v 30.681950 5.508625 -70.201698
v 27.952246 0.667816 -79.692291
v 27.952246 5.508625 -79.692291
v 29.317097 0.667816 -74.946991
v 29.317097 8.667816 -74.946991
v 22.272448 0.667816 -67.782936
v 22.272448 5.508625 -67.782936
v 20.907597 8.667816 -72.528236
v 20.907597 0.667816 -72.528236
v 19.542744 0.667816 -77.273529
v 19.542744 5.508625 -77.273529
vn 0.9610 -0.0000 -0.2764
vn 0.2764 -0.0000 0.9610
vn -0.0000 -1.0000 -0.0000
vn -0.9610 -0.0000 0.2764
vn -0.1490 0.8423 -0.5179
vn 0.1490 0.8423 0.5179
vn -0.2764 -0.0000 -0.9610
vt 0.375000 0.625000
vt 0.625000 0.625000
vt 0.625000 0.750000
vt 0.375000 0.750000
vt 0.375000 0.500000
vt 0.625000 0.500000
s 0
f 3056/1164/1973 3057/1165/1973 3053/1166/1973 3052/1167/1973
f 3054/1168/1973 3055/1169/1973 3057/1165/1973 3056/1164/1973
f 3053/1166/1974 3059/1166/1974 3058/1167/1974 3052/1167/1974
f 3056/1164/1975 3061/1164/1975 3062/1168/1975 3054/1168/1975
f 3061/1164/1976 3058/1167/1976 3059/1166/1976 3060/1165/1976
f 3062/1168/1976 3061/1164/1976 3060/1165/1976 3063/1169/1976
f 3055/1169/1977 3063/1169/1977 3060/1165/1977 3057/1165/1977
f 3057/1165/1978 3060/1165/1978 3059/1166/1978 3053/1166/1978
f 3052/1167/1975 3058/1167/1975 3061/1164/1975 3056/1164/1975
f 3054/1168/1979 3062/1168/1979 3063/1169/1979 3055/1169/1979
o House.068
v 86.306999 0.658360 9.164206
v 86.306999 6.166423 9.164206
v 88.372772 0.658360 18.029419
v 88.372772 6.166423 18.029419
v 87.339890 0.658360 13.596811
v 87.339890 9.761075 13.596811
v 98.043106 0.658360 6.138588
v 98.043106 6.166423 6.138588
v 98.647568 9.761075 10.649631
v 98.647568 0.658360 10.649631
v 99.252022 0.658360 15.160672
v 99.252022 6.166423 15.160672
v 73.366196 0.658360 13.973129
v 73.366196 6.166423 13.973129
v 73.487061 0.658360 23.075043
v 73.487061 6.166423 23.075043
v 73.426628 0.658360 18.524086
v 73.426628 9.761075 18.524086
v 62.846054 0.658360 18.557451
v 62.846054 6.166423 18.557451
v 62.966911 0.658360 27.659363
v 62.966911 6.166423 27.659363
v 62.906479 0.658360 23.108406
v 62.906479 9.761075 23.108406
v 48.277443 0.658360 20.656664
v 48.277443 6.166423 20.656664
v 48.398308 0.658360 29.758575
v 48.398308 6.166423 29.758575
v 48.337872 0.658360 25.207619
v 48.337872 9.761075 25.207619
v 35.821983 0.658360 20.453522
v 35.821983 6.166423 20.453522
v 37.702477 0.658360 29.359875
v 37.702477 6.166423 29.359875
v 36.762230 0.658360 24.906698
v 36.762230 9.761075 24.906698
vn -0.0000 -1.0000 -0.0000
vn -0.3483 -0.0000 -0.9374
vn -0.2496 -0.0000 -0.9683
vn 0.9911 -0.0000 -0.1328
vn 0.1575 0.7836 0.6010
vn -0.1559 0.7836 -0.6014
vn 0.2550 -0.0000 0.9669
vn -0.3995 -0.0000 -0.9167
vn 0.2599 0.7594 0.5964
vn -0.2154 0.7751 -0.5940
vn 0.3210 -0.0000 0.9471
vn 0.2064 0.7761 0.5959
vn -0.0889 0.7822 -0.6167
vn -0.2599 0.7594 -0.5964
vn 0.3995 -0.0000 0.9167
vn 0.0163 -0.0000 -0.9999
vn 0.1426 -0.0000 0.9898
vn 0.0889 0.7822 0.6167
vn -0.1426 -0.0000 -0.9898
vn -0.9784 -0.0000 0.2066
vn 0.0131 0.7807 -0.6248
vn -0.0373 -0.0000 0.9993
vn -0.0196 0.7802 0.6252
vt 0.375000 0.500000
vt 0.375000 0.625000
vt 0.375000 0.750000
vt 0.625000 0.750000
vt 0.625000 0.625000
vt 0.625000 0.500000
s 0
f 3066/1170/1980 3078/1170/1980 3080/1171/1980 3068/1171/1980
f 3064/1172/1981 3076/1172/1981 3077/1173/1981 3065/1173/1981
f 3065/1173/1982 3071/1173/1982 3070/1172/1982 3064/1172/1982
f 3068/1171/1980 3073/1171/1980 3074/1170/1980 3066/1170/1980
f 3073/1171/1983 3070/1172/1983 3071/1173/1983 3072/1174/1983
f 3074/1170/1983 3073/1171/1983 3072/1174/1983 3075/1175/1983
f 3067/1175/1984 3075/1175/1984 3072/1174/1984 3069/1174/1984
f 3069/1174/1985 3072/1174/1985 3071/1173/1985 3065/1173/1985
f 3064/1172/1980 3070/1172/1980 3073/1171/1980 3068/1171/1980
f 3066/1170/1986 3074/1170/1986 3075/1175/1986 3067/1175/1986
f 3076/1172/1987 3082/1172/1987 3083/1173/1987 3077/1173/1987
f 3081/1174/1988 3087/1174/1988 3085/1175/1988 3079/1175/1988
f 3068/1171/1980 3080/1171/1980 3076/1172/1980 3064/1172/1980
f 3065/1173/1989 3077/1173/1989 3081/1174/1989 3069/1174/1989
f 3067/1175/1990 3079/1175/1990 3078/1170/1990 3066/1170/1990
f 3069/1174/1991 3081/1174/1991 3079/1175/1991 3067/1175/1991
f 3083/1173/1992 3089/1173/1992 3093/1174/1992 3087/1174/1992
f 3086/1171/1980 3092/1171/1980 3088/1172/1980 3082/1172/1980
f 3078/1170/1980 3084/1170/1980 3086/1171/1980 3080/1171/1980
f 3080/1171/1980 3086/1171/1980 3082/1172/1980 3076/1172/1980
f 3077/1173/1993 3083/1173/1993 3087/1174/1993 3081/1174/1993
f 3079/1175/1994 3085/1175/1994 3084/1170/1994 3078/1170/1994
f 3090/1170/1980 3096/1170/1980 3098/1171/1980 3092/1171/1980
f 3088/1172/1995 3094/1172/1995 3095/1173/1995 3089/1173/1995
f 3085/1175/1996 3091/1175/1996 3090/1170/1996 3084/1170/1996
f 3087/1174/1997 3093/1174/1997 3091/1175/1997 3085/1175/1997
f 3082/1172/1998 3088/1172/1998 3089/1173/1998 3083/1173/1998
f 3084/1170/1980 3090/1170/1980 3092/1171/1980 3086/1171/1980
f 3098/1171/1999 3099/1174/1999 3095/1173/1999 3094/1172/1999
f 3096/1170/1999 3097/1175/1999 3099/1174/1999 3098/1171/1999
f 3092/1171/1980 3098/1171/1980 3094/1172/1980 3088/1172/1980
f 3089/1173/2000 3095/1173/2000 3099/1174/2000 3093/1174/2000
f 3091/1175/2001 3097/1175/2001 3096/1170/2001 3090/1170/2001
f 3093/1174/2002 3099/1174/2002 3097/1175/2002 3091/1175/2002
o House.069
v 35.040970 0.667816 64.693001
v 35.040970 5.508625 64.693001
v 45.889816 0.667816 58.773819
v 45.889816 5.508625 58.773819
v 40.465393 0.667816 61.733414
v 40.465393 8.667816 61.733410
v 29.796049 0.667816 55.079967
v 29.796049 5.508625 55.079967
v 35.220474 8.667816 52.120377
v 35.220474 0.667816 52.120377
v 40.644897 0.667816 49.160786
v 40.644897 5.508625 49.160786
vn 0.4790 -0.0000 0.8778
vn -0.8778 -0.0000 0.4790
vn -0.0000 -1.0000 -0.0000
vn -0.4790 -0.0000 -0.8778
vn 0.3996 0.8904 -0.2180
vn -0.3996 0.8904 0.2180
vn 0.8778 -0.0000 -0.4790
vt 0.375000 0.625000
vt 0.625000 0.625000
vt 0.625000 0.750000
vt 0.375000 0.750000
vt 0.375000 0.500000
vt 0.625000 0.500000
s 0
f 3104/1176/2003 3105/1177/2003 3101/1178/2003 3100/1179/2003
f 3102/1180/2003 3103/1181/2003 3105/1177/2003 3104/1176/2003
f 3101/1178/2004 3107/1178/2004 3106/1179/2004 3100/1179/2004
f 3104/1176/2005 3109/1176/2005 3110/1180/2005 3102/1180/2005
f 3109/1176/2006 3106/1179/2006 3107/1178/2006 3108/1177/2006
f 3110/1180/2006 3109/1176/2006 3108/1177/2006 3111/1181/2006
f 3103/1181/2007 3111/1181/2007 3108/1177/2007 3105/1177/2007
f 3105/1177/2008 3108/1177/2008 3107/1178/2008 3101/1178/2008
f 3100/1179/2005 3106/1179/2005 3109/1176/2005 3104/1176/2005
f 3102/1180/2009 3110/1180/2009 3111/1181/2009 3103/1181/2009
o House.070
v 37.807110 0.667816 50.192043
v 37.807110 5.508625 50.192043
v 32.984978 0.667816 43.808701
v 32.984978 5.508625 43.808701
v 35.396042 0.667816 47.000374
v 35.396042 8.667816 47.000374
v 30.246185 0.667816 55.903751
v 30.246185 5.508625 55.903751
v 27.835119 8.667816 52.712082
v 27.835119 0.667816 52.712082
v 25.424053 0.667816 49.520409
v 25.424053 5.508625 49.520409
v 44.882996 0.667816 33.593796
v 44.882996 5.508625 33.593796
v 37.266037 0.667816 31.147985
v 37.266037 5.508625 31.147985
v 41.074516 0.667816 32.370888
v 41.074516 8.667816 32.370888
vn 0.5999 0.7617 0.2450
vn -0.0000 -1.0000 -0.0000
vn 0.6028 -0.0000 0.7979
vn -0.7979 -0.0000 0.6028
vn -0.3736 0.7848 -0.4946
vn 0.3736 0.7848 0.4946
vn -0.6028 -0.0000 -0.7979
vn 0.3057 -0.0000 -0.9521
vn -0.9473 -0.0000 -0.3203
vn -0.6121 0.7586 -0.2234
vn 0.9199 -0.0000 0.3922
vt 0.625000 0.750000
vt 0.625000 0.625000
vt 0.375000 0.625000
vt 0.375000 0.750000
vt 0.375000 0.500000
vt 0.625000 0.500000
s 0
f 3113/1182/2010 3125/1182/2010 3129/1183/2010 3117/1183/2010
f 3116/1184/2011 3128/1184/2011 3124/1185/2011 3112/1185/2011
f 3113/1182/2012 3119/1182/2012 3118/1185/2012 3112/1185/2012
f 3116/1184/2011 3121/1184/2011 3122/1186/2011 3114/1186/2011
f 3121/1184/2013 3118/1185/2013 3119/1182/2013 3120/1183/2013
f 3122/1186/2013 3121/1184/2013 3120/1183/2013 3123/1187/2013
f 3115/1187/2014 3123/1187/2014 3120/1183/2014 3117/1183/2014
f 3117/1183/2015 3120/1183/2015 3119/1182/2015 3113/1182/2015
f 3112/1185/2011 3118/1185/2011 3121/1184/2011 3116/1184/2011
f 3114/1186/2016 3122/1186/2016 3123/1187/2016 3115/1187/2016
f 3128/1184/2017 3129/1183/2017 3125/1182/2017 3124/1185/2017
f 3126/1186/2017 3127/1187/2017 3129/1183/2017 3128/1184/2017
f 3115/1187/2018 3127/1187/2018 3126/1186/2018 3114/1186/2018
f 3117/1183/2019 3129/1183/2019 3127/1187/2019 3115/1187/2019
f 3112/1185/2020 3124/1185/2020 3125/1182/2020 3113/1182/2020
f 3114/1186/2011 3126/1186/2011 3128/1184/2011 3116/1184/2011
o House.071
v 27.726379 0.667816 37.347858
v 27.726379 5.508625 37.347858
v 34.038933 0.667816 32.433426
v 34.038933 5.508625 32.433426
v 30.882656 0.667816 34.890640
v 30.882656 8.667816 34.890640
v 21.905342 0.667816 29.870779
v 21.905342 5.508625 29.870779
v 25.061619 8.667816 27.413563
v 25.061619 0.667816 27.413563
v 28.217897 0.667816 24.956345
v 28.217897 5.508625 24.956345
vn 0.6143 -0.0000 0.7891
vn -0.7891 -0.0000 0.6143
vn -0.0000 -1.0000 -0.0000
vn -0.6143 -0.0000 -0.7891
vn 0.4891 0.7848 -0.3807
vn -0.4891 0.7848 0.3807
vn 0.7891 -0.0000 -0.6143
vt 0.375000 0.625000
vt 0.625000 0.625000
vt 0.625000 0.750000
vt 0.375000 0.750000
vt 0.375000 0.500000
vt 0.625000 0.500000
s 0
f 3134/1188/2021 3135/1189/2021 3131/1190/2021 3130/1191/2021
f 3132/1192/2021 3133/1193/2021 3135/1189/2021 3134/1188/2021
f 3131/1190/2022 3137/1190/2022 3136/1191/2022 3130/1191/2022
f 3134/1188/2023 3139/1188/2023 3140/1192/2023 3132/1192/2023
f 3139/1188/2024 3136/1191/2024 3137/1190/2024 3138/1189/2024
f 3140/1192/2024 3139/1188/2024 3138/1189/2024 3141/1193/2024
f 3133/1193/2025 3141/1193/2025 3138/1189/2025 3135/1189/2025
f 3135/1189/2026 3138/1189/2026 3137/1190/2026 3131/1190/2026
f 3130/1191/2023 3136/1191/2023 3139/1188/2023 3134/1188/2023
f 3132/1192/2027 3140/1192/2027 3141/1193/2027 3133/1193/2027
o House.072
v 11.907775 0.667816 35.762753
v 11.907775 5.508625 35.762753
v 16.461456 0.667816 43.306484
v 16.461456 5.508625 43.306484
v 14.184616 0.667816 39.534618
v 14.184616 8.667816 39.534618
v 20.843157 0.667816 30.369019
v 20.843157 5.508625 30.369019
v 23.119999 8.667816 34.140884
v 23.119999 0.667816 34.140884
v 25.396839 0.667816 37.912750
v 25.396839 5.508625 37.912750
vn -0.8561 -0.0000 0.5168
vn -0.5168 -0.0000 -0.8561
vn -0.0000 -1.0000 -0.0000
vn 0.8561 -0.0000 -0.5168
vn 0.3011 0.8127 0.4989
vn -0.3011 0.8127 -0.4989
vn 0.5168 -0.0000 0.8561
vt 0.375000 0.625000
vt 0.625000 0.625000
vt 0.625000 0.750000
vt 0.375000 0.750000
vt 0.375000 0.500000
vt 0.625000 0.500000
s 0
f 3146/1194/2028 3147/1195/2028 3143/1196/2028 3142/1197/2028
f 3144/1198/2028 3145/1199/2028 3147/1195/2028 3146/1194/2028
f 3143/1196/2029 3149/1196/2029 3148/1197/2029 3142/1197/2029
f 3146/1194/2030 3151/1194/2030 3152/1198/2030 3144/1198/2030
f 3151/1194/2031 3148/1197/2031 3149/1196/2031 3150/1195/2031
f 3152/1198/2031 3151/1194/2031 3150/1195/2031 3153/1199/2031
f 3145/1199/2032 3153/1199/2032 3150/1195/2032 3147/1195/2032
f 3147/1195/2033 3150/1195/2033 3149/1196/2033 3143/1196/2033
f 3142/1197/2030 3148/1197/2030 3151/1194/2030 3146/1194/2030
f 3144/1198/2034 3152/1198/2034 3153/1199/2034 3145/1199/2034
o House.073
v 29.546745 0.667816 44.280251
v 29.546745 5.508625 44.280251
v 25.180260 0.667816 37.576981
v 25.180260 5.508625 37.576981
v 27.363503 0.667816 40.928616
v 27.363503 8.667816 40.928616
v 21.606874 0.667816 49.452255
v 21.606874 5.508625 49.452255
v 19.423632 8.667816 46.100620
v 19.423632 0.667816 46.100620
v 17.240389 0.667816 42.748985
v 17.240389 5.508625 42.748985
vn 0.8379 -0.0000 -0.5458
vn 0.5458 -0.0000 0.8379
vn -0.0000 -1.0000 -0.0000
vn -0.8379 -0.0000 0.5458
vn -0.3383 0.7848 -0.5193
vn 0.3383 0.7848 0.5193
vn -0.5458 -0.0000 -0.8379
vt 0.375000 0.625000
vt 0.625000 0.625000
vt 0.625000 0.750000
vt 0.375000 0.750000
vt 0.375000 0.500000
vt 0.625000 0.500000
s 0
f 3158/1200/2035 3159/1201/2035 3155/1202/2035 3154/1203/2035
f 3156/1204/2035 3157/1205/2035 3159/1201/2035 3158/1200/2035
f 3155/1202/2036 3161/1202/2036 3160/1203/2036 3154/1203/2036
f 3158/1200/2037 3163/1200/2037 3164/1204/2037 3156/1204/2037
f 3163/1200/2038 3160/1203/2038 3161/1202/2038 3162/1201/2038
f 3164/1204/2038 3163/1200/2038 3162/1201/2038 3165/1205/2038
f 3157/1205/2039 3165/1205/2039 3162/1201/2039 3159/1201/2039
f 3159/1201/2040 3162/1201/2040 3161/1202/2040 3155/1202/2040
f 3154/1203/2037 3160/1203/2037 3163/1200/2037 3158/1200/2037
f 3156/1204/2041 3164/1204/2041 3165/1205/2041 3157/1205/2041
o House.074
v -59.716579 0.667816 73.998283
v -59.716579 5.508625 73.998283
v -62.528984 0.667816 66.508934
v -62.528984 5.508625 66.508934
v -61.122780 0.667816 70.253609
v -61.122780 8.667816 70.253609
v -71.941910 0.667816 78.202988
v -71.941910 5.508625 78.202988
v -73.348114 8.667816 74.458313
v -73.348114 0.667816 74.458313
v -74.754318 0.667816 70.713638
v -74.754318 5.508625 70.713638
v -37.591286 0.667816 62.658112
v -37.591286 5.508625 62.658112
v -41.202503 0.667816 55.519547
v -41.202503 5.508625 55.519547
v -39.396893 0.667816 59.088829
v -39.396893 8.667816 59.088829
vn -0.2842 0.7837 -0.5523
vn -0.4581 -0.0000 -0.8889
vn 0.3252 -0.0000 0.9456
vn -0.0000 -1.0000 -0.0000
vn -0.9362 -0.0000 0.3516
vn -0.2016 0.7846 -0.5862
vn 0.2016 0.7846 0.5862
vn -0.3252 -0.0000 -0.9456
vn 0.8923 -0.0000 -0.4514
vn 0.4561 -0.0000 0.8899
vn 0.2836 0.7838 0.5525
vt 0.625000 0.625000
vt 0.625000 0.500000
vt 0.375000 0.500000
vt 0.625000 0.750000
vt 0.375000 0.750000
vt 0.375000 0.625000
s 0
f 3171/1206/2042 3183/1206/2042 3181/1207/2042 3169/1207/2042
f 3169/1207/2043 3181/1207/2043 3180/1208/2043 3168/1208/2043
f 3167/1209/2044 3173/1209/2044 3172/1210/2044 3166/1210/2044
f 3170/1211/2045 3175/1211/2045 3176/1208/2045 3168/1208/2045
f 3175/1211/2046 3172/1210/2046 3173/1209/2046 3174/1206/2046
f 3176/1208/2046 3175/1211/2046 3174/1206/2046 3177/1207/2046
f 3169/1207/2047 3177/1207/2047 3174/1206/2047 3171/1206/2047
f 3171/1206/2048 3174/1206/2048 3173/1209/2048 3167/1209/2048
f 3166/1210/2045 3172/1210/2045 3175/1211/2045 3170/1211/2045
f 3168/1208/2049 3176/1208/2049 3177/1207/2049 3169/1207/2049
f 3182/1211/2050 3183/1206/2050 3179/1209/2050 3178/1210/2050
f 3180/1208/2050 3181/1207/2050 3183/1206/2050 3182/1211/2050
f 3166/1210/2051 3178/1210/2051 3179/1209/2051 3167/1209/2051
f 3168/1208/2045 3180/1208/2045 3182/1211/2045 3170/1211/2045
f 3170/1211/2045 3182/1211/2045 3178/1210/2045 3166/1210/2045
f 3167/1209/2052 3179/1209/2052 3183/1206/2052 3171/1206/2052
o House.075
v 17.409380 0.658360 57.018349
v 17.409380 6.166423 57.018349
v 21.716261 0.658360 65.037712
v 21.716261 6.166423 65.037712
v 19.562820 0.658360 61.028030
v 19.562820 9.761075 61.028030
v 24.007627 0.658360 51.706718
v 24.007627 6.166423 51.706718
v 26.574173 9.761075 55.465405
v 26.574173 0.658360 55.465405
v 29.140720 0.658360 59.224087
v 29.140720 6.166423 59.224087
v 6.171137 0.658360 65.036575
v 6.171137 6.166423 65.036575
v 8.662190 0.658360 73.791809
v 8.662190 6.166423 73.791809
v 7.416662 0.658360 69.414192
v 7.416662 9.761075 69.414192
v -2.788858 0.658360 72.206512
v -2.788858 6.166423 72.206512
v -0.297802 0.658360 80.961746
v -0.297802 6.166423 80.961746
v -1.543333 0.658360 76.584122
v -1.543333 9.761075 76.584122
v -16.305420 0.658360 78.033493
v -16.305420 6.166423 78.033493
v -13.814362 0.658360 86.788719
v -13.814362 6.166423 86.788719
v -15.059895 0.658360 82.411102
v -15.059895 9.761075 82.411102
v -27.555382 0.658360 80.593193
v -27.555382 6.166423 80.593193
v -27.161732 0.658360 89.687393
v -27.161732 6.166423 89.687393
v -27.358555 0.658360 85.140289
v -27.358555 9.761075 85.140289
vn -0.0000 -1.0000 -0.0000
vn -0.5808 -0.0000 -0.8140
vn -0.6271 -0.0000 -0.7790
vn 0.8258 -0.0000 -0.5639
vn 0.3857 0.7821 0.4894
vn -0.3892 0.7818 -0.4871
vn 0.6165 -0.0000 0.7873
vn -0.6248 -0.0000 -0.7808
vn 0.4065 0.7594 0.5080
vn -0.3629 0.7751 -0.5173
vn 0.5570 -0.0000 0.8305
vn 0.3547 0.7761 0.5215
vn -0.2466 0.7822 -0.5721
vn -0.4065 0.7594 -0.5080
vn 0.6248 -0.0000 0.7808
vn -0.2219 -0.0000 -0.9751
vn 0.3959 -0.0000 0.9183
vn 0.2466 0.7822 0.5721
vn -0.3959 -0.0000 -0.9183
vn -0.9991 -0.0000 0.0432
vn -0.1365 0.7821 -0.6080
vn 0.2122 -0.0000 0.9772
vn 0.1335 0.7822 0.6085
vt 0.375000 0.500000
vt 0.375000 0.625000
vt 0.375000 0.750000
vt 0.625000 0.750000
vt 0.625000 0.625000
vt 0.625000 0.500000
s 0
f 3186/1212/2053 3198/1212/2053 3200/1213/2053 3188/1213/2053
f 3184/1214/2054 3196/1214/2054 3197/1215/2054 3185/1215/2054
f 3185/1215/2055 3191/1215/2055 3190/1214/2055 3184/1214/2055
f 3188/1213/2053 3193/1213/2053 3194/1212/2053 3186/1212/2053
f 3193/1213/2056 3190/1214/2056 3191/1215/2056 3192/1216/2056
f 3194/1212/2056 3193/1213/2056 3192/1216/2056 3195/1217/2056
f 3187/1217/2057 3195/1217/2057 3192/1216/2057 3189/1216/2057
f 3189/1216/2058 3192/1216/2058 3191/1215/2058 3185/1215/2058
f 3184/1214/2053 3190/1214/2053 3193/1213/2053 3188/1213/2053
f 3186/1212/2059 3194/1212/2059 3195/1217/2059 3187/1217/2059
f 3196/1214/2060 3202/1214/2060 3203/1215/2060 3197/1215/2060
f 3201/1216/2061 3207/1216/2061 3205/1217/2061 3199/1217/2061
f 3188/1213/2053 3200/1213/2053 3196/1214/2053 3184/1214/2053
f 3185/1215/2062 3197/1215/2062 3201/1216/2062 3189/1216/2062
f 3187/1217/2063 3199/1217/2063 3198/1212/2063 3186/1212/2063
f 3189/1216/2064 3201/1216/2064 3199/1217/2064 3187/1217/2064
f 3203/1215/2065 3209/1215/2065 3213/1216/2065 3207/1216/2065
f 3206/1213/2053 3212/1213/2053 3208/1214/2053 3202/1214/2053
f 3198/1212/2053 3204/1212/2053 3206/1213/2053 3200/1213/2053
f 3200/1213/2053 3206/1213/2053 3202/1214/2053 3196/1214/2053
f 3197/1215/2066 3203/1215/2066 3207/1216/2066 3201/1216/2066
f 3199/1217/2067 3205/1217/2067 3204/1212/2067 3198/1212/2067
f 3210/1212/2053 3216/1212/2053 3218/1213/2053 3212/1213/2053
f 3208/1214/2068 3214/1214/2068 3215/1215/2068 3209/1215/2068
f 3205/1217/2069 3211/1217/2069 3210/1212/2069 3204/1212/2069
f 3207/1216/2070 3213/1216/2070 3211/1217/2070 3205/1217/2070
f 3202/1214/2071 3208/1214/2071 3209/1215/2071 3203/1215/2071
f 3204/1212/2053 3210/1212/2053 3212/1213/2053 3206/1213/2053
f 3218/1213/2072 3219/1216/2072 3215/1215/2072 3214/1214/2072
f 3216/1212/2072 3217/1217/2072 3219/1216/2072 3218/1213/2072
f 3212/1213/2053 3218/1213/2053 3214/1214/2053 3208/1214/2053
f 3209/1215/2073 3215/1215/2073 3219/1216/2073 3213/1216/2073
f 3211/1217/2074 3217/1217/2074 3216/1212/2074 3210/1212/2074
f 3213/1216/2075 3219/1216/2075 3217/1217/2075 3211/1217/2075
o House.076
v -31.417505 0.667816 74.697571
v -31.417505 5.508625 74.697571
v -39.253754 0.667816 76.307922
v -39.253754 5.508625 76.307922
v -35.335629 0.667816 75.502747
v -35.335629 8.667816 75.502747
v -30.535088 0.667816 97.863541
v -30.535088 5.508625 97.863541
v -34.366013 8.667816 96.712891
v -34.366013 0.667816 96.712891
v -38.196941 0.667816 95.562233
v -38.196941 5.508625 95.562233
v -39.053299 0.667816 59.785843
v -39.053299 5.508625 59.785843
v -46.667595 0.667816 62.239933
v -46.667595 5.508625 62.239933
v -42.860447 0.667816 61.012890
v -42.860447 8.667816 61.012890
vn -0.5583 0.7765 0.2920
vn -0.8847 -0.0000 0.4662
vn 0.9993 -0.0000 -0.0381
vn -0.0000 -1.0000 -0.0000
vn -0.2877 -0.0000 0.9577
vn -0.6325 0.7739 0.0317
vn 0.6324 0.7742 -0.0264
vn -0.9985 -0.0000 0.0548
vn -0.3068 -0.0000 -0.9518
vn 0.8901 -0.0000 -0.4558
vn 0.5596 0.7769 -0.2885
vt 0.625000 0.625000
vt 0.625000 0.500000
vt 0.375000 0.500000
vt 0.625000 0.750000
vt 0.375000 0.750000
vt 0.375000 0.625000
s 0
f 3225/1218/2076 3237/1218/2076 3235/1219/2076 3223/1219/2076
f 3223/1219/2077 3235/1219/2077 3234/1220/2077 3222/1220/2077
f 3221/1221/2078 3227/1221/2078 3226/1222/2078 3220/1222/2078
f 3224/1223/2079 3229/1223/2079 3230/1220/2079 3222/1220/2079
f 3229/1223/2080 3226/1222/2080 3227/1221/2080 3228/1218/2080
f 3230/1220/2080 3229/1223/2080 3228/1218/2080 3231/1219/2080
f 3223/1219/2081 3231/1219/2081 3228/1218/2081 3225/1218/2081
f 3225/1218/2082 3228/1218/2082 3227/1221/2082 3221/1221/2082
f 3220/1222/2079 3226/1222/2079 3229/1223/2079 3224/1223/2079
f 3222/1220/2083 3230/1220/2083 3231/1219/2083 3223/1219/2083
f 3236/1223/2084 3237/1218/2084 3233/1221/2084 3232/1222/2084
f 3234/1220/2084 3235/1219/2084 3237/1218/2084 3236/1223/2084
f 3220/1222/2085 3232/1222/2085 3233/1221/2085 3221/1221/2085
f 3222/1220/2079 3234/1220/2079 3236/1223/2079 3224/1223/2079
f 3224/1223/2079 3236/1223/2079 3232/1222/2079 3220/1222/2079
f 3221/1221/2086 3233/1221/2086 3237/1218/2086 3225/1218/2086
o House.077
v -56.340714 0.667816 89.072159
v -56.340714 5.508625 89.072159
v -51.782104 0.667816 82.498032
v -51.782104 5.508625 82.498032
v -54.061409 0.667816 85.785095
v -54.061409 8.667816 85.785095
v -71.748840 0.667816 78.042862
v -71.748840 5.508625 78.042862
v -69.469536 8.667816 74.755798
v -69.469536 0.667816 74.755798
v -67.190231 0.667816 71.468735
v -67.190231 5.508625 71.468735
v -35.418007 0.667816 96.959412
v -35.418007 5.508625 96.959412
v -34.264549 0.667816 89.043007
v -34.264549 5.508625 89.043007
v -34.841278 0.667816 93.001213
v -34.841278 8.667816 93.001213
vn 0.2210 0.7765 -0.5901
vn 0.3500 -0.0000 -0.9368
vn -0.5821 -0.0000 0.8131
vn -0.0000 -1.0000 -0.0000
vn -0.8218 -0.0000 -0.5698
vn 0.3608 0.7847 -0.5040
vn -0.3608 0.7847 0.5040
vn 0.5821 -0.0000 -0.8131
vn 0.9896 -0.0000 0.1442
vn -0.3527 -0.0000 0.9357
vn -0.2219 0.7765 0.5897
vt 0.625000 0.625000
vt 0.625000 0.500000
vt 0.375000 0.500000
vt 0.625000 0.750000
vt 0.375000 0.750000
vt 0.375000 0.625000
s 0
f 3243/1224/2087 3255/1224/2087 3253/1225/2087 3241/1225/2087
f 3241/1225/2088 3253/1225/2088 3252/1226/2088 3240/1226/2088
f 3239/1227/2089 3245/1227/2089 3244/1228/2089 3238/1228/2089
f 3242/1229/2090 3247/1229/2090 3248/1226/2090 3240/1226/2090
f 3247/1229/2091 3244/1228/2091 3245/1227/2091 3246/1224/2091
f 3248/1226/2091 3247/1229/2091 3246/1224/2091 3249/1225/2091
f 3241/1225/2092 3249/1225/2092 3246/1224/2092 3243/1224/2092
f 3243/1224/2093 3246/1224/2093 3245/1227/2093 3239/1227/2093
f 3238/1228/2090 3244/1228/2090 3247/1229/2090 3242/1229/2090
f 3240/1226/2094 3248/1226/2094 3249/1225/2094 3241/1225/2094
f 3254/1229/2095 3255/1224/2095 3251/1227/2095 3250/1228/2095
f 3252/1226/2095 3253/1225/2095 3255/1224/2095 3254/1229/2095
f 3238/1228/2096 3250/1228/2096 3251/1227/2096 3239/1227/2096
f 3240/1226/2090 3252/1226/2090 3254/1229/2090 3242/1229/2090
f 3242/1229/2090 3254/1229/2090 3250/1228/2090 3238/1228/2090
f 3239/1227/2097 3251/1227/2097 3255/1224/2097 3243/1224/2097
o House.078
v -69.376709 0.667816 -73.456474
v -69.376709 5.508625 -73.456474
v -76.101501 0.667816 -70.865479
v -76.101501 5.508625 -70.865479
v -72.739105 0.667816 -72.160980
v -72.739105 8.667816 -72.160980
v -66.642136 0.667816 -66.359032
v -66.642136 5.508625 -66.359032
v -70.004532 8.667816 -65.063530
v -70.004532 0.667816 -65.063530
v -73.366928 0.667816 -63.768036
v -73.366928 5.508625 -63.768036
vn -0.3595 -0.0000 -0.9331
vn 0.9331 -0.0000 -0.3595
vn -0.0000 -1.0000 -0.0000
vn 0.3595 -0.0000 0.9331
vn -0.6152 0.7519 0.2370
vn 0.6152 0.7519 -0.2370
vn -0.9331 -0.0000 0.3595
vt 0.375000 0.625000
vt 0.625000 0.625000
vt 0.625000 0.750000
vt 0.375000 0.750000
vt 0.375000 0.500000
vt 0.625000 0.500000
s 0
f 3260/1230/2098 3261/1231/2098 3257/1232/2098 3256/1233/2098
f 3258/1234/2098 3259/1235/2098 3261/1231/2098 3260/1230/2098
f 3257/1232/2099 3263/1232/2099 3262/1233/2099 3256/1233/2099
f 3260/1230/2100 3265/1230/2100 3266/1234/2100 3258/1234/2100
f 3265/1230/2101 3262/1233/2101 3263/1232/2101 3264/1231/2101
f 3266/1234/2101 3265/1230/2101 3264/1231/2101 3267/1235/2101
f 3259/1235/2102 3267/1235/2102 3264/1231/2102 3261/1231/2102
f 3261/1231/2103 3264/1231/2103 3263/1232/2103 3257/1232/2103
f 3256/1233/2100 3262/1233/2100 3265/1230/2100 3260/1230/2100
f 3258/1234/2104 3266/1234/2104 3267/1235/2104 3259/1235/2104
o House.079
v -62.723324 0.667816 -76.054001
v -62.723324 5.508625 -76.054001
v -69.448120 0.667816 -73.463005
v -69.448120 5.508625 -73.463005
v -66.085724 0.667816 -74.758507
v -66.085724 8.667816 -74.758507
v -59.988750 0.667816 -68.956551
v -59.988750 5.508625 -68.956551
v -63.351147 8.667816 -67.661057
v -63.351147 0.667816 -67.661057
v -66.713547 0.667816 -66.365562
v -66.713547 5.508625 -66.365562
vn -0.3595 -0.0000 -0.9331
vn 0.9331 -0.0000 -0.3595
vn -0.0000 -1.0000 -0.0000
vn 0.3595 -0.0000 0.9331
vn -0.6152 0.7519 0.2370
vn 0.6152 0.7519 -0.2370
vn -0.9331 -0.0000 0.3595
vt 0.375000 0.625000
vt 0.625000 0.625000
vt 0.625000 0.750000
vt 0.375000 0.750000
vt 0.375000 0.500000
vt 0.625000 0.500000
s 0
f 3272/1236/2105 3273/1237/2105 3269/1238/2105 3268/1239/2105
f 3270/1240/2105 3271/1241/2105 3273/1237/2105 3272/1236/2105
f 3269/1238/2106 3275/1238/2106 3274/1239/2106 3268/1239/2106
f 3272/1236/2107 3277/1236/2107 3278/1240/2107 3270/1240/2107
f 3277/1236/2108 3274/1239/2108 3275/1238/2108 3276/1237/2108
f 3278/1240/2108 3277/1236/2108 3276/1237/2108 3279/1241/2108
f 3271/1241/2109 3279/1241/2109 3276/1237/2109 3273/1237/2109
f 3273/1237/2110 3276/1237/2110 3275/1238/2110 3269/1238/2110
f 3268/1239/2107 3274/1239/2107 3277/1236/2107 3272/1236/2107
f 3270/1240/2111 3278/1240/2111 3279/1241/2111 3271/1241/2111
o House.080
v -49.415188 0.667816 -81.006111
v -49.415188 5.508625 -81.006111
v -56.139984 0.667816 -78.415115
v -56.139984 5.508625 -78.415115
v -52.777588 0.667816 -79.710617
v -52.777588 8.667816 -79.710617
v -46.680614 0.667816 -73.908669
v -46.680614 5.508625 -73.908669
v -50.043011 8.667816 -72.613167
v -50.043011 0.667816 -72.613167
v -53.405407 0.667816 -71.317673
v -53.405407 5.508625 -71.317673
vn -0.3595 -0.0000 -0.9331
vn 0.9331 -0.0000 -0.3595
vn -0.0000 -1.0000 -0.0000
vn 0.3595 -0.0000 0.9331
vn -0.6152 0.7519 0.2370
vn 0.6152 0.7519 -0.2370
vn -0.9331 -0.0000 0.3595
vt 0.375000 0.625000
vt 0.625000 0.625000
vt 0.625000 0.750000
vt 0.375000 0.750000
vt 0.375000 0.500000
vt 0.625000 0.500000
s 0
f 3284/1242/2112 3285/1243/2112 3281/1244/2112 3280/1245/2112
f 3282/1246/2112 3283/1247/2112 3285/1243/2112 3284/1242/2112
f 3281/1244/2113 3287/1244/2113 3286/1245/2113 3280/1245/2113
f 3284/1242/2114 3289/1242/2114 3290/1246/2114 3282/1246/2114
f 3289/1242/2115 3286/1245/2115 3287/1244/2115 3288/1243/2115
f 3290/1246/2115 3289/1242/2115 3288/1243/2115 3291/1247/2115
f 3283/1247/2116 3291/1247/2116 3288/1243/2116 3285/1243/2116
f 3285/1243/2117 3288/1243/2117 3287/1244/2117 3281/1244/2117
f 3280/1245/2114 3286/1245/2114 3289/1242/2114 3284/1242/2114
f 3282/1246/2118 3290/1246/2118 3291/1247/2118 3283/1247/2118
o House.081
v -42.761806 0.667816 -83.603630
v -42.761806 5.508625 -83.603630
v -49.486603 0.667816 -81.012634
v -49.486603 5.508625 -81.012634
v -46.124207 0.667816 -82.308128
v -46.124207 8.667816 -82.308128
v -40.027233 0.667816 -76.506180
v -40.027233 5.508625 -76.506180
v -43.389629 8.667816 -75.210686
v -43.389629 0.667816 -75.210686
v -46.752026 0.667816 -73.915184
v -46.752026 5.508625 -73.915184
vn -0.3595 -0.0000 -0.9331
vn 0.9331 -0.0000 -0.3595
vn -0.0000 -1.0000 -0.0000
vn 0.3595 -0.0000 0.9331
vn -0.6152 0.7519 0.2370
vn 0.6152 0.7519 -0.2370
vn -0.9331 -0.0000 0.3595
vt 0.375000 0.625000
vt 0.625000 0.625000
vt 0.625000 0.750000
vt 0.375000 0.750000
vt 0.375000 0.500000
vt 0.625000 0.500000
s 0
f 3296/1248/2119 3297/1249/2119 3293/1250/2119 3292/1251/2119
f 3294/1252/2119 3295/1253/2119 3297/1249/2119 3296/1248/2119
f 3293/1250/2120 3299/1250/2120 3298/1251/2120 3292/1251/2120
f 3296/1248/2121 3301/1248/2121 3302/1252/2121 3294/1252/2121
f 3301/1248/2122 3298/1251/2122 3299/1250/2122 3300/1249/2122
f 3302/1252/2122 3301/1248/2122 3300/1249/2122 3303/1253/2122
f 3295/1253/2123 3303/1253/2123 3300/1249/2123 3297/1249/2123
f 3297/1249/2124 3300/1249/2124 3299/1250/2124 3293/1250/2124
f 3292/1251/2121 3298/1251/2121 3301/1248/2121 3296/1248/2121
f 3294/1252/2125 3302/1252/2125 3303/1253/2125 3295/1253/2125
o House.082
v -56.174049 0.667816 -78.450668
v -56.174049 5.508625 -78.450668
v -62.898846 0.667816 -75.859673
v -62.898846 5.508625 -75.859673
v -59.536446 0.667816 -77.155167
v -59.536446 8.667816 -77.155167
v -53.439476 0.667816 -71.353218
v -53.439476 5.508625 -71.353218
v -56.801872 8.667816 -70.057724
v -56.801872 0.667816 -70.057724
v -60.164268 0.667816 -68.762222
v -60.164268 5.508625 -68.762222
vn -0.3595 -0.0000 -0.9331
vn 0.9331 -0.0000 -0.3595
vn -0.0000 -1.0000 -0.0000
vn 0.3595 -0.0000 0.9331
vn -0.6152 0.7519 0.2370
vn 0.6152 0.7519 -0.2370
vn -0.9331 -0.0000 0.3595
vt 0.375000 0.625000
vt 0.625000 0.625000
vt 0.625000 0.750000
vt 0.375000 0.750000
vt 0.375000 0.500000
vt 0.625000 0.500000
s 0
f 3308/1254/2126 3309/1255/2126 3305/1256/2126 3304/1257/2126
f 3306/1258/2126 3307/1259/2126 3309/1255/2126 3308/1254/2126
f 3305/1256/2127 3311/1256/2127 3310/1257/2127 3304/1257/2127
f 3308/1254/2128 3313/1254/2128 3314/1258/2128 3306/1258/2128
f 3313/1254/2129 3310/1257/2129 3311/1256/2129 3312/1255/2129
f 3314/1258/2129 3313/1254/2129 3312/1255/2129 3315/1259/2129
f 3307/1259/2130 3315/1259/2130 3312/1255/2130 3309/1255/2130
f 3309/1255/2131 3312/1255/2131 3311/1256/2131 3305/1256/2131
f 3304/1257/2128 3310/1257/2128 3313/1254/2128 3308/1254/2128
f 3306/1258/2132 3314/1258/2132 3315/1259/2132 3307/1259/2132
o House.083
v -34.532494 0.667816 -86.813423
v -34.532494 5.508625 -86.813423
v -41.257286 0.667816 -84.222427
v -41.257286 5.508625 -84.222427
v -37.894890 0.667816 -85.517929
v -37.894890 8.667816 -85.517929
v -31.797920 0.667816 -79.715981
v -31.797920 5.508625 -79.715981
v -35.160316 8.667816 -78.420479
v -35.160316 0.667816 -78.420479
v -38.522713 0.667816 -77.124985
v -38.522713 5.508625 -77.124985
vn -0.3595 -0.0000 -0.9331
vn 0.9331 -0.0000 -0.3595
vn -0.0000 -1.0000 -0.0000
vn 0.3595 -0.0000 0.9331
vn -0.6152 0.7519 0.2370
vn 0.6152 0.7519 -0.2370
vn -0.9331 -0.0000 0.3595
vt 0.375000 0.625000
vt 0.625000 0.625000
vt 0.625000 0.750000
vt 0.375000 0.750000
vt 0.375000 0.500000
vt 0.625000 0.500000
s 0
f 3320/1260/2133 3321/1261/2133 3317/1262/2133 3316/1263/2133
f 3318/1264/2133 3319/1265/2133 3321/1261/2133 3320/1260/2133
f 3317/1262/2134 3323/1262/2134 3322/1263/2134 3316/1263/2134
f 3320/1260/2135 3325/1260/2135 3326/1264/2135 3318/1264/2135
f 3325/1260/2136 3322/1263/2136 3323/1262/2136 3324/1261/2136
f 3326/1264/2136 3325/1260/2136 3324/1261/2136 3327/1265/2136
f 3319/1265/2137 3327/1265/2137 3324/1261/2137 3321/1261/2137
f 3321/1261/2138 3324/1261/2138 3323/1262/2138 3317/1262/2138
f 3316/1263/2135 3322/1263/2135 3325/1260/2135 3320/1260/2135
f 3318/1264/2139 3326/1264/2139 3327/1265/2139 3319/1265/2139
o House.084
v -27.879112 0.667816 -89.410950
v -27.879112 5.508625 -89.410950
v -34.603905 0.667816 -86.819954
v -34.603905 5.508625 -86.819954
v -31.241510 0.667816 -88.115456
v -31.241510 8.667816 -88.115456
v -25.144539 0.667816 -82.313499
v -25.144539 5.508625 -82.313499
v -28.506935 8.667816 -81.018005
v -28.506935 0.667816 -81.018005
v -31.869331 0.667816 -79.722511
v -31.869331 5.508625 -79.722511
vn -0.3595 -0.0000 -0.9331
vn 0.9331 -0.0000 -0.3595
vn -0.0000 -1.0000 -0.0000
vn 0.3595 -0.0000 0.9331
vn -0.6152 0.7519 0.2370
vn 0.6152 0.7519 -0.2370
vn -0.9331 -0.0000 0.3595
vt 0.375000 0.625000
vt 0.625000 0.625000
vt 0.625000 0.750000
vt 0.375000 0.750000
vt 0.375000 0.500000
vt 0.625000 0.500000
s 0
f 3332/1266/2140 3333/1267/2140 3329/1268/2140 3328/1269/2140
f 3330/1270/2140 3331/1271/2140 3333/1267/2140 3332/1266/2140
f 3329/1268/2141 3335/1268/2141 3334/1269/2141 3328/1269/2141
f 3332/1266/2142 3337/1266/2142 3338/1270/2142 3330/1270/2142
f 3337/1266/2143 3334/1269/2143 3335/1268/2143 3336/1267/2143
f 3338/1270/2143 3337/1266/2143 3336/1267/2143 3339/1271/2143
f 3331/1271/2144 3339/1271/2144 3336/1267/2144 3333/1267/2144
f 3333/1267/2145 3336/1267/2145 3335/1268/2145 3329/1268/2145
f 3328/1269/2142 3334/1269/2142 3337/1266/2142 3332/1266/2142
f 3330/1270/2146 3338/1270/2146 3339/1271/2146 3331/1271/2146
o House.085
v -14.570977 0.667816 -94.363060
v -14.570977 5.508625 -94.363060
v -21.295771 0.667816 -91.772064
v -21.295771 5.508625 -91.772064
v -17.933374 0.667816 -93.067566
v -17.933374 8.667816 -93.067566
v -11.836403 0.667816 -87.265617
v -11.836403 5.508625 -87.265617
v -15.198801 8.667816 -85.970116
v -15.198800 0.667816 -85.970116
v -18.561197 0.667816 -84.674622
v -18.561197 5.508625 -84.674622
vn -0.3595 -0.0000 -0.9331
vn 0.9331 -0.0000 -0.3595
vn -0.0000 -1.0000 -0.0000
vn 0.3595 -0.0000 0.9331
vn -0.6152 0.7519 0.2370
vn 0.6152 0.7519 -0.2370
vn -0.9331 -0.0000 0.3595
vt 0.375000 0.625000
vt 0.625000 0.625000
vt 0.625000 0.750000
vt 0.375000 0.750000
vt 0.375000 0.500000
vt 0.625000 0.500000
s 0
f 3344/1272/2147 3345/1273/2147 3341/1274/2147 3340/1275/2147
f 3342/1276/2147 3343/1277/2147 3345/1273/2147 3344/1272/2147
f 3341/1274/2148 3347/1274/2148 3346/1275/2148 3340/1275/2148
f 3344/1272/2149 3349/1272/2149 3350/1276/2149 3342/1276/2149
f 3349/1272/2150 3346/1275/2150 3347/1274/2150 3348/1273/2150
f 3350/1276/2150 3349/1272/2150 3348/1273/2150 3351/1277/2150
f 3343/1277/2151 3351/1277/2151 3348/1273/2151 3345/1273/2151
f 3345/1273/2152 3348/1273/2152 3347/1274/2152 3341/1274/2152
f 3340/1275/2149 3346/1275/2149 3349/1272/2149 3344/1272/2149
f 3342/1276/2153 3350/1276/2153 3351/1277/2153 3343/1277/2153
o House.086
v -7.917597 0.667816 -96.960579
v -7.917597 5.508625 -96.960579
v -14.642389 0.667816 -94.369583
v -14.642389 5.508625 -94.369583
v -11.279993 0.667816 -95.665077
v -11.279993 8.667816 -95.665077
v -5.183022 0.667816 -89.863129
v -5.183022 5.508625 -89.863129
v -8.545420 8.667816 -88.567635
v -8.545420 0.667816 -88.567635
v -11.907816 0.667816 -87.272133
v -11.907816 5.508625 -87.272133
vn -0.3595 -0.0000 -0.9331
vn 0.9331 -0.0000 -0.3595
vn -0.0000 -1.0000 -0.0000
vn 0.3595 -0.0000 0.9331
vn -0.6152 0.7519 0.2370
vn 0.6152 0.7519 -0.2370
vn -0.9331 -0.0000 0.3595
vt 0.375000 0.625000
vt 0.625000 0.625000
vt 0.625000 0.750000
vt 0.375000 0.750000
vt 0.375000 0.500000
vt 0.625000 0.500000
s 0
f 3356/1278/2154 3357/1279/2154 3353/1280/2154 3352/1281/2154
f 3354/1282/2154 3355/1283/2154 3357/1279/2154 3356/1278/2154
f 3353/1280/2155 3359/1280/2155 3358/1281/2155 3352/1281/2155
f 3356/1278/2156 3361/1278/2156 3362/1282/2156 3354/1282/2156
f 3361/1278/2157 3358/1281/2157 3359/1280/2157 3360/1279/2157
f 3362/1282/2157 3361/1278/2157 3360/1279/2157 3363/1283/2157
f 3355/1283/2158 3363/1283/2158 3360/1279/2158 3357/1279/2158
f 3357/1279/2159 3360/1279/2159 3359/1280/2159 3353/1280/2159
f 3352/1281/2156 3358/1281/2156 3361/1278/2156 3356/1278/2156
f 3354/1282/2160 3362/1282/2160 3363/1283/2160 3355/1283/2160
o House.087
v -21.329840 0.667816 -91.807617
v -21.329840 5.508625 -91.807617
v -28.054632 0.667816 -89.216621
v -28.054632 5.508625 -89.216621
v -24.692236 0.667816 -90.512115
v -24.692236 8.667816 -90.512115
v -18.595264 0.667816 -84.710167
v -18.595264 5.508625 -84.710167
v -21.957661 8.667816 -83.414673
v -21.957661 0.667816 -83.414673
v -25.320059 0.667816 -82.119171
v -25.320059 5.508625 -82.119171
vn -0.3595 -0.0000 -0.9331
vn 0.9331 -0.0000 -0.3595
vn -0.0000 -1.0000 -0.0000
vn 0.3595 -0.0000 0.9331
vn -0.6152 0.7519 0.2370
vn 0.6152 0.7519 -0.2370
vn -0.9331 -0.0000 0.3595
vt 0.375000 0.625000
vt 0.625000 0.625000
vt 0.625000 0.750000
vt 0.375000 0.750000
vt 0.375000 0.500000
vt 0.625000 0.500000
s 0
f 3368/1284/2161 3369/1285/2161 3365/1286/2161 3364/1287/2161
f 3366/1288/2161 3367/1289/2161 3369/1285/2161 3368/1284/2161
f 3365/1286/2162 3371/1286/2162 3370/1287/2162 3364/1287/2162
f 3368/1284/2163 3373/1284/2163 3374/1288/2163 3366/1288/2163
f 3373/1284/2164 3370/1287/2164 3371/1286/2164 3372/1285/2164
f 3374/1288/2164 3373/1284/2164 3372/1285/2164 3375/1289/2164
f 3367/1289/2165 3375/1289/2165 3372/1285/2165 3369/1285/2165
f 3369/1285/2166 3372/1285/2166 3371/1286/2166 3365/1286/2166
f 3364/1287/2163 3370/1287/2163 3373/1284/2163 3368/1284/2163
f 3366/1288/2167 3374/1288/2167 3375/1289/2167 3367/1289/2167
o House.088
v -77.362747 0.667816 -61.629910
v -77.362747 5.508625 -61.629910
v -82.983192 0.667816 -67.322945
v -82.983192 5.508625 -67.322945
v -80.172966 0.667816 -64.476425
v -80.172966 8.667816 -64.476425
v -90.445183 0.667816 -50.175674
v -90.445183 5.508625 -50.175674
v -92.682922 8.667816 -52.442314
v -92.682922 0.667816 -52.442314
v -94.920662 0.667816 -54.708950
v -94.920662 5.508625 -54.708950
v -72.742455 0.667816 -63.645576
v -72.742455 5.508625 -63.645576
v -75.758774 0.667816 -71.055153
v -75.758774 5.508625 -71.055153
v -74.250610 0.667816 -67.350365
v -74.250610 8.667816 -67.350365
vn 0.3999 -0.0000 0.9166
vn -0.2828 0.7768 -0.5627
vn 0.6587 -0.0000 0.7524
vn -0.0000 -1.0000 -0.0000
vn -0.7116 -0.0000 0.7026
vn -0.4689 0.7509 -0.4650
vn 0.4467 0.7507 0.4867
vn -0.7263 -0.0000 -0.6874
vn 0.9262 -0.0000 -0.3770
vn 0.2657 0.7755 0.5728
vn -0.4590 -0.0000 -0.8884
vt 0.375000 0.750000
vt 0.625000 0.750000
vt 0.625000 0.625000
vt 0.625000 0.500000
vt 0.375000 0.625000
vt 0.375000 0.500000
s 0
f 3376/1290/2168 3388/1290/2168 3389/1291/2168 3377/1291/2168
f 3381/1292/2169 3393/1292/2169 3391/1293/2169 3379/1293/2169
f 3377/1291/2170 3383/1291/2170 3382/1290/2170 3376/1290/2170
f 3380/1294/2171 3385/1294/2171 3386/1295/2171 3378/1295/2171
f 3385/1294/2172 3382/1290/2172 3383/1291/2172 3384/1292/2172
f 3386/1295/2172 3385/1294/2172 3384/1292/2172 3387/1293/2172
f 3379/1293/2173 3387/1293/2173 3384/1292/2173 3381/1292/2173
f 3381/1292/2174 3384/1292/2174 3383/1291/2174 3377/1291/2174
f 3376/1290/2171 3382/1290/2171 3385/1294/2171 3380/1294/2171
f 3378/1295/2175 3386/1295/2175 3387/1293/2175 3379/1293/2175
f 3392/1294/2176 3393/1292/2176 3389/1291/2176 3388/1290/2176
f 3390/1295/2176 3391/1293/2176 3393/1292/2176 3392/1294/2176
f 3378/1295/2171 3390/1295/2171 3392/1294/2171 3380/1294/2171
f 3380/1294/2171 3392/1294/2171 3388/1290/2171 3376/1290/2171
f 3377/1291/2177 3389/1291/2177 3393/1292/2177 3381/1292/2177
f 3379/1293/2178 3391/1293/2178 3390/1295/2178 3378/1295/2178
o House.089
v 10.375034 0.667816 -94.209335
v 10.375034 5.508625 -94.209335
v 10.371357 0.667816 -101.404938
v 10.371357 5.508625 -101.404938
v 10.373195 0.667816 -97.807137
v 10.373195 8.667816 -97.807137
v -5.276177 0.667816 -90.208862
v -5.276177 5.508625 -90.208862
v -6.615036 8.667816 -93.562012
v -6.615036 0.667816 -93.562012
v -7.953896 0.667816 -96.915169
v -7.953896 5.508625 -96.915169
vn 1.0000 -0.0000 -0.0005
vn 0.2476 -0.0000 0.9689
vn -0.0000 -1.0000 -0.0000
vn -0.9287 -0.0000 0.3708
vn -0.1600 0.7456 -0.6469
vn 0.1632 0.7455 0.6462
vn -0.2380 -0.0000 -0.9713
vt 0.375000 0.625000
vt 0.625000 0.625000
vt 0.625000 0.750000
vt 0.375000 0.750000
vt 0.375000 0.500000
vt 0.625000 0.500000
s 0
f 3398/1296/2179 3399/1297/2179 3395/1298/2179 3394/1299/2179
f 3396/1300/2179 3397/1301/2179 3399/1297/2179 3398/1296/2179
f 3395/1298/2180 3401/1298/2180 3400/1299/2180 3394/1299/2180
f 3398/1296/2181 3403/1296/2181 3404/1300/2181 3396/1300/2181
f 3403/1296/2182 3400/1299/2182 3401/1298/2182 3402/1297/2182
f 3404/1300/2182 3403/1296/2182 3402/1297/2182 3405/1301/2182
f 3397/1301/2183 3405/1301/2183 3402/1297/2183 3399/1297/2183
f 3399/1297/2184 3402/1297/2184 3401/1298/2184 3395/1298/2184
f 3394/1299/2181 3400/1299/2181 3403/1296/2181 3398/1296/2181
f 3396/1300/2185 3404/1300/2185 3405/1301/2185 3397/1301/2185
o House.090
v 32.511581 0.667816 -94.935326
v 32.511581 5.508625 -94.935326
v 33.376297 0.667816 -102.888451
v 33.376297 5.508625 -102.888451
v 32.943939 0.667816 -98.911888
v 32.943939 8.667816 -98.911888
v 10.292999 0.667816 -93.465141
v 10.292999 5.508625 -93.465141
v 10.334452 8.667816 -97.464928
v 10.334452 0.667816 -97.464928
v 10.375904 0.667816 -101.464706
v 10.375904 5.508625 -101.464706
v 47.936424 0.667816 -92.014725
v 47.936424 5.508625 -92.014725
v 50.972122 0.667816 -99.416382
v 50.972122 5.508625 -99.416382
v 49.454269 0.667816 -95.715553
v 49.454269 8.667816 -95.715553
vn -0.1174 0.7812 0.6131
vn -0.0000 -1.0000 -0.0000
vn 0.0660 -0.0000 0.9978
vn -0.9999 -0.0000 -0.0104
vn -0.0391 0.7821 -0.6219
vn 0.0405 0.7821 0.6219
vn -0.0618 -0.0000 -0.9981
vn 0.9252 -0.0000 0.3795
vn 0.1936 -0.0000 -0.9811
vn 0.1198 0.7813 -0.6126
vn -0.1860 -0.0000 0.9825
vt 0.625000 0.750000
vt 0.625000 0.625000
vt 0.375000 0.625000
vt 0.375000 0.750000
vt 0.375000 0.500000
vt 0.625000 0.500000
s 0
f 3407/1302/2186 3419/1302/2186 3423/1303/2186 3411/1303/2186
f 3410/1304/2187 3422/1304/2187 3418/1305/2187 3406/1305/2187
f 3407/1302/2188 3413/1302/2188 3412/1305/2188 3406/1305/2188
f 3410/1304/2187 3415/1304/2187 3416/1306/2187 3408/1306/2187
f 3415/1304/2189 3412/1305/2189 3413/1302/2189 3414/1303/2189
f 3416/1306/2189 3415/1304/2189 3414/1303/2189 3417/1307/2189
f 3409/1307/2190 3417/1307/2190 3414/1303/2190 3411/1303/2190
f 3411/1303/2191 3414/1303/2191 3413/1302/2191 3407/1302/2191
f 3406/1305/2187 3412/1305/2187 3415/1304/2187 3410/1304/2187
f 3408/1306/2192 3416/1306/2192 3417/1307/2192 3409/1307/2192
f 3422/1304/2193 3423/1303/2193 3419/1302/2193 3418/1305/2193
f 3420/1306/2193 3421/1307/2193 3423/1303/2193 3422/1304/2193
f 3409/1307/2194 3421/1307/2194 3420/1306/2194 3408/1306/2194
f 3411/1303/2195 3423/1303/2195 3421/1307/2195 3409/1307/2195
f 3406/1305/2196 3418/1305/2196 3419/1302/2196 3407/1302/2196
f 3408/1306/2187 3420/1306/2187 3422/1304/2187 3410/1304/2187
o House.091
v 52.594101 0.667816 -98.598831
v 52.594101 5.508625 -98.598831
v 49.728359 0.667816 -91.986443
v 49.728359 5.508625 -91.986443
v 51.161228 0.667816 -95.292633
v 51.161228 8.667816 -95.292633
v 59.572906 0.667816 -95.574280
v 59.572906 5.508625 -95.574280
v 58.140038 8.667816 -92.268089
v 58.140038 0.667816 -92.268089
v 56.707169 0.667816 -88.961899
v 56.707169 5.508625 -88.961899
vn -0.9175 -0.0000 -0.3977
vn 0.3977 -0.0000 -0.9175
vn -0.0000 -1.0000 -0.0000
vn 0.9175 -0.0000 0.3977
vn -0.2621 0.7519 0.6049
vn 0.2621 0.7519 -0.6049
vn -0.3977 -0.0000 0.9175
vt 0.375000 0.625000
vt 0.625000 0.625000
vt 0.625000 0.750000
vt 0.375000 0.750000
vt 0.375000 0.500000
vt 0.625000 0.500000
s 0
f 3428/1308/2197 3429/1309/2197 3425/1310/2197 3424/1311/2197
f 3426/1312/2197 3427/1313/2197 3429/1309/2197 3428/1308/2197
f 3425/1310/2198 3431/1310/2198 3430/1311/2198 3424/1311/2198
f 3428/1308/2199 3433/1308/2199 3434/1312/2199 3426/1312/2199
f 3433/1308/2200 3430/1311/2200 3431/1310/2200 3432/1309/2200
f 3434/1312/2200 3433/1308/2200 3432/1309/2200 3435/1313/2200
f 3427/1313/2201 3435/1313/2201 3432/1309/2201 3429/1309/2201
f 3429/1309/2202 3432/1309/2202 3431/1310/2202 3425/1310/2202
f 3424/1311/2199 3430/1311/2199 3433/1308/2199 3428/1308/2199
f 3426/1312/2203 3434/1312/2203 3435/1313/2203 3427/1313/2203
o House.092
v 59.481083 0.667816 -95.792038
v 59.481083 5.508625 -95.792038
v 56.991959 0.667816 -89.028877
v 56.991959 5.508625 -89.028877
v 58.236523 0.667816 -92.410454
v 58.236523 8.667816 -92.410454
v 66.619026 0.667816 -93.164978
v 66.619026 5.508625 -93.164978
v 65.374458 8.667816 -89.783394
v 65.374458 0.667816 -89.783394
v 64.129898 0.667816 -86.401817
v 64.129898 5.508625 -86.401817
vn -0.9385 -0.0000 -0.3454
vn 0.3454 -0.0000 -0.9385
vn -0.0000 -1.0000 -0.0000
vn 0.9385 -0.0000 0.3454
vn -0.2277 0.7519 0.6187
vn 0.2277 0.7519 -0.6187
vn -0.3454 -0.0000 0.9385
vt 0.375000 0.625000
vt 0.625000 0.625000
vt 0.625000 0.750000
vt 0.375000 0.750000
vt 0.375000 0.500000
vt 0.625000 0.500000
s 0
f 3440/1314/2204 3441/1315/2204 3437/1316/2204 3436/1317/2204
f 3438/1318/2204 3439/1319/2204 3441/1315/2204 3440/1314/2204
f 3437/1316/2205 3443/1316/2205 3442/1317/2205 3436/1317/2205
f 3440/1314/2206 3445/1314/2206 3446/1318/2206 3438/1318/2206
f 3445/1314/2207 3442/1317/2207 3443/1316/2207 3444/1315/2207
f 3446/1318/2207 3445/1314/2207 3444/1315/2207 3447/1319/2207
f 3439/1319/2208 3447/1319/2208 3444/1315/2208 3441/1315/2208
f 3441/1315/2209 3444/1315/2209 3443/1316/2209 3437/1316/2209
f 3436/1317/2206 3442/1317/2206 3445/1314/2206 3440/1314/2206
f 3438/1318/2210 3446/1318/2210 3447/1319/2210 3439/1319/2210
o House.093
v 66.393723 0.667816 -88.836609
v 66.393723 5.508625 -88.836609
v 73.980286 0.667816 -86.298080
v 73.980286 5.508625 -86.298080
v 70.187004 0.667816 -87.567345
v 70.187004 8.667816 -87.567345
v 69.400558 0.667816 -97.822723
v 69.400558 5.508625 -97.822723
v 73.193832 8.667816 -96.553459
v 73.193832 0.667816 -96.553459
v 76.987114 0.667816 -95.284195
v 76.987114 5.508625 -95.284195
vn -0.3173 -0.0000 0.9483
vn -0.9483 -0.0000 -0.3173
vn -0.0000 -1.0000 -0.0000
vn 0.3173 -0.0000 -0.9483
vn 0.5878 0.7848 0.1967
vn -0.5878 0.7848 -0.1967
vn 0.9483 -0.0000 0.3173
vt 0.375000 0.625000
vt 0.625000 0.625000
vt 0.625000 0.750000
vt 0.375000 0.750000
vt 0.375000 0.500000
vt 0.625000 0.500000
s 0
f 3452/1320/2211 3453/1321/2211 3449/1322/2211 3448/1323/2211
f 3450/1324/2211 3451/1325/2211 3453/1321/2211 3452/1320/2211
f 3449/1322/2212 3455/1322/2212 3454/1323/2212 3448/1323/2212
f 3452/1320/2213 3457/1320/2213 3458/1324/2213 3450/1324/2213
f 3457/1320/2214 3454/1323/2214 3455/1322/2214 3456/1321/2214
f 3458/1324/2214 3457/1320/2214 3456/1321/2214 3459/1325/2214
f 3451/1325/2215 3459/1325/2215 3456/1321/2215 3453/1321/2215
f 3453/1321/2216 3456/1321/2216 3455/1322/2216 3449/1322/2216
f 3448/1323/2213 3454/1323/2213 3457/1320/2213 3452/1320/2213
f 3450/1324/2217 3458/1324/2217 3459/1325/2217 3451/1325/2217
o House.094
v 88.682419 0.667816 -77.667534
v 88.682419 5.508625 -77.667534
v 84.272751 0.667816 -86.503677
v 84.272751 5.508625 -86.503677
v 86.477585 0.667816 -82.085609
v 86.477585 8.667816 -82.085609
v 80.852821 0.667816 -73.760178
v 80.852821 5.508625 -73.760178
v 78.647987 8.667816 -78.178246
v 78.647987 0.667816 -78.178246
v 76.443146 0.667816 -82.596321
v 76.443146 5.508625 -82.596321
vn 0.8948 -0.0000 -0.4465
vn 0.4465 -0.0000 0.8948
vn -0.0000 -1.0000 -0.0000
vn -0.8948 -0.0000 0.4465
vn -0.2407 0.8423 -0.4822
vn 0.2407 0.8423 0.4822
vn -0.4465 -0.0000 -0.8948
vt 0.375000 0.625000
vt 0.625000 0.625000
vt 0.625000 0.750000
vt 0.375000 0.750000
vt 0.375000 0.500000
vt 0.625000 0.500000
s 0
f 3464/1326/2218 3465/1327/2218 3461/1328/2218 3460/1329/2218
f 3462/1330/2218 3463/1331/2218 3465/1327/2218 3464/1326/2218
f 3461/1328/2219 3467/1328/2219 3466/1329/2219 3460/1329/2219
f 3464/1326/2220 3469/1326/2220 3470/1330/2220 3462/1330/2220
f 3469/1326/2221 3466/1329/2221 3467/1328/2221 3468/1327/2221
f 3470/1330/2221 3469/1326/2221 3468/1327/2221 3471/1331/2221
f 3463/1331/2222 3471/1331/2222 3468/1327/2222 3465/1327/2222
f 3465/1327/2223 3468/1327/2223 3467/1328/2223 3461/1328/2223
f 3460/1329/2220 3466/1329/2220 3469/1326/2220 3464/1326/2220
f 3462/1330/2224 3470/1330/2224 3471/1331/2224 3463/1331/2224
o House.095
v -12.699980 0.667816 -6.443254
v -12.699980 5.508625 -6.443254
v -5.643027 0.667816 -10.211466
v -5.643027 5.508625 -10.211466
v -9.171503 0.667816 -8.327360
v -9.171503 8.667816 -8.327360
v -17.449598 0.667816 -18.097811
v -17.449598 5.508625 -18.097811
v -13.921123 8.667816 -19.981916
v -13.921123 0.667816 -19.981916
v -10.392646 0.667816 -21.866022
v -10.392646 5.508625 -21.866022
vn 0.4710 -0.0000 0.8821
vn -0.9261 -0.0000 0.3774
vn -0.0000 -1.0000 -0.0000
vn -0.4710 -0.0000 -0.8821
vn 0.5759 0.7831 -0.2347
vn -0.5759 0.7831 0.2347
vn 0.9261 -0.0000 -0.3774
vt 0.375000 0.625000
vt 0.625000 0.625000
vt 0.625000 0.750000
vt 0.375000 0.750000
vt 0.375000 0.500000
vt 0.625000 0.500000
s 0
f 3476/1332/2225 3477/1333/2225 3473/1334/2225 3472/1335/2225
f 3474/1336/2225 3475/1337/2225 3477/1333/2225 3476/1332/2225
f 3473/1334/2226 3479/1334/2226 3478/1335/2226 3472/1335/2226
f 3476/1332/2227 3481/1332/2227 3482/1336/2227 3474/1336/2227
f 3481/1332/2228 3478/1335/2228 3479/1334/2228 3480/1333/2228
f 3482/1336/2228 3481/1332/2228 3480/1333/2228 3483/1337/2228
f 3475/1337/2229 3483/1337/2229 3480/1333/2229 3477/1333/2229
f 3477/1333/2230 3480/1333/2230 3479/1334/2230 3473/1334/2230
f 3472/1335/2227 3478/1335/2227 3481/1332/2227 3476/1332/2227
f 3474/1336/2231 3482/1336/2231 3483/1337/2231 3475/1337/2231
o House.096
v -110.369987 0.667816 -35.399975
v -110.369987 5.508625 -35.399975
v -102.589203 0.667816 -33.540031
v -102.589203 5.508625 -33.540031
v -106.479599 0.667816 -34.470001
v -106.479599 8.667816 -34.470001
v -105.689262 0.667816 -53.761528
v -105.689262 5.508625 -53.761528
v -101.798866 8.667816 -52.831558
v -101.798866 0.667816 -52.831558
v -97.908478 0.667816 -51.901585
v -97.908478 5.508625 -51.901585
v -110.120529 0.667816 -13.041393
v -110.120529 5.508625 -13.041393
v -102.325706 0.667816 -14.841583
v -102.325706 5.508625 -14.841583
v -106.223122 0.667816 -13.941486
v -106.223122 8.667816 -13.941486
vn 0.6300 0.7765 -0.0084
vn 0.9999 -0.0000 -0.0141
vn -0.9690 -0.0000 -0.2470
vn -0.0000 -1.0000 -0.0000
vn 0.2325 -0.0000 -0.9726
vn 0.6006 0.7847 0.1531
vn -0.6006 0.7847 -0.1531
vn 0.9690 -0.0000 0.2470
vn 0.2250 -0.0000 0.9744
vn -0.9999 -0.0000 0.0112
vn -0.6300 0.7765 0.0074
vt 0.625000 0.625000
vt 0.625000 0.500000
vt 0.375000 0.500000
vt 0.625000 0.750000
vt 0.375000 0.750000
vt 0.375000 0.625000
s 0
f 3489/1338/2232 3501/1338/2232 3499/1339/2232 3487/1339/2232
f 3487/1339/2233 3499/1339/2233 3498/1340/2233 3486/1340/2233
f 3485/1341/2234 3491/1341/2234 3490/1342/2234 3484/1342/2234
f 3488/1343/2235 3493/1343/2235 3494/1340/2235 3486/1340/2235
f 3493/1343/2236 3490/1342/2236 3491/1341/2236 3492/1338/2236
f 3494/1340/2236 3493/1343/2236 3492/1338/2236 3495/1339/2236
f 3487/1339/2237 3495/1339/2237 3492/1338/2237 3489/1338/2237
f 3489/1338/2238 3492/1338/2238 3491/1341/2238 3485/1341/2238
f 3484/1342/2235 3490/1342/2235 3493/1343/2235 3488/1343/2235
f 3486/1340/2239 3494/1340/2239 3495/1339/2239 3487/1339/2239
f 3500/1343/2240 3501/1338/2240 3497/1341/2240 3496/1342/2240
f 3498/1340/2240 3499/1339/2240 3501/1338/2240 3500/1343/2240
f 3484/1342/2241 3496/1342/2241 3497/1341/2241 3485/1341/2241
f 3486/1340/2235 3498/1340/2235 3500/1343/2235 3488/1343/2235
f 3488/1343/2235 3500/1343/2235 3496/1342/2235 3484/1342/2235
f 3485/1341/2242 3497/1341/2242 3501/1338/2242 3489/1338/2242
o House.097
v -87.918701 0.658360 44.643692
v -87.918701 6.166423 44.643692
v -96.786865 0.658360 46.696762
v -96.786865 6.166423 46.696762
v -92.352783 0.658360 45.670227
v -92.352783 9.761075 45.670227
v -74.999283 0.658360 79.930901
v -74.999283 6.166423 79.930901
v -79.299484 9.761075 81.421906
v -79.299484 0.658360 81.421906
v -83.599693 0.658360 82.912910
v -83.599693 6.166423 82.912910
v -92.012184 0.658360 31.812160
v -92.012184 6.166423 31.812160
v -101.114265 0.658360 31.919973
v -101.114265 6.166423 31.919973
v -96.563225 0.658360 31.866066
v -96.563225 9.761075 31.866066
v -95.103226 0.658360 20.800289
v -95.103226 6.166423 20.800289
v -104.141869 0.658360 21.878429
v -104.141869 6.166423 21.878429
v -99.622543 0.658360 21.339357
v -99.622543 9.761075 21.339357
v -98.892044 0.658360 6.597698
v -98.892044 6.166423 6.597698
v -107.994125 0.658360 6.705521
v -107.994125 6.166423 6.705521
v -103.443085 0.658360 6.651604
v -103.443085 9.761075 6.651604
v -99.810455 0.658360 -5.518929
v -99.810455 6.166423 -5.518929
v -108.912247 0.658360 -5.648857
v -108.912247 6.166423 -5.648857
v -104.361351 0.658360 -5.583893
v -104.361351 9.761075 -5.583893
v -64.329819 0.658360 88.129532
v -64.329819 6.166423 88.129532
v -66.891151 9.761075 91.891785
v -66.891151 0.658360 91.891785
v -69.452477 0.658360 95.654022
v -69.452477 6.166423 95.654022
v -43.588303 0.658360 98.029213
v -43.588303 6.166423 98.029213
v -44.988716 9.761075 102.359772
v -44.988716 0.658360 102.359772
v -46.389126 0.658360 106.690331
v -46.389126 6.166423 106.690331
v -31.496407 0.658360 100.984398
v -31.496407 6.166423 100.984398
v -31.589493 9.761075 105.534790
v -31.589493 0.658360 105.534790
v -31.682564 0.658360 110.085213
v -31.682564 6.166423 110.085213
vn -0.0000 -1.0000 -0.0000
vn 0.9527 -0.0000 -0.3039
vn 0.9390 -0.0000 -0.3438
vn 0.6093 -0.0000 -0.7929
vn -0.5837 0.7836 0.2128
vn 0.5835 0.7836 -0.2133
vn -0.9396 -0.0000 0.3421
vn 0.9628 -0.0000 -0.2703
vn -0.6040 0.7767 0.1787
vn 0.5999 0.7779 -0.1870
vn -0.9597 -0.0000 0.2810
vn -0.6013 0.7785 0.1796
vn 0.6067 0.7787 -0.1598
vn 0.6049 0.7774 -0.1727
vn -0.9574 -0.0000 0.2887
vn 0.9971 -0.0000 -0.0756
vn -0.9692 -0.0000 0.2461
vn -0.6073 0.7790 0.1560
vn 0.9662 -0.0000 -0.2578
vn 0.0143 -0.0000 -0.9999
vn 0.6192 0.7838 -0.0467
vn -0.9973 -0.0000 0.0741
vn -0.6192 0.7839 0.0462
vn 0.2688 0.7817 -0.5628
vn -0.4258 0.7624 0.4872
vn -0.6692 -0.0000 0.7431
vn 0.4090 0.7597 -0.5055
vn -0.1422 0.7809 0.6082
vn 0.2374 -0.0000 -0.9714
vn 0.4307 -0.0000 -0.9025
vn -0.2691 0.7817 0.5627
vn -0.4316 -0.0000 0.9020
vn 0.9998 -0.0000 0.0205
vn 0.9998 -0.0000 0.0204
vn -0.2249 -0.0000 0.9744
vn 0.1461 0.7808 -0.6075
vt 0.375000 0.500000
vt 0.375000 0.625000
vt 0.375000 0.750000
vt 0.625000 0.750000
vt 0.625000 0.500000
vt 0.625000 0.625000
s 0
f 3504/1344/2243 3516/1344/2243 3518/1345/2243 3506/1345/2243
f 3502/1346/2244 3514/1346/2244 3515/1347/2244 3503/1347/2244
f 3503/1347/2245 3509/1347/2245 3508/1346/2245 3502/1346/2245
f 3506/1345/2243 3511/1345/2243 3512/1344/2243 3504/1344/2243
f 3509/1347/2246 3539/1347/2246 3538/1346/2246 3508/1346/2246
f 3508/1346/2243 3538/1346/2243 3541/1345/2243 3511/1345/2243
f 3505/1348/2247 3513/1348/2247 3510/1349/2247 3507/1349/2247
f 3507/1349/2248 3510/1349/2248 3509/1347/2248 3503/1347/2248
f 3502/1346/2243 3508/1346/2243 3511/1345/2243 3506/1345/2243
f 3504/1344/2249 3512/1344/2249 3513/1348/2249 3505/1348/2249
f 3514/1346/2250 3520/1346/2250 3521/1347/2250 3515/1347/2250
f 3519/1349/2251 3525/1349/2251 3523/1348/2251 3517/1348/2251
f 3506/1345/2243 3518/1345/2243 3514/1346/2243 3502/1346/2243
f 3503/1347/2252 3515/1347/2252 3519/1349/2252 3507/1349/2252
f 3505/1348/2253 3517/1348/2253 3516/1344/2253 3504/1344/2253
f 3507/1349/2254 3519/1349/2254 3517/1348/2254 3505/1348/2254
f 3521/1347/2255 3527/1347/2255 3531/1349/2255 3525/1349/2255
f 3524/1345/2243 3530/1345/2243 3526/1346/2243 3520/1346/2243
f 3516/1344/2243 3522/1344/2243 3524/1345/2243 3518/1345/2243
f 3518/1345/2243 3524/1345/2243 3520/1346/2243 3514/1346/2243
f 3515/1347/2256 3521/1347/2256 3525/1349/2256 3519/1349/2256
f 3517/1348/2257 3523/1348/2257 3522/1344/2257 3516/1344/2257
f 3528/1344/2243 3534/1344/2243 3536/1345/2243 3530/1345/2243
f 3526/1346/2258 3532/1346/2258 3533/1347/2258 3527/1347/2258
f 3523/1348/2259 3529/1348/2259 3528/1344/2259 3522/1344/2259
f 3525/1349/2260 3531/1349/2260 3529/1348/2260 3523/1348/2260
f 3520/1346/2261 3526/1346/2261 3527/1347/2261 3521/1347/2261
f 3522/1344/2243 3528/1344/2243 3530/1345/2243 3524/1345/2243
f 3536/1345/2262 3537/1349/2262 3533/1347/2262 3532/1346/2262
f 3534/1344/2262 3535/1348/2262 3537/1349/2262 3536/1345/2262
f 3530/1345/2243 3536/1345/2243 3532/1346/2243 3526/1346/2243
f 3527/1347/2263 3533/1347/2263 3537/1349/2263 3531/1349/2263
f 3529/1348/2264 3535/1348/2264 3534/1344/2264 3528/1344/2264
f 3531/1349/2265 3537/1349/2265 3535/1348/2265 3529/1348/2265
f 3541/1345/2243 3547/1345/2243 3548/1344/2243 3542/1344/2243
f 3540/1349/2266 3546/1349/2266 3545/1347/2266 3539/1347/2266
f 3513/1348/2267 3543/1348/2267 3540/1349/2267 3510/1349/2267
f 3512/1344/2268 3542/1344/2268 3543/1348/2268 3513/1348/2268
f 3510/1349/2269 3540/1349/2269 3539/1347/2269 3509/1347/2269
f 3511/1345/2243 3541/1345/2243 3542/1344/2243 3512/1344/2243
f 3549/1348/2270 3555/1348/2270 3552/1349/2270 3546/1349/2270
f 3545/1347/2271 3551/1347/2271 3550/1346/2271 3544/1346/2271
f 3538/1346/2243 3544/1346/2243 3547/1345/2243 3541/1345/2243
f 3539/1347/2272 3545/1347/2272 3544/1346/2272 3538/1346/2272
f 3543/1348/2273 3549/1348/2273 3546/1349/2273 3540/1349/2273
f 3542/1344/2274 3548/1344/2274 3549/1348/2274 3543/1348/2274
f 3553/1345/2275 3550/1346/2275 3551/1347/2275 3552/1349/2275
f 3554/1344/2276 3553/1345/2276 3552/1349/2276 3555/1348/2276
f 3548/1344/2277 3554/1344/2277 3555/1348/2277 3549/1348/2277
f 3546/1349/2278 3552/1349/2278 3551/1347/2278 3545/1347/2278
f 3547/1345/2243 3553/1345/2243 3554/1344/2243 3548/1344/2243
f 3544/1346/2243 3550/1346/2243 3553/1345/2243 3547/1345/2243
o House.098
v 21.166656 1.000000 86.123009
v 21.166656 6.000000 86.123009
v 24.947504 1.000000 94.245430
v 24.947504 6.000000 94.245430
v 22.960653 1.000000 89.576500
v 22.960653 9.000000 89.576500
v 27.313475 1.000000 83.788559
v 27.313475 6.000000 83.788559
v 29.107475 9.000000 87.242043
v 29.107475 1.000000 87.242043
v 31.094322 1.000000 91.910980
v 31.094322 6.000000 91.910980
v 8.791143 1.000000 91.333115
v 8.791143 6.000000 91.333115
v 12.571989 1.000000 99.455536
v 12.571989 6.000000 99.455536
v 10.585140 1.000000 94.786598
v 10.585140 9.000000 94.786598
v -6.486277 1.000000 96.097031
v -6.486277 6.000000 96.097031
v -2.705431 1.000000 104.219452
v -2.705431 6.000000 104.219452
v -4.692280 1.000000 99.550522
v -4.692280 9.000000 99.550522
v -19.442398 1.000000 99.107246
v -19.442398 6.000000 99.107246
v -15.661552 1.000000 107.229668
v -15.661552 6.000000 107.229668
v -17.648403 1.000000 102.560738
v -17.648403 9.000000 102.560738
v -27.792988 1.000000 100.619339
v -27.792988 6.000000 100.619339
v -27.992207 1.000000 109.576393
v -27.992207 6.000000 109.576393
v -27.710442 1.000000 104.510117
v -27.710442 9.000000 104.510117
v 43.547279 1.000000 77.455727
v 43.547279 6.000000 77.455727
v 45.341278 9.000000 80.909210
v 45.341278 1.000000 80.909210
v 47.328125 1.000000 85.578140
v 47.328125 6.000000 85.578140
v 60.403206 1.000000 68.686630
v 60.403206 6.000000 68.686630
v 62.197201 9.000000 72.140121
v 62.197201 1.000000 72.140121
v 64.184052 1.000000 76.809052
v 64.184052 6.000000 76.809052
v 76.276199 1.000000 57.476154
v 76.276199 6.000000 57.476154
v 79.027206 9.000000 60.228775
v 79.027206 1.000000 60.228775
v 82.328278 1.000000 64.082275
v 82.328278 6.000000 64.082275
v 87.421585 1.000000 47.879929
v 87.421585 6.000000 47.879929
v 90.631378 9.000000 50.080444
v 90.631378 1.000000 50.080444
v 94.584045 1.000000 53.262093
v 94.584045 6.000000 53.262093
vn -0.3880 -0.0000 -0.9217
vn 0.1975 0.8608 0.4691
vn -0.3550 -0.0000 -0.9349
vn -0.0000 -1.0000 -0.0000
vn -0.2227 0.7903 -0.5708
vn 0.3634 -0.0000 0.9316
vn 0.1808 0.8606 0.4761
vn -0.2177 0.7900 -0.5732
vn 0.3550 -0.0000 0.9349
vn -0.2977 -0.0000 -0.9547
vn 0.1521 0.8597 0.4877
vn -0.2374 0.7910 -0.5638
vn 0.3880 -0.0000 0.9217
vn -0.1835 0.7873 -0.5886
vn 0.2977 -0.0000 0.9547
vn 0.0978 0.8548 0.5097
vn 0.1870 -0.0000 0.9824
vn -0.1409 0.7825 -0.6065
vn 0.2263 -0.0000 0.9741
vn 0.1165 0.8574 0.5013
vn -0.2263 -0.0000 -0.9741
vn -0.9998 -0.0000 0.0212
vn -0.9985 -0.0000 -0.0555
vn -0.1782 -0.0000 -0.9840
vn -0.1148 0.7835 -0.6107
vn -0.4615 -0.0000 -0.8871
vn -0.3634 -0.0000 -0.9316
vn 0.1850 0.8607 0.4743
vn -0.3551 0.7885 -0.5022
vn 0.5742 -0.0000 0.8187
vn 0.2354 0.8601 0.4525
vn 0.4615 -0.0000 0.8871
vn -0.2818 0.7920 -0.5416
vn -0.6525 -0.0000 -0.7578
vn -0.5769 -0.0000 -0.8168
vn 0.2960 0.8578 0.4202
vn 0.5654 -0.0000 -0.8248
vn 0.6270 -0.0000 -0.7790
vn 0.3378 0.8591 0.3844
vn 0.6618 -0.0000 0.7496
vn -0.4046 0.7868 -0.4662
vt 0.375000 0.750000
vt 0.625000 0.750000
vt 0.625000 0.625000
vt 0.625000 0.500000
vt 0.375000 0.625000
vt 0.375000 0.500000
s 0
f 3556/1350/2279 3568/1350/2279 3569/1351/2279 3557/1351/2279
f 3561/1352/2280 3573/1352/2280 3571/1353/2280 3559/1353/2280
f 3557/1351/2281 3563/1351/2281 3562/1350/2281 3556/1350/2281
f 3560/1354/2282 3565/1354/2282 3566/1355/2282 3558/1355/2282
f 3564/1352/2283 3594/1352/2283 3593/1351/2283 3563/1351/2283
f 3566/1355/2284 3596/1355/2284 3597/1353/2284 3567/1353/2284
f 3559/1353/2285 3567/1353/2285 3564/1352/2285 3561/1352/2285
f 3561/1352/2286 3564/1352/2286 3563/1351/2286 3557/1351/2286
f 3556/1350/2282 3562/1350/2282 3565/1354/2282 3560/1354/2282
f 3558/1355/2287 3566/1355/2287 3567/1353/2287 3559/1353/2287
f 3568/1350/2288 3574/1350/2288 3575/1351/2288 3569/1351/2288
f 3573/1352/2289 3579/1352/2289 3577/1353/2289 3571/1353/2289
f 3558/1355/2282 3570/1355/2282 3572/1354/2282 3560/1354/2282
f 3560/1354/2282 3572/1354/2282 3568/1350/2282 3556/1350/2282
f 3557/1351/2290 3569/1351/2290 3573/1352/2290 3561/1352/2290
f 3559/1353/2291 3571/1353/2291 3570/1355/2291 3558/1355/2291
f 3578/1354/2282 3584/1354/2282 3580/1350/2282 3574/1350/2282
f 3576/1355/2282 3582/1355/2282 3584/1354/2282 3578/1354/2282
f 3570/1355/2282 3576/1355/2282 3578/1354/2282 3572/1354/2282
f 3572/1354/2282 3578/1354/2282 3574/1350/2282 3568/1350/2282
f 3569/1351/2292 3575/1351/2292 3579/1352/2292 3573/1352/2292
f 3571/1353/2293 3577/1353/2293 3576/1355/2293 3570/1355/2293
f 3585/1352/2294 3591/1352/2294 3589/1353/2294 3583/1353/2294
f 3583/1353/2295 3589/1353/2295 3588/1355/2295 3582/1355/2295
f 3575/1351/2296 3581/1351/2296 3585/1352/2296 3579/1352/2296
f 3577/1353/2297 3583/1353/2297 3582/1355/2297 3576/1355/2297
f 3579/1352/2298 3585/1352/2298 3583/1353/2298 3577/1353/2298
f 3574/1350/2299 3580/1350/2299 3581/1351/2299 3575/1351/2299
f 3590/1354/2300 3591/1352/2300 3587/1351/2300 3586/1350/2300
f 3588/1355/2301 3589/1353/2301 3591/1352/2301 3590/1354/2301
f 3580/1350/2302 3586/1350/2302 3587/1351/2302 3581/1351/2302
f 3582/1355/2282 3588/1355/2282 3590/1354/2282 3584/1354/2282
f 3584/1354/2282 3590/1354/2282 3586/1350/2282 3580/1350/2282
f 3581/1351/2303 3587/1351/2303 3591/1352/2303 3585/1352/2303
f 3593/1351/2304 3599/1351/2304 3598/1350/2304 3592/1350/2304
f 3592/1350/2282 3598/1350/2282 3601/1354/2282 3595/1354/2282
f 3565/1354/2282 3595/1354/2282 3596/1355/2282 3566/1355/2282
f 3562/1350/2282 3592/1350/2282 3595/1354/2282 3565/1354/2282
f 3563/1351/2305 3593/1351/2305 3592/1350/2305 3562/1350/2305
f 3567/1353/2306 3597/1353/2306 3594/1352/2306 3564/1352/2306
f 3600/1352/2307 3606/1352/2307 3605/1351/2307 3599/1351/2307
f 3602/1355/2308 3608/1355/2308 3609/1353/2308 3603/1353/2308
f 3597/1353/2309 3603/1353/2309 3600/1352/2309 3594/1352/2309
f 3596/1355/2310 3602/1355/2310 3603/1353/2310 3597/1353/2310
f 3594/1352/2311 3600/1352/2311 3599/1351/2311 3593/1351/2311
f 3595/1354/2282 3601/1354/2282 3602/1355/2282 3596/1355/2282
f 3605/1351/2312 3611/1351/2312 3610/1350/2312 3604/1350/2312
f 3604/1350/2282 3610/1350/2282 3613/1354/2282 3607/1354/2282
f 3601/1354/2282 3607/1354/2282 3608/1355/2282 3602/1355/2282
f 3598/1350/2282 3604/1350/2282 3607/1354/2282 3601/1354/2282
f 3599/1351/2313 3605/1351/2313 3604/1350/2313 3598/1350/2313
f 3603/1353/2314 3609/1353/2314 3606/1352/2314 3600/1352/2314
f 3613/1354/2315 3610/1350/2315 3611/1351/2315 3612/1352/2315
f 3614/1355/2316 3613/1354/2316 3612/1352/2316 3615/1353/2316
f 3609/1353/2317 3615/1353/2317 3612/1352/2317 3606/1352/2317
f 3608/1355/2318 3614/1355/2318 3615/1353/2318 3609/1353/2318
f 3606/1352/2319 3612/1352/2319 3611/1351/2319 3605/1351/2319
f 3607/1354/2282 3613/1354/2282 3614/1355/2282 3608/1355/2282
o House.099
v -19.931030 0.667816 84.311790
v -19.931030 5.508625 84.311790
v -27.913956 0.667816 84.834167
v -27.913956 5.508625 84.834167
v -23.922493 0.667816 84.572983
v -23.922493 8.667816 84.572983
v -19.447914 0.667816 97.230957
v -19.447914 5.508625 97.230957
v -23.439377 8.667816 97.492149
v -23.439377 0.667816 97.492149
v -27.430840 0.667816 97.753342
v -27.430840 5.508625 97.753342
vn -0.0653 -0.0000 -0.9979
vn 0.9993 -0.0000 -0.0374
vn -0.0000 -1.0000 -0.0000
vn 0.0653 -0.0000 0.9979
vn -0.6195 0.7846 0.0232
vn 0.6195 0.7846 -0.0232
vn -0.9993 -0.0000 0.0374
vt 0.375000 0.625000
vt 0.625000 0.625000
vt 0.625000 0.750000
vt 0.375000 0.750000
vt 0.375000 0.500000
vt 0.625000 0.500000
s 0
f 3620/1356/2320 3621/1357/2320 3617/1358/2320 3616/1359/2320
f 3618/1360/2320 3619/1361/2320 3621/1357/2320 3620/1356/2320
f 3617/1358/2321 3623/1358/2321 3622/1359/2321 3616/1359/2321
f 3620/1356/2322 3625/1356/2322 3626/1360/2322 3618/1360/2322
f 3625/1356/2323 3622/1359/2323 3623/1358/2323 3624/1357/2323
f 3626/1360/2323 3625/1356/2323 3624/1357/2323 3627/1361/2323
f 3619/1361/2324 3627/1361/2324 3624/1357/2324 3621/1357/2324
f 3621/1357/2325 3624/1357/2325 3623/1358/2325 3617/1358/2325
f 3616/1359/2322 3622/1359/2322 3625/1356/2322 3620/1356/2322
f 3618/1360/2326 3626/1360/2326 3627/1361/2326 3619/1361/2326
o House.100
v -13.303885 0.667816 82.349007
v -13.303885 5.508625 82.349007
v -21.184917 0.667816 83.723541
v -21.184917 5.508625 83.723541
v -17.244400 0.667816 83.036270
v -17.244400 8.667816 83.036270
v -11.439606 0.667816 95.142082
v -11.439606 5.508625 95.142082
v -15.380121 8.667816 95.829346
v -15.380121 0.667816 95.829346
v -19.320637 0.667816 96.516617
v -19.320637 5.508625 96.516617
vn -0.1718 -0.0000 -0.9851
vn 0.9895 -0.0000 -0.1442
vn -0.0000 -1.0000 -0.0000
vn 0.1718 -0.0000 0.9851
vn -0.6135 0.7846 0.0894
vn 0.6135 0.7846 -0.0894
vn -0.9895 -0.0000 0.1442
vt 0.375000 0.625000
vt 0.625000 0.625000
vt 0.625000 0.750000
vt 0.375000 0.750000
vt 0.375000 0.500000
vt 0.625000 0.500000
s 0
f 3632/1362/2327 3633/1363/2327 3629/1364/2327 3628/1365/2327
f 3630/1366/2327 3631/1367/2327 3633/1363/2327 3632/1362/2327
f 3629/1364/2328 3635/1364/2328 3634/1365/2328 3628/1365/2328
f 3632/1362/2329 3637/1362/2329 3638/1366/2329 3630/1366/2329
f 3637/1362/2330 3634/1365/2330 3635/1364/2330 3636/1363/2330
f 3638/1366/2330 3637/1362/2330 3636/1363/2330 3639/1367/2330
f 3631/1367/2331 3639/1367/2331 3636/1363/2331 3633/1363/2331
f 3633/1363/2332 3636/1363/2332 3635/1364/2332 3629/1364/2332
f 3628/1365/2329 3634/1365/2329 3637/1362/2329 3632/1362/2329
f 3630/1366/2333 3638/1366/2333 3639/1367/2333 3631/1367/2333
o House.101
v -6.706679 0.667816 79.235779
v -6.706679 5.508625 79.235779
v -14.462975 0.667816 81.195343
v -14.462975 5.508625 81.195343
v -10.584826 0.667816 80.215561
v -10.584827 8.667816 80.215561
v -3.891705 0.667816 91.853790
v -3.891705 5.508625 91.853790
v -7.769852 8.667816 92.833572
v -7.769852 0.667816 92.833572
v -11.647999 0.667816 93.813354
v -11.647999 5.508625 93.813354
vn -0.2449 -0.0000 -0.9695
vn 0.9760 -0.0000 -0.2177
vn -0.0000 -1.0000 -0.0000
vn 0.2449 -0.0000 0.9695
vn -0.6051 0.7846 0.1350
vn 0.6051 0.7846 -0.1350
vn -0.9760 -0.0000 0.2177
vt 0.375000 0.625000
vt 0.625000 0.625000
vt 0.625000 0.750000
vt 0.375000 0.750000
vt 0.375000 0.500000
vt 0.625000 0.500000
s 0
f 3644/1368/2334 3645/1369/2334 3641/1370/2334 3640/1371/2334
f 3642/1372/2334 3643/1373/2334 3645/1369/2334 3644/1368/2334
f 3641/1370/2335 3647/1370/2335 3646/1371/2335 3640/1371/2335
f 3644/1368/2336 3649/1368/2336 3650/1372/2336 3642/1372/2336
f 3649/1368/2337 3646/1371/2337 3647/1370/2337 3648/1369/2337
f 3650/1372/2337 3649/1368/2337 3648/1369/2337 3651/1373/2337
f 3643/1373/2338 3651/1373/2338 3648/1369/2338 3645/1369/2338
f 3645/1369/2339 3648/1369/2339 3647/1370/2339 3641/1370/2339
f 3640/1371/2336 3646/1371/2336 3649/1368/2336 3644/1368/2336
f 3642/1372/2340 3650/1372/2340 3651/1373/2340 3643/1373/2340
o House.102
v 0.266935 0.667816 76.982185
v 0.266935 5.508625 76.982185
v -7.364254 0.667816 79.383224
v -7.364254 5.508625 79.383224
v -3.548659 0.667816 78.182701
v -3.548660 8.667816 78.182701
v 3.800708 0.667816 89.418053
v 3.800708 5.508625 89.418053
v -0.014887 8.667816 90.618568
v -0.014886 0.667816 90.618568
v -3.830481 0.667816 91.819084
v -3.830481 5.508625 91.819084
vn -0.3001 -0.0000 -0.9539
vn 0.9619 -0.0000 -0.2733
vn -0.0000 -1.0000 -0.0000
vn 0.3001 -0.0000 0.9539
vn -0.5963 0.7846 0.1695
vn 0.5963 0.7846 -0.1695
vn -0.9619 -0.0000 0.2733
vt 0.375000 0.625000
vt 0.625000 0.625000
vt 0.625000 0.750000
vt 0.375000 0.750000
vt 0.375000 0.500000
vt 0.625000 0.500000
s 0
f 3656/1374/2341 3657/1375/2341 3653/1376/2341 3652/1377/2341
f 3654/1378/2341 3655/1379/2341 3657/1375/2341 3656/1374/2341
f 3653/1376/2342 3659/1376/2342 3658/1377/2342 3652/1377/2342
f 3656/1374/2343 3661/1374/2343 3662/1378/2343 3654/1378/2343
f 3661/1374/2344 3658/1377/2344 3659/1376/2344 3660/1375/2344
f 3662/1378/2344 3661/1374/2344 3660/1375/2344 3663/1379/2344
f 3655/1379/2345 3663/1379/2345 3660/1375/2345 3657/1375/2345
f 3657/1375/2346 3660/1375/2346 3659/1376/2346 3653/1376/2346
f 3652/1377/2343 3658/1377/2343 3661/1374/2343 3656/1374/2343
f 3654/1378/2347 3662/1378/2347 3663/1379/2347 3655/1379/2347
o House.103
v 7.651711 0.667816 74.429634
v 7.651711 5.508625 74.429634
v 0.068910 0.667816 76.979370
v 0.068910 5.508625 76.979370
v 3.860310 0.667816 75.704506
v 3.860310 8.667816 75.704506
v 11.427873 0.667816 86.794060
v 11.427873 5.508625 86.794060
v 7.636472 8.667816 88.068924
v 7.636472 0.667816 88.068924
v 3.845071 0.667816 89.343788
v 3.845071 5.508625 89.343788
vn -0.3187 -0.0000 -0.9479
vn 0.9564 -0.0000 -0.2921
vn -0.0000 -1.0000 -0.0000
vn 0.3187 -0.0000 0.9479
vn -0.5929 0.7846 0.1811
vn 0.5929 0.7846 -0.1811
vn -0.9564 -0.0000 0.2921
vt 0.375000 0.625000
vt 0.625000 0.625000
vt 0.625000 0.750000
vt 0.375000 0.750000
vt 0.375000 0.500000
vt 0.625000 0.500000
s 0
f 3668/1380/2348 3669/1381/2348 3665/1382/2348 3664/1383/2348
f 3666/1384/2348 3667/1385/2348 3669/1381/2348 3668/1380/2348
f 3665/1382/2349 3671/1382/2349 3670/1383/2349 3664/1383/2349
f 3668/1380/2350 3673/1380/2350 3674/1384/2350 3666/1384/2350
f 3673/1380/2351 3670/1383/2351 3671/1382/2351 3672/1381/2351
f 3674/1384/2351 3673/1380/2351 3672/1381/2351 3675/1385/2351
f 3667/1385/2352 3675/1385/2352 3672/1381/2352 3669/1381/2352
f 3669/1381/2353 3672/1381/2353 3671/1382/2353 3665/1382/2353
f 3664/1383/2350 3670/1383/2350 3673/1380/2350 3668/1380/2350
f 3666/1384/2354 3674/1384/2354 3675/1385/2354 3667/1385/2354
o House.104
v 14.871023 0.667816 71.674232
v 14.871023 5.508625 71.674232
v 7.361358 0.667816 74.431931
v 7.361358 5.508625 74.431931
v 11.116191 0.667816 73.053078
v 11.116191 8.667816 73.053085
v 18.986446 0.667816 83.929909
v 18.986446 5.508625 83.929909
v 15.231614 8.667816 85.308762
v 15.231614 0.667816 85.308762
v 11.476781 0.667816 86.687607
v 11.476781 5.508625 86.687607
vn -0.3447 -0.0000 -0.9387
vn 0.9480 -0.0000 -0.3183
vn -0.0000 -1.0000 -0.0000
vn 0.3447 -0.0000 0.9387
vn -0.5877 0.7846 0.1973
vn 0.5877 0.7846 -0.1973
vn -0.9480 -0.0000 0.3183
vt 0.375000 0.625000
vt 0.625000 0.625000
vt 0.625000 0.750000
vt 0.375000 0.750000
vt 0.375000 0.500000
vt 0.625000 0.500000
s 0
f 3680/1386/2355 3681/1387/2355 3677/1388/2355 3676/1389/2355
f 3678/1390/2355 3679/1391/2355 3681/1387/2355 3680/1386/2355
f 3677/1388/2356 3683/1388/2356 3682/1389/2356 3676/1389/2356
f 3680/1386/2357 3685/1386/2357 3686/1390/2357 3678/1390/2357
f 3685/1386/2358 3682/1389/2358 3683/1388/2358 3684/1387/2358
f 3686/1390/2358 3685/1386/2358 3684/1387/2358 3687/1391/2358
f 3679/1391/2359 3687/1391/2359 3684/1387/2359 3681/1387/2359
f 3681/1387/2360 3684/1387/2360 3683/1388/2360 3677/1388/2360
f 3676/1389/2357 3682/1389/2357 3685/1386/2357 3680/1386/2357
f 3678/1390/2361 3686/1390/2361 3687/1391/2361 3679/1391/2361
o House.105
v 21.780466 0.667816 68.618263
v 21.780466 5.508625 68.618263
v 14.390259 0.667816 71.681732
v 14.390259 5.508625 71.681732
v 18.085361 0.667816 70.149994
v 18.085361 8.667816 70.149994
v 26.395220 0.667816 80.694786
v 26.395220 5.508625 80.694786
v 22.700117 8.667816 82.226517
v 22.700117 0.667816 82.226517
v 19.005014 0.667816 83.758255
v 19.005014 5.508625 83.758255
vn -0.3829 -0.0000 -0.9238
vn 0.9341 -0.0000 -0.3570
vn -0.0000 -1.0000 -0.0000
vn 0.3829 -0.0000 0.9238
vn -0.5791 0.7846 0.2213
vn 0.5791 0.7846 -0.2213
vn -0.9341 -0.0000 0.3570
vt 0.375000 0.625000
vt 0.625000 0.625000
vt 0.625000 0.750000
vt 0.375000 0.750000
vt 0.375000 0.500000
vt 0.625000 0.500000
s 0
f 3692/1392/2362 3693/1393/2362 3689/1394/2362 3688/1395/2362
f 3690/1396/2362 3691/1397/2362 3693/1393/2362 3692/1392/2362
f 3689/1394/2363 3695/1394/2363 3694/1395/2363 3688/1395/2363
f 3692/1392/2364 3697/1392/2364 3698/1396/2364 3690/1396/2364
f 3697/1392/2365 3694/1395/2365 3695/1394/2365 3696/1393/2365
f 3698/1396/2365 3697/1392/2365 3696/1393/2365 3699/1397/2365
f 3691/1397/2366 3699/1397/2366 3696/1393/2366 3693/1393/2366
f 3693/1393/2367 3696/1393/2367 3695/1394/2367 3689/1394/2367
f 3688/1395/2364 3694/1395/2364 3697/1392/2364 3692/1392/2364
f 3690/1396/2368 3698/1396/2368 3699/1397/2368 3691/1397/2368
o House.106
v 46.558277 0.667816 73.127182
v 46.558277 5.508625 73.127182
v 43.745872 0.667816 65.637825
v 43.745872 5.508625 65.637825
v 45.152073 0.667816 69.382500
v 45.152073 8.667816 69.382500
v 26.202627 0.667816 80.622726
v 26.202627 5.508625 80.622726
v 24.796425 8.667816 76.878052
v 24.796425 0.667816 76.878052
v 23.390221 0.667816 73.133377
v 23.390221 5.508625 73.133377
v 63.292679 0.667816 64.162247
v 63.292679 5.508625 64.162247
v 58.913029 0.667816 57.467575
v 58.913029 5.508625 57.467575
v 61.102852 0.667816 60.814911
v 61.102852 8.667816 60.814911
vn -0.2948 0.7828 -0.5480
vn -0.4742 -0.0000 -0.8804
vn 0.3455 -0.0000 0.9384
vn -0.0000 -1.0000 -0.0000
vn -0.9362 -0.0000 0.3516
vn -0.2142 0.7848 -0.5816
vn 0.2142 0.7848 0.5816
vn -0.3455 -0.0000 -0.9384
vn 0.8368 -0.0000 -0.5475
vn 0.4722 -0.0000 0.8815
vn 0.2941 0.7828 0.5483
vt 0.625000 0.625000
vt 0.625000 0.500000
vt 0.375000 0.500000
vt 0.625000 0.750000
vt 0.375000 0.750000
vt 0.375000 0.625000
s 0
f 3705/1398/2369 3717/1398/2369 3715/1399/2369 3703/1399/2369
f 3703/1399/2370 3715/1399/2370 3714/1400/2370 3702/1400/2370
f 3701/1401/2371 3707/1401/2371 3706/1402/2371 3700/1402/2371
f 3704/1403/2372 3709/1403/2372 3710/1400/2372 3702/1400/2372
f 3709/1403/2373 3706/1402/2373 3707/1401/2373 3708/1398/2373
f 3710/1400/2373 3709/1403/2373 3708/1398/2373 3711/1399/2373
f 3703/1399/2374 3711/1399/2374 3708/1398/2374 3705/1398/2374
f 3705/1398/2375 3708/1398/2375 3707/1401/2375 3701/1401/2375
f 3700/1402/2372 3706/1402/2372 3709/1403/2372 3704/1403/2372
f 3702/1400/2376 3710/1400/2376 3711/1399/2376 3703/1399/2376
f 3716/1403/2377 3717/1398/2377 3713/1401/2377 3712/1402/2377
f 3714/1400/2377 3715/1399/2377 3717/1398/2377 3716/1403/2377
f 3700/1402/2378 3712/1402/2378 3713/1401/2378 3701/1401/2378
f 3702/1400/2372 3714/1400/2372 3716/1403/2372 3704/1403/2372
f 3704/1403/2372 3716/1403/2372 3712/1402/2372 3700/1402/2372
f 3701/1401/2379 3713/1401/2379 3717/1398/2379 3705/1398/2379
o House.107
v 83.615700 0.667816 48.323997
v 83.615700 5.508625 48.323997
v 78.309341 0.667816 42.337128
v 78.309341 5.508625 42.337128
v 80.962517 0.667816 45.330563
v 80.962517 8.667816 45.330563
v 66.806656 0.667816 61.833485
v 66.806656 5.508625 61.833485
v 64.153481 8.667816 58.840054
v 64.153481 0.667816 58.840054
v 61.500301 0.667816 55.846619
v 61.500301 5.508625 55.846619
v 93.888290 0.667816 36.847038
v 93.888290 5.508625 36.847038
v 86.079552 0.667816 35.108192
v 86.079552 5.508625 35.108192
v 89.983925 0.667816 35.977615
v 89.983925 8.667816 35.977615
v 99.151443 0.667816 17.048775
v 99.151443 5.508625 17.048775
v 90.288651 0.667816 19.717667
v 90.288651 5.508625 19.717667
v 94.720047 0.667816 18.383221
v 94.720047 8.667816 18.383221
vn -0.4578 0.7586 -0.4636
vn -0.6811 -0.0000 -0.7321
vn 0.6265 -0.0000 0.7795
vn -0.0000 -1.0000 -0.0000
vn -0.7484 -0.0000 0.6633
vn -0.3886 0.7844 -0.4835
vn 0.3886 0.7844 0.4835
vn -0.6265 -0.0000 -0.7795
vn 0.6019 0.7822 0.1609
vn 0.7451 -0.0000 0.6669
vn 0.4750 0.7620 0.4400
vn -0.2883 -0.0000 -0.9575
vn -0.9646 -0.0000 -0.2638
vn -0.6017 0.7818 -0.1632
vn 0.9664 -0.0000 0.2569
vt 0.625000 0.625000
vt 0.625000 0.500000
vt 0.375000 0.500000
vt 0.625000 0.750000
vt 0.375000 0.750000
vt 0.375000 0.625000
s 0
f 3723/1404/2380 3735/1404/2380 3733/1405/2380 3721/1405/2380
f 3721/1405/2381 3733/1405/2381 3732/1406/2381 3720/1406/2381
f 3719/1407/2382 3725/1407/2382 3724/1408/2382 3718/1408/2382
f 3722/1409/2383 3727/1409/2383 3728/1406/2383 3720/1406/2383
f 3727/1409/2384 3724/1408/2384 3725/1407/2384 3726/1404/2384
f 3728/1406/2384 3727/1409/2384 3726/1404/2384 3729/1405/2384
f 3721/1405/2385 3729/1405/2385 3726/1404/2385 3723/1404/2385
f 3723/1404/2386 3726/1404/2386 3725/1407/2386 3719/1407/2386
f 3718/1408/2383 3724/1408/2383 3727/1409/2383 3722/1409/2383
f 3720/1406/2387 3728/1406/2387 3729/1405/2387 3721/1405/2387
f 3731/1407/2388 3737/1407/2388 3741/1404/2388 3735/1404/2388
f 3734/1409/2383 3740/1409/2383 3736/1408/2383 3730/1408/2383
f 3718/1408/2389 3730/1408/2389 3731/1407/2389 3719/1407/2389
f 3720/1406/2383 3732/1406/2383 3734/1409/2383 3722/1409/2383
f 3722/1409/2383 3734/1409/2383 3730/1408/2383 3718/1408/2383
f 3719/1407/2390 3731/1407/2390 3735/1404/2390 3723/1404/2390
f 3740/1409/2391 3741/1404/2391 3737/1407/2391 3736/1408/2391
f 3738/1406/2391 3739/1405/2391 3741/1404/2391 3740/1409/2391
f 3733/1405/2392 3739/1405/2392 3738/1406/2392 3732/1406/2392
f 3735/1404/2393 3741/1404/2393 3739/1405/2393 3733/1405/2393
f 3730/1408/2394 3736/1408/2394 3737/1407/2394 3731/1407/2394
f 3732/1406/2383 3738/1406/2383 3740/1409/2383 3734/1409/2383
o House.108
v 45.306637 0.667816 54.740643
v 45.306637 5.508625 54.740643
v 52.351559 0.667816 50.949986
v 52.351559 5.508625 50.949986
v 48.829098 0.667816 52.845314
v 48.829098 8.667816 52.845314
v 40.816689 0.667816 46.396091
v 40.816689 5.508625 46.396091
v 44.339146 8.667816 44.500763
v 44.339146 0.667816 44.500763
v 47.861607 0.667816 42.605434
v 47.861607 5.508625 42.605434
vn 0.4738 -0.0000 0.8806
vn -0.8806 -0.0000 0.4738
vn -0.0000 -1.0000 -0.0000
vn -0.4738 -0.0000 -0.8806
vn 0.5458 0.7848 -0.2937
vn -0.5458 0.7848 0.2937
vn 0.8806 -0.0000 -0.4738
vt 0.375000 0.625000
vt 0.625000 0.625000
vt 0.625000 0.750000
vt 0.375000 0.750000
vt 0.375000 0.500000
vt 0.625000 0.500000
s 0
f 3746/1410/2395 3747/1411/2395 3743/1412/2395 3742/1413/2395
f 3744/1414/2395 3745/1415/2395 3747/1411/2395 3746/1410/2395
f 3743/1412/2396 3749/1412/2396 3748/1413/2396 3742/1413/2396
f 3746/1410/2397 3751/1410/2397 3752/1414/2397 3744/1414/2397
f 3751/1410/2398 3748/1413/2398 3749/1412/2398 3750/1411/2398
f 3752/1414/2398 3751/1410/2398 3750/1411/2398 3753/1415/2398
f 3745/1415/2399 3753/1415/2399 3750/1411/2399 3747/1411/2399
f 3747/1411/2400 3750/1411/2400 3749/1412/2400 3743/1412/2400
f 3742/1413/2397 3748/1413/2397 3751/1410/2397 3746/1410/2397
f 3744/1414/2401 3752/1414/2401 3753/1415/2401 3745/1415/2401
o House.109
v 53.495693 0.667816 51.758881
v 53.495693 5.508625 51.758881
v 60.096565 0.667816 47.239094
v 60.096565 5.508625 47.239094
v 56.796127 0.667816 49.498989
v 56.796127 8.667816 49.498989
v 47.315735 0.667816 42.805271
v 47.315735 5.508625 42.805271
v 50.616173 8.667816 40.545380
v 50.616173 0.667816 40.545380
v 53.916611 0.667816 38.285488
v 53.916611 5.508625 38.285488
vn 0.5650 -0.0000 0.8251
vn -0.8230 -0.0000 0.5680
vn -0.0000 -1.0000 -0.0000
vn -0.5650 -0.0000 -0.8251
vn 0.5101 0.7848 -0.3521
vn -0.5101 0.7848 0.3521
vn 0.8230 -0.0000 -0.5680
vt 0.375000 0.625000
vt 0.625000 0.625000
vt 0.625000 0.750000
vt 0.375000 0.750000
vt 0.375000 0.500000
vt 0.625000 0.500000
s 0
f 3758/1416/2402 3759/1417/2402 3755/1418/2402 3754/1419/2402
f 3756/1420/2402 3757/1421/2402 3759/1417/2402 3758/1416/2402
f 3755/1418/2403 3761/1418/2403 3760/1419/2403 3754/1419/2403
f 3758/1416/2404 3763/1416/2404 3764/1420/2404 3756/1420/2404
f 3763/1416/2405 3760/1419/2405 3761/1418/2405 3762/1417/2405
f 3764/1420/2405 3763/1416/2405 3762/1417/2405 3765/1421/2405
f 3757/1421/2406 3765/1421/2406 3762/1417/2406 3759/1417/2406
f 3759/1417/2407 3762/1417/2407 3761/1418/2407 3755/1418/2407
f 3754/1419/2404 3760/1419/2404 3763/1416/2404 3758/1416/2404
f 3756/1420/2408 3764/1420/2408 3765/1421/2408 3757/1421/2408
o House.110
v 58.683384 0.667816 45.956711
v 58.683384 5.508625 45.956711
v 65.450378 0.667816 41.689655
v 65.450378 5.508625 41.689655
v 62.066883 0.667816 43.823185
v 62.066883 8.667816 43.823181
v 53.629150 0.667816 37.941360
v 53.629150 5.508625 37.941360
v 57.012646 8.667816 35.807831
v 57.012646 0.667816 35.807831
v 60.396145 0.667816 33.674301
v 60.396145 5.508625 33.674301
vn 0.5334 -0.0000 0.8459
vn -0.8459 -0.0000 0.5334
vn -0.0000 -1.0000 -0.0000
vn -0.5334 -0.0000 -0.8459
vn 0.5243 0.7848 -0.3306
vn -0.5243 0.7848 0.3306
vn 0.8459 -0.0000 -0.5334
vt 0.375000 0.625000
vt 0.625000 0.625000
vt 0.625000 0.750000
vt 0.375000 0.750000
vt 0.375000 0.500000
vt 0.625000 0.500000
s 0
f 3770/1422/2409 3771/1423/2409 3767/1424/2409 3766/1425/2409
f 3768/1426/2409 3769/1427/2409 3771/1423/2409 3770/1422/2409
f 3767/1424/2410 3773/1424/2410 3772/1425/2410 3766/1425/2410
f 3770/1422/2411 3775/1422/2411 3776/1426/2411 3768/1426/2411
f 3775/1422/2412 3772/1425/2412 3773/1424/2412 3774/1423/2412
f 3776/1426/2412 3775/1422/2412 3774/1423/2412 3777/1427/2412
f 3769/1427/2413 3777/1427/2413 3774/1423/2413 3771/1423/2413
f 3771/1423/2414 3774/1423/2414 3773/1424/2414 3767/1424/2414
f 3766/1425/2411 3772/1425/2411 3775/1422/2411 3770/1422/2411
f 3768/1426/2415 3776/1426/2415 3777/1427/2415 3769/1427/2415
o House.111
v 61.642139 0.667816 55.953091
v 61.642139 5.508625 55.953091
v 68.243011 0.667816 51.433304
v 68.243011 5.508625 51.433304
v 64.942574 0.667816 53.693199
v 64.942574 8.667816 53.693199
v 55.462181 0.667816 46.999481
v 55.462181 5.508625 46.999481
v 58.762619 8.667816 44.739590
v 58.762619 0.667816 44.739590
v 62.063057 0.667816 42.479698
v 62.063057 5.508625 42.479698
vn 0.5650 -0.0000 0.8251
vn -0.8230 -0.0000 0.5680
vn -0.0000 -1.0000 -0.0000
vn -0.5650 -0.0000 -0.8251
vn 0.5101 0.7848 -0.3521
vn -0.5101 0.7848 0.3521
vn 0.8230 -0.0000 -0.5680
vt 0.375000 0.625000
vt 0.625000 0.625000
vt 0.625000 0.750000
vt 0.375000 0.750000
vt 0.375000 0.500000
vt 0.625000 0.500000
s 0
f 3782/1428/2416 3783/1429/2416 3779/1430/2416 3778/1431/2416
f 3780/1432/2416 3781/1433/2416 3783/1429/2416 3782/1428/2416
f 3779/1430/2417 3785/1430/2417 3784/1431/2417 3778/1431/2417
f 3782/1428/2418 3787/1428/2418 3788/1432/2418 3780/1432/2418
f 3787/1428/2419 3784/1431/2419 3785/1430/2419 3786/1429/2419
f 3788/1432/2419 3787/1428/2419 3786/1429/2419 3789/1433/2419
f 3781/1433/2420 3789/1433/2420 3786/1429/2420 3783/1429/2420
f 3783/1429/2421 3786/1429/2421 3785/1430/2421 3779/1430/2421
f 3778/1431/2418 3784/1431/2418 3787/1428/2418 3782/1428/2418
f 3780/1432/2422 3788/1432/2422 3789/1433/2422 3781/1433/2422
o House.112
v 25.442678 0.667816 77.436951
v 25.442678 5.508625 77.436951
v 36.291527 0.667816 71.517761
v 36.291527 5.508625 71.517761
v 30.867102 0.667816 74.477356
v 30.867102 8.667816 74.477356
v 18.019995 0.667816 64.839569
v 18.019995 5.508625 64.839569
v 23.444420 8.667816 61.879978
v 23.444418 0.667816 61.879978
v 28.868843 0.667816 58.920387
v 28.868843 5.508625 58.920387
vn 0.4790 -0.0000 0.8778
vn -0.8616 -0.0000 0.5077
vn -0.0000 -1.0000 -0.0000
vn -0.4790 -0.0000 -0.8778
vn 0.3924 0.8903 -0.2312
vn -0.3924 0.8903 0.2312
vn 0.8616 -0.0000 -0.5077
vt 0.375000 0.625000
vt 0.625000 0.625000
vt 0.625000 0.750000
vt 0.375000 0.750000
vt 0.375000 0.500000
vt 0.625000 0.500000
s 0
f 3794/1434/2423 3795/1435/2423 3791/1436/2423 3790/1437/2423
f 3792/1438/2423 3793/1439/2423 3795/1435/2423 3794/1434/2423
f 3791/1436/2424 3797/1436/2424 3796/1437/2424 3790/1437/2424
f 3794/1434/2425 3799/1434/2425 3800/1438/2425 3792/1438/2425
f 3799/1434/2426 3796/1437/2426 3797/1436/2426 3798/1435/2426
f 3800/1438/2426 3799/1434/2426 3798/1435/2426 3801/1439/2426
f 3793/1439/2427 3801/1439/2427 3798/1435/2427 3795/1435/2427
f 3795/1435/2428 3798/1435/2428 3797/1436/2428 3791/1436/2428
f 3790/1437/2425 3796/1437/2425 3799/1434/2425 3794/1434/2425
f 3792/1438/2429 3800/1438/2429 3801/1439/2429 3793/1439/2429
o House.113
v 62.819588 0.667816 31.866703
v 62.819588 5.508625 31.866703
v 67.008011 0.667816 38.682648
v 67.008011 5.508625 38.682648
v 64.913803 0.667816 35.274677
v 64.913803 8.667816 35.274677
v 70.892921 0.667816 26.905609
v 70.892921 5.508625 26.905609
v 72.987137 8.667816 30.313583
v 72.987137 0.667816 30.313583
v 75.081345 0.667816 33.721554
v 75.081345 5.508625 33.721554
vn -0.8520 -0.0000 0.5236
vn -0.5236 -0.0000 -0.8520
vn -0.0000 -1.0000 -0.0000
vn 0.8520 -0.0000 -0.5236
vn 0.3245 0.7848 0.5281
vn -0.3245 0.7848 -0.5281
vn 0.5236 -0.0000 0.8520
vt 0.375000 0.625000
vt 0.625000 0.625000
vt 0.625000 0.750000
vt 0.375000 0.750000
vt 0.375000 0.500000
vt 0.625000 0.500000
s 0
f 3806/1440/2430 3807/1441/2430 3803/1442/2430 3802/1443/2430
f 3804/1444/2430 3805/1445/2430 3807/1441/2430 3806/1440/2430
f 3803/1442/2431 3809/1442/2431 3808/1443/2431 3802/1443/2431
f 3806/1440/2432 3811/1440/2432 3812/1444/2432 3804/1444/2432
f 3811/1440/2433 3808/1443/2433 3809/1442/2433 3810/1441/2433
f 3812/1444/2433 3811/1440/2433 3810/1441/2433 3813/1445/2433
f 3805/1445/2434 3813/1445/2434 3810/1441/2434 3807/1441/2434
f 3807/1441/2435 3810/1441/2435 3809/1442/2435 3803/1442/2435
f 3802/1443/2432 3808/1443/2432 3811/1440/2432 3806/1440/2432
f 3804/1444/2436 3812/1444/2436 3813/1445/2436 3805/1445/2436
o House.114
v 70.202621 0.667816 26.948351
v 70.202621 6.397960 26.948351
v 74.747276 0.667816 34.344006
v 74.747276 6.397960 34.344006
v 72.474945 0.667816 30.646177
v 72.474945 9.557150 30.646179
v 78.962608 0.667816 21.565306
v 78.962608 6.397960 21.565306
v 81.234932 9.557150 25.263134
v 81.234932 0.667816 25.263134
v 83.507263 0.667816 28.960960
v 83.507263 6.397960 28.960960
vn -0.8520 -0.0000 0.5236
vn -0.5236 -0.0000 -0.8520
vn -0.0000 -1.0000 -0.0000
vn 0.8520 -0.0000 -0.5236
vn 0.3081 0.8085 0.5014
vn -0.3081 0.8085 -0.5014
vn 0.5236 -0.0000 0.8520
vt 0.375000 0.625000
vt 0.625000 0.625000
vt 0.625000 0.750000
vt 0.375000 0.750000
vt 0.375000 0.500000
vt 0.625000 0.500000
s 0
f 3818/1446/2437 3819/1447/2437 3815/1448/2437 3814/1449/2437
f 3816/1450/2437 3817/1451/2437 3819/1447/2437 3818/1446/2437
f 3815/1448/2438 3821/1448/2438 3820/1449/2438 3814/1449/2438
f 3818/1446/2439 3823/1446/2439 3824/1450/2439 3816/1450/2439
f 3823/1446/2440 3820/1449/2440 3821/1448/2440 3822/1447/2440
f 3824/1450/2440 3823/1446/2440 3822/1447/2440 3825/1451/2440
f 3817/1451/2441 3825/1451/2441 3822/1447/2441 3819/1447/2441
f 3819/1447/2442 3822/1447/2442 3821/1448/2442 3815/1448/2442
f 3814/1449/2439 3820/1449/2439 3823/1446/2439 3818/1446/2439
f 3816/1450/2443 3824/1450/2443 3825/1451/2443 3817/1451/2443
o House.115
v 76.150337 0.667816 37.011860
v 76.150337 5.508625 37.011860
v 69.410812 0.667816 41.322182
v 69.410812 5.508625 41.322182
v 72.780571 0.667816 39.167023
v 72.780571 8.667816 39.167023
v 81.255814 0.667816 44.994671
v 81.255814 5.508625 44.994671
v 77.886055 8.667816 47.149834
v 77.886055 0.667816 47.149834
v 74.516289 0.667816 49.304993
v 74.516289 5.508625 49.304993
vn -0.5388 -0.0000 -0.8424
vn 0.8424 -0.0000 -0.5388
vn -0.0000 -1.0000 -0.0000
vn 0.5388 -0.0000 0.8424
vn -0.5221 0.7848 0.3339
vn 0.5221 0.7848 -0.3339
vn -0.8424 -0.0000 0.5388
vt 0.375000 0.625000
vt 0.625000 0.625000
vt 0.625000 0.750000
vt 0.375000 0.750000
vt 0.375000 0.500000
vt 0.625000 0.500000
s 0
f 3830/1452/2444 3831/1453/2444 3827/1454/2444 3826/1455/2444
f 3828/1456/2444 3829/1457/2444 3831/1453/2444 3830/1452/2444
f 3827/1454/2445 3833/1454/2445 3832/1455/2445 3826/1455/2445
f 3830/1452/2446 3835/1452/2446 3836/1456/2446 3828/1456/2446
f 3835/1452/2447 3832/1455/2447 3833/1454/2447 3834/1453/2447
f 3836/1456/2447 3835/1452/2447 3834/1453/2447 3837/1457/2447
f 3829/1457/2448 3837/1457/2448 3834/1453/2448 3831/1453/2448
f 3831/1453/2449 3834/1453/2449 3833/1454/2449 3827/1454/2449
f 3826/1455/2446 3832/1455/2446 3835/1452/2446 3830/1452/2446
f 3828/1456/2450 3836/1456/2450 3837/1457/2450 3829/1457/2450
